DATAFLOW,LAST UPDATE,freq,indic_is,ind_type,unit,geo,TIME_PERIOD,OBS_VALUE,OBS_FLAG,CONF_STATUS
ESTAT:ISOC_EC_IBUY(1.0),16/06/24 23:00:00,Annual,Last online purchase: in the last 3 months,All individuals,Percentage of individuals,Albania,2018,3.39,,
ESTAT:ISOC_EC_IBUY(1.0),16/06/24 23:00:00,Annual,Last online purchase: in the last 3 months,All individuals,Percentage of individuals,Albania,2019,5.21,,
ESTAT:ISOC_EC_IBUY(1.0),16/06/24 23:00:00,Annual,Last online purchase: in the last 3 months,All individuals,Percentage of individuals,Austria,2010,31.71,,
ESTAT:ISOC_EC_IBUY(1.0),16/06/24 23:00:00,Annual,Last online purchase: in the last 3 months,All individuals,Percentage of individuals,Austria,2011,35.21,,
ESTAT:ISOC_EC_IBUY(1.0),16/06/24 23:00:00,Annual,Last online purchase: in the last 3 months,All individuals,Percentage of individuals,Austria,2012,38.81,,
ESTAT:ISOC_EC_IBUY(1.0),16/06/24 23:00:00,Annual,Last online purchase: in the last 3 months,All individuals,Percentage of individuals,Austria,2013,45.75,,
ESTAT:ISOC_EC_IBUY(1.0),16/06/24 23:00:00,Annual,Last online purchase: in the last 3 months,All individuals,Percentage of individuals,Austria,2014,43.39,,
ESTAT:ISOC_EC_IBUY(1.0),16/06/24 23:00:00,Annual,Last online purchase: in the last 3 months,All individuals,Percentage of individuals,Austria,2015,46.35,,
ESTAT:ISOC_EC_IBUY(1.0),16/06/24 23:00:00,Annual,Last online purchase: in the last 3 months,All individuals,Percentage of individuals,Austria,2016,47.67,,
ESTAT:ISOC_EC_IBUY(1.0),16/06/24 23:00:00,Annual,Last online purchase: in the last 3 months,All individuals,Percentage of individuals,Austria,2017,53.17,,
ESTAT:ISOC_EC_IBUY(1.0),16/06/24 23:00:00,Annual,Last online purchase: in the last 3 months,All individuals,Percentage of individuals,Austria,2018,52.67,,
ESTAT:ISOC_EC_IBUY(1.0),16/06/24 23:00:00,Annual,Last online purchase: in the last 3 months,All individuals,Percentage of individuals,Austria,2019,54.43,,
ESTAT:ISOC_EC_IBUY(1.0),16/06/24 23:00:00,Annual,Last online purchase: in the last 3 months,All individuals,Percentage of individuals,Bosnia and Herzegovina,2018,13.73,,
ESTAT:ISOC_EC_IBUY(1.0),16/06/24 23:00:00,Annual,Last online purchase: in the last 3 months,All individuals,Percentage of individuals,Bosnia and Herzegovina,2019,18.08,,
ESTAT:ISOC_EC_IBUY(1.0),16/06/24 23:00:00,Annual,Last online purchase: in the last 3 months,All individuals,Percentage of individuals,Belgium,2010,26.89,,
ESTAT:ISOC_EC_IBUY(1.0),16/06/24 23:00:00,Annual,Last online purchase: in the last 3 months,All individuals,Percentage of individuals,Belgium,2011,31.05,,
ESTAT:ISOC_EC_IBUY(1.0),16/06/24 23:00:00,Annual,Last online purchase: in the last 3 months,All individuals,Percentage of individuals,Belgium,2012,32.94,,
ESTAT:ISOC_EC_IBUY(1.0),16/06/24 23:00:00,Annual,Last online purchase: in the last 3 months,All individuals,Percentage of individuals,Belgium,2013,35.75,,
ESTAT:ISOC_EC_IBUY(1.0),16/06/24 23:00:00,Annual,Last online purchase: in the last 3 months,All individuals,Percentage of individuals,Belgium,2014,40.92,,
ESTAT:ISOC_EC_IBUY(1.0),16/06/24 23:00:00,Annual,Last online purchase: in the last 3 months,All individuals,Percentage of individuals,Belgium,2015,42.27,,
ESTAT:ISOC_EC_IBUY(1.0),16/06/24 23:00:00,Annual,Last online purchase: in the last 3 months,All individuals,Percentage of individuals,Belgium,2016,46.35,,
ESTAT:ISOC_EC_IBUY(1.0),16/06/24 23:00:00,Annual,Last online purchase: in the last 3 months,All individuals,Percentage of individuals,Belgium,2017,48.55,,
ESTAT:ISOC_EC_IBUY(1.0),16/06/24 23:00:00,Annual,Last online purchase: in the last 3 months,All individuals,Percentage of individuals,Belgium,2018,49.02,,
ESTAT:ISOC_EC_IBUY(1.0),16/06/24 23:00:00,Annual,Last online purchase: in the last 3 months,All individuals,Percentage of individuals,Belgium,2019,54.61,,
ESTAT:ISOC_EC_IBUY(1.0),16/06/24 23:00:00,Annual,Last online purchase: in the last 3 months,All individuals,Percentage of individuals,Bulgaria,2010,3.24,,
ESTAT:ISOC_EC_IBUY(1.0),16/06/24 23:00:00,Annual,Last online purchase: in the last 3 months,All individuals,Percentage of individuals,Bulgaria,2011,4.56,,
ESTAT:ISOC_EC_IBUY(1.0),16/06/24 23:00:00,Annual,Last online purchase: in the last 3 months,All individuals,Percentage of individuals,Bulgaria,2012,5.57,,
ESTAT:ISOC_EC_IBUY(1.0),16/06/24 23:00:00,Annual,Last online purchase: in the last 3 months,All individuals,Percentage of individuals,Bulgaria,2013,7.80,,
ESTAT:ISOC_EC_IBUY(1.0),16/06/24 23:00:00,Annual,Last online purchase: in the last 3 months,All individuals,Percentage of individuals,Bulgaria,2014,10.03,,
ESTAT:ISOC_EC_IBUY(1.0),16/06/24 23:00:00,Annual,Last online purchase: in the last 3 months,All individuals,Percentage of individuals,Bulgaria,2015,11.79,,
ESTAT:ISOC_EC_IBUY(1.0),16/06/24 23:00:00,Annual,Last online purchase: in the last 3 months,All individuals,Percentage of individuals,Bulgaria,2016,11.23,,
ESTAT:ISOC_EC_IBUY(1.0),16/06/24 23:00:00,Annual,Last online purchase: in the last 3 months,All individuals,Percentage of individuals,Bulgaria,2017,11.27,,
ESTAT:ISOC_EC_IBUY(1.0),16/06/24 23:00:00,Annual,Last online purchase: in the last 3 months,All individuals,Percentage of individuals,Bulgaria,2018,12.95,,
ESTAT:ISOC_EC_IBUY(1.0),16/06/24 23:00:00,Annual,Last online purchase: in the last 3 months,All individuals,Percentage of individuals,Bulgaria,2019,14.05,,
ESTAT:ISOC_EC_IBUY(1.0),16/06/24 23:00:00,Annual,Last online purchase: in the last 3 months,All individuals,Percentage of individuals,Switzerland,2014,61.53,,
ESTAT:ISOC_EC_IBUY(1.0),16/06/24 23:00:00,Annual,Last online purchase: in the last 3 months,All individuals,Percentage of individuals,Switzerland,2017,72.27,b,
ESTAT:ISOC_EC_IBUY(1.0),16/06/24 23:00:00,Annual,Last online purchase: in the last 3 months,All individuals,Percentage of individuals,Switzerland,2019,74.61,,
ESTAT:ISOC_EC_IBUY(1.0),16/06/24 23:00:00,Annual,Last online purchase: in the last 3 months,All individuals,Percentage of individuals,Cyprus,2010,14.09,,
ESTAT:ISOC_EC_IBUY(1.0),16/06/24 23:00:00,Annual,Last online purchase: in the last 3 months,All individuals,Percentage of individuals,Cyprus,2011,15.70,,
ESTAT:ISOC_EC_IBUY(1.0),16/06/24 23:00:00,Annual,Last online purchase: in the last 3 months,All individuals,Percentage of individuals,Cyprus,2012,17.22,,
ESTAT:ISOC_EC_IBUY(1.0),16/06/24 23:00:00,Annual,Last online purchase: in the last 3 months,All individuals,Percentage of individuals,Cyprus,2013,19.85,,
ESTAT:ISOC_EC_IBUY(1.0),16/06/24 23:00:00,Annual,Last online purchase: in the last 3 months,All individuals,Percentage of individuals,Cyprus,2014,23.06,,
ESTAT:ISOC_EC_IBUY(1.0),16/06/24 23:00:00,Annual,Last online purchase: in the last 3 months,All individuals,Percentage of individuals,Cyprus,2015,18.64,,
ESTAT:ISOC_EC_IBUY(1.0),16/06/24 23:00:00,Annual,Last online purchase: in the last 3 months,All individuals,Percentage of individuals,Cyprus,2016,22.14,,
ESTAT:ISOC_EC_IBUY(1.0),16/06/24 23:00:00,Annual,Last online purchase: in the last 3 months,All individuals,Percentage of individuals,Cyprus,2017,24.43,,
ESTAT:ISOC_EC_IBUY(1.0),16/06/24 23:00:00,Annual,Last online purchase: in the last 3 months,All individuals,Percentage of individuals,Cyprus,2018,19.70,,
ESTAT:ISOC_EC_IBUY(1.0),16/06/24 23:00:00,Annual,Last online purchase: in the last 3 months,All individuals,Percentage of individuals,Cyprus,2019,31.13,,
ESTAT:ISOC_EC_IBUY(1.0),16/06/24 23:00:00,Annual,Last online purchase: in the last 3 months,All individuals,Percentage of individuals,Czechia,2010,14.66,,
ESTAT:ISOC_EC_IBUY(1.0),16/06/24 23:00:00,Annual,Last online purchase: in the last 3 months,All individuals,Percentage of individuals,Czechia,2011,16.02,,
ESTAT:ISOC_EC_IBUY(1.0),16/06/24 23:00:00,Annual,Last online purchase: in the last 3 months,All individuals,Percentage of individuals,Czechia,2012,17.74,,
ESTAT:ISOC_EC_IBUY(1.0),16/06/24 23:00:00,Annual,Last online purchase: in the last 3 months,All individuals,Percentage of individuals,Czechia,2013,21.48,,
ESTAT:ISOC_EC_IBUY(1.0),16/06/24 23:00:00,Annual,Last online purchase: in the last 3 months,All individuals,Percentage of individuals,Czechia,2014,25.34,,
ESTAT:ISOC_EC_IBUY(1.0),16/06/24 23:00:00,Annual,Last online purchase: in the last 3 months,All individuals,Percentage of individuals,Czechia,2015,26.07,,
ESTAT:ISOC_EC_IBUY(1.0),16/06/24 23:00:00,Annual,Last online purchase: in the last 3 months,All individuals,Percentage of individuals,Czechia,2016,29.00,,
ESTAT:ISOC_EC_IBUY(1.0),16/06/24 23:00:00,Annual,Last online purchase: in the last 3 months,All individuals,Percentage of individuals,Czechia,2017,34.10,,
ESTAT:ISOC_EC_IBUY(1.0),16/06/24 23:00:00,Annual,Last online purchase: in the last 3 months,All individuals,Percentage of individuals,Czechia,2018,37.36,,
ESTAT:ISOC_EC_IBUY(1.0),16/06/24 23:00:00,Annual,Last online purchase: in the last 3 months,All individuals,Percentage of individuals,Czechia,2019,42.56,,
ESTAT:ISOC_EC_IBUY(1.0),16/06/24 23:00:00,Annual,Last online purchase: in the last 3 months,All individuals,Percentage of individuals,Germany,2010,48.32,,
ESTAT:ISOC_EC_IBUY(1.0),16/06/24 23:00:00,Annual,Last online purchase: in the last 3 months,All individuals,Percentage of individuals,Germany,2011,53.64,,
ESTAT:ISOC_EC_IBUY(1.0),16/06/24 23:00:00,Annual,Last online purchase: in the last 3 months,All individuals,Percentage of individuals,Germany,2012,55.45,,
ESTAT:ISOC_EC_IBUY(1.0),16/06/24 23:00:00,Annual,Last online purchase: in the last 3 months,All individuals,Percentage of individuals,Germany,2013,59.77,,
ESTAT:ISOC_EC_IBUY(1.0),16/06/24 23:00:00,Annual,Last online purchase: in the last 3 months,All individuals,Percentage of individuals,Germany,2014,61.35,,
ESTAT:ISOC_EC_IBUY(1.0),16/06/24 23:00:00,Annual,Last online purchase: in the last 3 months,All individuals,Percentage of individuals,Germany,2015,63.84,,
ESTAT:ISOC_EC_IBUY(1.0),16/06/24 23:00:00,Annual,Last online purchase: in the last 3 months,All individuals,Percentage of individuals,Germany,2016,64.40,,
ESTAT:ISOC_EC_IBUY(1.0),16/06/24 23:00:00,Annual,Last online purchase: in the last 3 months,All individuals,Percentage of individuals,Germany,2017,66.30,,
ESTAT:ISOC_EC_IBUY(1.0),16/06/24 23:00:00,Annual,Last online purchase: in the last 3 months,All individuals,Percentage of individuals,Germany,2018,67.85,,
ESTAT:ISOC_EC_IBUY(1.0),16/06/24 23:00:00,Annual,Last online purchase: in the last 3 months,All individuals,Percentage of individuals,Germany,2019,71.01,,
ESTAT:ISOC_EC_IBUY(1.0),16/06/24 23:00:00,Annual,Last online purchase: in the last 3 months,All individuals,Percentage of individuals,Denmark,2010,53.97,,
ESTAT:ISOC_EC_IBUY(1.0),16/06/24 23:00:00,Annual,Last online purchase: in the last 3 months,All individuals,Percentage of individuals,Denmark,2011,57.26,,
ESTAT:ISOC_EC_IBUY(1.0),16/06/24 23:00:00,Annual,Last online purchase: in the last 3 months,All individuals,Percentage of individuals,Denmark,2012,60.41,,
ESTAT:ISOC_EC_IBUY(1.0),16/06/24 23:00:00,Annual,Last online purchase: in the last 3 months,All individuals,Percentage of individuals,Denmark,2013,65.00,,
ESTAT:ISOC_EC_IBUY(1.0),16/06/24 23:00:00,Annual,Last online purchase: in the last 3 months,All individuals,Percentage of individuals,Denmark,2014,66.40,,
ESTAT:ISOC_EC_IBUY(1.0),16/06/24 23:00:00,Annual,Last online purchase: in the last 3 months,All individuals,Percentage of individuals,Denmark,2015,67.34,,
ESTAT:ISOC_EC_IBUY(1.0),16/06/24 23:00:00,Annual,Last online purchase: in the last 3 months,All individuals,Percentage of individuals,Denmark,2016,71.12,,
ESTAT:ISOC_EC_IBUY(1.0),16/06/24 23:00:00,Annual,Last online purchase: in the last 3 months,All individuals,Percentage of individuals,Denmark,2017,68.82,,
ESTAT:ISOC_EC_IBUY(1.0),16/06/24 23:00:00,Annual,Last online purchase: in the last 3 months,All individuals,Percentage of individuals,Denmark,2018,73.04,,
ESTAT:ISOC_EC_IBUY(1.0),16/06/24 23:00:00,Annual,Last online purchase: in the last 3 months,All individuals,Percentage of individuals,Denmark,2019,73.89,,
ESTAT:ISOC_EC_IBUY(1.0),16/06/24 23:00:00,Annual,Last online purchase: in the last 3 months,All individuals,Percentage of individuals,"Euro area (EA11-1999, EA12-2001, EA13-2007, EA15-2008, EA16-2009, EA17-2011, EA18-2014, EA19-2015, EA20-2023)",2010,30.47,,
ESTAT:ISOC_EC_IBUY(1.0),16/06/24 23:00:00,Annual,Last online purchase: in the last 3 months,All individuals,Percentage of individuals,"Euro area (EA11-1999, EA12-2001, EA13-2007, EA15-2008, EA16-2009, EA17-2011, EA18-2014, EA19-2015, EA20-2023)",2011,32.83,,
ESTAT:ISOC_EC_IBUY(1.0),16/06/24 23:00:00,Annual,Last online purchase: in the last 3 months,All individuals,Percentage of individuals,"Euro area (EA11-1999, EA12-2001, EA13-2007, EA15-2008, EA16-2009, EA17-2011, EA18-2014, EA19-2015, EA20-2023)",2012,34.67,,
ESTAT:ISOC_EC_IBUY(1.0),16/06/24 23:00:00,Annual,Last online purchase: in the last 3 months,All individuals,Percentage of individuals,"Euro area (EA11-1999, EA12-2001, EA13-2007, EA15-2008, EA16-2009, EA17-2011, EA18-2014, EA19-2015, EA20-2023)",2013,37.43,,
ESTAT:ISOC_EC_IBUY(1.0),16/06/24 23:00:00,Annual,Last online purchase: in the last 3 months,All individuals,Percentage of individuals,"Euro area (EA11-1999, EA12-2001, EA13-2007, EA15-2008, EA16-2009, EA17-2011, EA18-2014, EA19-2015, EA20-2023)",2014,40.16,,
ESTAT:ISOC_EC_IBUY(1.0),16/06/24 23:00:00,Annual,Last online purchase: in the last 3 months,All individuals,Percentage of individuals,"Euro area (EA11-1999, EA12-2001, EA13-2007, EA15-2008, EA16-2009, EA17-2011, EA18-2014, EA19-2015, EA20-2023)",2015,42.48,,
ESTAT:ISOC_EC_IBUY(1.0),16/06/24 23:00:00,Annual,Last online purchase: in the last 3 months,All individuals,Percentage of individuals,"Euro area (EA11-1999, EA12-2001, EA13-2007, EA15-2008, EA16-2009, EA17-2011, EA18-2014, EA19-2015, EA20-2023)",2016,44.39,,
ESTAT:ISOC_EC_IBUY(1.0),16/06/24 23:00:00,Annual,Last online purchase: in the last 3 months,All individuals,Percentage of individuals,"Euro area (EA11-1999, EA12-2001, EA13-2007, EA15-2008, EA16-2009, EA17-2011, EA18-2014, EA19-2015, EA20-2023)",2017,47.54,,
ESTAT:ISOC_EC_IBUY(1.0),16/06/24 23:00:00,Annual,Last online purchase: in the last 3 months,All individuals,Percentage of individuals,"Euro area (EA11-1999, EA12-2001, EA13-2007, EA15-2008, EA16-2009, EA17-2011, EA18-2014, EA19-2015, EA20-2023)",2018,49.44,,
ESTAT:ISOC_EC_IBUY(1.0),16/06/24 23:00:00,Annual,Last online purchase: in the last 3 months,All individuals,Percentage of individuals,"Euro area (EA11-1999, EA12-2001, EA13-2007, EA15-2008, EA16-2009, EA17-2011, EA18-2014, EA19-2015, EA20-2023)",2019,52.33,,
ESTAT:ISOC_EC_IBUY(1.0),16/06/24 23:00:00,Annual,Last online purchase: in the last 3 months,All individuals,Percentage of individuals,Estonia,2010,13.26,,
ESTAT:ISOC_EC_IBUY(1.0),16/06/24 23:00:00,Annual,Last online purchase: in the last 3 months,All individuals,Percentage of individuals,Estonia,2011,15.56,,
ESTAT:ISOC_EC_IBUY(1.0),16/06/24 23:00:00,Annual,Last online purchase: in the last 3 months,All individuals,Percentage of individuals,Estonia,2012,16.64,,
ESTAT:ISOC_EC_IBUY(1.0),16/06/24 23:00:00,Annual,Last online purchase: in the last 3 months,All individuals,Percentage of individuals,Estonia,2013,16.31,,
ESTAT:ISOC_EC_IBUY(1.0),16/06/24 23:00:00,Annual,Last online purchase: in the last 3 months,All individuals,Percentage of individuals,Estonia,2014,36.93,b,
ESTAT:ISOC_EC_IBUY(1.0),16/06/24 23:00:00,Annual,Last online purchase: in the last 3 months,All individuals,Percentage of individuals,Estonia,2015,45.84,,
ESTAT:ISOC_EC_IBUY(1.0),16/06/24 23:00:00,Annual,Last online purchase: in the last 3 months,All individuals,Percentage of individuals,Estonia,2016,45.03,,
ESTAT:ISOC_EC_IBUY(1.0),16/06/24 23:00:00,Annual,Last online purchase: in the last 3 months,All individuals,Percentage of individuals,Estonia,2017,46.15,,
ESTAT:ISOC_EC_IBUY(1.0),16/06/24 23:00:00,Annual,Last online purchase: in the last 3 months,All individuals,Percentage of individuals,Estonia,2018,50.60,,
ESTAT:ISOC_EC_IBUY(1.0),16/06/24 23:00:00,Annual,Last online purchase: in the last 3 months,All individuals,Percentage of individuals,Estonia,2019,56.30,,
ESTAT:ISOC_EC_IBUY(1.0),16/06/24 23:00:00,Annual,Last online purchase: in the last 3 months,All individuals,Percentage of individuals,Greece,2010,8.74,,
ESTAT:ISOC_EC_IBUY(1.0),16/06/24 23:00:00,Annual,Last online purchase: in the last 3 months,All individuals,Percentage of individuals,Greece,2011,13.03,,
ESTAT:ISOC_EC_IBUY(1.0),16/06/24 23:00:00,Annual,Last online purchase: in the last 3 months,All individuals,Percentage of individuals,Greece,2012,15.59,,
ESTAT:ISOC_EC_IBUY(1.0),16/06/24 23:00:00,Annual,Last online purchase: in the last 3 months,All individuals,Percentage of individuals,Greece,2013,17.18,,
ESTAT:ISOC_EC_IBUY(1.0),16/06/24 23:00:00,Annual,Last online purchase: in the last 3 months,All individuals,Percentage of individuals,Greece,2014,19.81,,
ESTAT:ISOC_EC_IBUY(1.0),16/06/24 23:00:00,Annual,Last online purchase: in the last 3 months,All individuals,Percentage of individuals,Greece,2015,23.69,,
ESTAT:ISOC_EC_IBUY(1.0),16/06/24 23:00:00,Annual,Last online purchase: in the last 3 months,All individuals,Percentage of individuals,Greece,2016,23.44,,
ESTAT:ISOC_EC_IBUY(1.0),16/06/24 23:00:00,Annual,Last online purchase: in the last 3 months,All individuals,Percentage of individuals,Greece,2017,26.11,,
ESTAT:ISOC_EC_IBUY(1.0),16/06/24 23:00:00,Annual,Last online purchase: in the last 3 months,All individuals,Percentage of individuals,Greece,2018,30.13,,
ESTAT:ISOC_EC_IBUY(1.0),16/06/24 23:00:00,Annual,Last online purchase: in the last 3 months,All individuals,Percentage of individuals,Greece,2019,32.43,,
ESTAT:ISOC_EC_IBUY(1.0),16/06/24 23:00:00,Annual,Last online purchase: in the last 3 months,All individuals,Percentage of individuals,Spain,2010,16.95,,
ESTAT:ISOC_EC_IBUY(1.0),16/06/24 23:00:00,Annual,Last online purchase: in the last 3 months,All individuals,Percentage of individuals,Spain,2011,18.65,,
ESTAT:ISOC_EC_IBUY(1.0),16/06/24 23:00:00,Annual,Last online purchase: in the last 3 months,All individuals,Percentage of individuals,Spain,2012,21.72,,
ESTAT:ISOC_EC_IBUY(1.0),16/06/24 23:00:00,Annual,Last online purchase: in the last 3 months,All individuals,Percentage of individuals,Spain,2013,22.86,,
ESTAT:ISOC_EC_IBUY(1.0),16/06/24 23:00:00,Annual,Last online purchase: in the last 3 months,All individuals,Percentage of individuals,Spain,2014,27.53,,
ESTAT:ISOC_EC_IBUY(1.0),16/06/24 23:00:00,Annual,Last online purchase: in the last 3 months,All individuals,Percentage of individuals,Spain,2015,32.07,,
ESTAT:ISOC_EC_IBUY(1.0),16/06/24 23:00:00,Annual,Last online purchase: in the last 3 months,All individuals,Percentage of individuals,Spain,2016,34.90,,
ESTAT:ISOC_EC_IBUY(1.0),16/06/24 23:00:00,Annual,Last online purchase: in the last 3 months,All individuals,Percentage of individuals,Spain,2017,40.02,,
ESTAT:ISOC_EC_IBUY(1.0),16/06/24 23:00:00,Annual,Last online purchase: in the last 3 months,All individuals,Percentage of individuals,Spain,2018,43.46,,
ESTAT:ISOC_EC_IBUY(1.0),16/06/24 23:00:00,Annual,Last online purchase: in the last 3 months,All individuals,Percentage of individuals,Spain,2019,46.93,,
ESTAT:ISOC_EC_IBUY(1.0),16/06/24 23:00:00,Annual,Last online purchase: in the last 3 months,All individuals,Percentage of individuals,European Union - 15 countries (1995-2004),2010,36.10,,
ESTAT:ISOC_EC_IBUY(1.0),16/06/24 23:00:00,Annual,Last online purchase: in the last 3 months,All individuals,Percentage of individuals,European Union - 15 countries (1995-2004),2011,38.68,,
ESTAT:ISOC_EC_IBUY(1.0),16/06/24 23:00:00,Annual,Last online purchase: in the last 3 months,All individuals,Percentage of individuals,European Union - 15 countries (1995-2004),2012,40.36,,
ESTAT:ISOC_EC_IBUY(1.0),16/06/24 23:00:00,Annual,Last online purchase: in the last 3 months,All individuals,Percentage of individuals,European Union - 15 countries (1995-2004),2013,43.70,,
ESTAT:ISOC_EC_IBUY(1.0),16/06/24 23:00:00,Annual,Last online purchase: in the last 3 months,All individuals,Percentage of individuals,European Union - 15 countries (1995-2004),2014,46.49,,
ESTAT:ISOC_EC_IBUY(1.0),16/06/24 23:00:00,Annual,Last online purchase: in the last 3 months,All individuals,Percentage of individuals,European Union - 15 countries (1995-2004),2015,48.55,,
ESTAT:ISOC_EC_IBUY(1.0),16/06/24 23:00:00,Annual,Last online purchase: in the last 3 months,All individuals,Percentage of individuals,European Union - 15 countries (1995-2004),2016,50.92,,
ESTAT:ISOC_EC_IBUY(1.0),16/06/24 23:00:00,Annual,Last online purchase: in the last 3 months,All individuals,Percentage of individuals,European Union - 15 countries (1995-2004),2017,53.49,,
ESTAT:ISOC_EC_IBUY(1.0),16/06/24 23:00:00,Annual,Last online purchase: in the last 3 months,All individuals,Percentage of individuals,European Union - 15 countries (1995-2004),2018,54.89,,
ESTAT:ISOC_EC_IBUY(1.0),16/06/24 23:00:00,Annual,Last online purchase: in the last 3 months,All individuals,Percentage of individuals,European Union - 25 countries (2004-2006),2010,32.98,,
ESTAT:ISOC_EC_IBUY(1.0),16/06/24 23:00:00,Annual,Last online purchase: in the last 3 months,All individuals,Percentage of individuals,European Union - 27 countries (2007-2013),2010,31.13,,
ESTAT:ISOC_EC_IBUY(1.0),16/06/24 23:00:00,Annual,Last online purchase: in the last 3 months,All individuals,Percentage of individuals,European Union - 27 countries (2007-2013),2011,33.47,,
ESTAT:ISOC_EC_IBUY(1.0),16/06/24 23:00:00,Annual,Last online purchase: in the last 3 months,All individuals,Percentage of individuals,European Union - 27 countries (2007-2013),2012,35.04,,
ESTAT:ISOC_EC_IBUY(1.0),16/06/24 23:00:00,Annual,Last online purchase: in the last 3 months,All individuals,Percentage of individuals,European Union - 27 countries (2007-2013),2013,38.11,,
ESTAT:ISOC_EC_IBUY(1.0),16/06/24 23:00:00,Annual,Last online purchase: in the last 3 months,All individuals,Percentage of individuals,European Union - 27 countries (2007-2013),2014,40.89,,
ESTAT:ISOC_EC_IBUY(1.0),16/06/24 23:00:00,Annual,Last online purchase: in the last 3 months,All individuals,Percentage of individuals,European Union - 27 countries (2007-2013),2015,42.82,,
ESTAT:ISOC_EC_IBUY(1.0),16/06/24 23:00:00,Annual,Last online purchase: in the last 3 months,All individuals,Percentage of individuals,European Union - 27 countries (2007-2013),2016,45.52,,
ESTAT:ISOC_EC_IBUY(1.0),16/06/24 23:00:00,Annual,Last online purchase: in the last 3 months,All individuals,Percentage of individuals,European Union - 27 countries (2007-2013),2017,48.17,,
ESTAT:ISOC_EC_IBUY(1.0),16/06/24 23:00:00,Annual,Last online purchase: in the last 3 months,All individuals,Percentage of individuals,European Union - 27 countries (2007-2013),2018,49.89,,
ESTAT:ISOC_EC_IBUY(1.0),16/06/24 23:00:00,Annual,Last online purchase: in the last 3 months,All individuals,Percentage of individuals,European Union - 27 countries (from 2020),2010,26.94,,
ESTAT:ISOC_EC_IBUY(1.0),16/06/24 23:00:00,Annual,Last online purchase: in the last 3 months,All individuals,Percentage of individuals,European Union - 27 countries (from 2020),2011,29.12,,
ESTAT:ISOC_EC_IBUY(1.0),16/06/24 23:00:00,Annual,Last online purchase: in the last 3 months,All individuals,Percentage of individuals,European Union - 27 countries (from 2020),2012,30.86,,
ESTAT:ISOC_EC_IBUY(1.0),16/06/24 23:00:00,Annual,Last online purchase: in the last 3 months,All individuals,Percentage of individuals,European Union - 27 countries (from 2020),2013,33.46,,
ESTAT:ISOC_EC_IBUY(1.0),16/06/24 23:00:00,Annual,Last online purchase: in the last 3 months,All individuals,Percentage of individuals,European Union - 27 countries (from 2020),2014,36.24,,
ESTAT:ISOC_EC_IBUY(1.0),16/06/24 23:00:00,Annual,Last online purchase: in the last 3 months,All individuals,Percentage of individuals,European Union - 27 countries (from 2020),2015,38.33,,
ESTAT:ISOC_EC_IBUY(1.0),16/06/24 23:00:00,Annual,Last online purchase: in the last 3 months,All individuals,Percentage of individuals,European Union - 27 countries (from 2020),2016,40.71,,
ESTAT:ISOC_EC_IBUY(1.0),16/06/24 23:00:00,Annual,Last online purchase: in the last 3 months,All individuals,Percentage of individuals,European Union - 27 countries (from 2020),2017,43.65,,
ESTAT:ISOC_EC_IBUY(1.0),16/06/24 23:00:00,Annual,Last online purchase: in the last 3 months,All individuals,Percentage of individuals,European Union - 27 countries (from 2020),2018,45.79,,
ESTAT:ISOC_EC_IBUY(1.0),16/06/24 23:00:00,Annual,Last online purchase: in the last 3 months,All individuals,Percentage of individuals,European Union - 27 countries (from 2020),2019,48.97,,
ESTAT:ISOC_EC_IBUY(1.0),16/06/24 23:00:00,Annual,Last online purchase: in the last 3 months,All individuals,Percentage of individuals,European Union - 28 countries (2013-2020),2010,30.94,,
ESTAT:ISOC_EC_IBUY(1.0),16/06/24 23:00:00,Annual,Last online purchase: in the last 3 months,All individuals,Percentage of individuals,European Union - 28 countries (2013-2020),2011,33.27,,
ESTAT:ISOC_EC_IBUY(1.0),16/06/24 23:00:00,Annual,Last online purchase: in the last 3 months,All individuals,Percentage of individuals,European Union - 28 countries (2013-2020),2012,34.87,,
ESTAT:ISOC_EC_IBUY(1.0),16/06/24 23:00:00,Annual,Last online purchase: in the last 3 months,All individuals,Percentage of individuals,European Union - 28 countries (2013-2020),2013,37.94,,
ESTAT:ISOC_EC_IBUY(1.0),16/06/24 23:00:00,Annual,Last online purchase: in the last 3 months,All individuals,Percentage of individuals,European Union - 28 countries (2013-2020),2014,40.73,,
ESTAT:ISOC_EC_IBUY(1.0),16/06/24 23:00:00,Annual,Last online purchase: in the last 3 months,All individuals,Percentage of individuals,European Union - 28 countries (2013-2020),2015,42.68,,
ESTAT:ISOC_EC_IBUY(1.0),16/06/24 23:00:00,Annual,Last online purchase: in the last 3 months,All individuals,Percentage of individuals,European Union - 28 countries (2013-2020),2016,45.35,,
ESTAT:ISOC_EC_IBUY(1.0),16/06/24 23:00:00,Annual,Last online purchase: in the last 3 months,All individuals,Percentage of individuals,European Union - 28 countries (2013-2020),2017,47.94,,
ESTAT:ISOC_EC_IBUY(1.0),16/06/24 23:00:00,Annual,Last online purchase: in the last 3 months,All individuals,Percentage of individuals,European Union - 28 countries (2013-2020),2018,49.71,,
ESTAT:ISOC_EC_IBUY(1.0),16/06/24 23:00:00,Annual,Last online purchase: in the last 3 months,All individuals,Percentage of individuals,European Union - 28 countries (2013-2020),2019,52.92,,
ESTAT:ISOC_EC_IBUY(1.0),16/06/24 23:00:00,Annual,Last online purchase: in the last 3 months,All individuals,Percentage of individuals,Finland,2010,41.38,,
ESTAT:ISOC_EC_IBUY(1.0),16/06/24 23:00:00,Annual,Last online purchase: in the last 3 months,All individuals,Percentage of individuals,Finland,2011,45.40,,
ESTAT:ISOC_EC_IBUY(1.0),16/06/24 23:00:00,Annual,Last online purchase: in the last 3 months,All individuals,Percentage of individuals,Finland,2012,47.19,,
ESTAT:ISOC_EC_IBUY(1.0),16/06/24 23:00:00,Annual,Last online purchase: in the last 3 months,All individuals,Percentage of individuals,Finland,2013,48.61,,
ESTAT:ISOC_EC_IBUY(1.0),16/06/24 23:00:00,Annual,Last online purchase: in the last 3 months,All individuals,Percentage of individuals,Finland,2014,52.77,,
ESTAT:ISOC_EC_IBUY(1.0),16/06/24 23:00:00,Annual,Last online purchase: in the last 3 months,All individuals,Percentage of individuals,Finland,2015,49.27,,
ESTAT:ISOC_EC_IBUY(1.0),16/06/24 23:00:00,Annual,Last online purchase: in the last 3 months,All individuals,Percentage of individuals,Finland,2016,47.90,,
ESTAT:ISOC_EC_IBUY(1.0),16/06/24 23:00:00,Annual,Last online purchase: in the last 3 months,All individuals,Percentage of individuals,Finland,2017,57.51,,
ESTAT:ISOC_EC_IBUY(1.0),16/06/24 23:00:00,Annual,Last online purchase: in the last 3 months,All individuals,Percentage of individuals,Finland,2018,51.20,,
ESTAT:ISOC_EC_IBUY(1.0),16/06/24 23:00:00,Annual,Last online purchase: in the last 3 months,All individuals,Percentage of individuals,Finland,2019,55.23,,
ESTAT:ISOC_EC_IBUY(1.0),16/06/24 23:00:00,Annual,Last online purchase: in the last 3 months,All individuals,Percentage of individuals,France,2010,40.29,,
ESTAT:ISOC_EC_IBUY(1.0),16/06/24 23:00:00,Annual,Last online purchase: in the last 3 months,All individuals,Percentage of individuals,France,2011,40.13,,
ESTAT:ISOC_EC_IBUY(1.0),16/06/24 23:00:00,Annual,Last online purchase: in the last 3 months,All individuals,Percentage of individuals,France,2012,42.37,,
ESTAT:ISOC_EC_IBUY(1.0),16/06/24 23:00:00,Annual,Last online purchase: in the last 3 months,All individuals,Percentage of individuals,France,2013,44.28,,
ESTAT:ISOC_EC_IBUY(1.0),16/06/24 23:00:00,Annual,Last online purchase: in the last 3 months,All individuals,Percentage of individuals,France,2014,48.75,,
ESTAT:ISOC_EC_IBUY(1.0),16/06/24 23:00:00,Annual,Last online purchase: in the last 3 months,All individuals,Percentage of individuals,France,2015,49.43,,
ESTAT:ISOC_EC_IBUY(1.0),16/06/24 23:00:00,Annual,Last online purchase: in the last 3 months,All individuals,Percentage of individuals,France,2016,52.27,,
ESTAT:ISOC_EC_IBUY(1.0),16/06/24 23:00:00,Annual,Last online purchase: in the last 3 months,All individuals,Percentage of individuals,France,2017,53.93,,
ESTAT:ISOC_EC_IBUY(1.0),16/06/24 23:00:00,Annual,Last online purchase: in the last 3 months,All individuals,Percentage of individuals,France,2018,55.33,,
ESTAT:ISOC_EC_IBUY(1.0),16/06/24 23:00:00,Annual,Last online purchase: in the last 3 months,All individuals,Percentage of individuals,France,2019,57.96,,
ESTAT:ISOC_EC_IBUY(1.0),16/06/24 23:00:00,Annual,Last online purchase: in the last 3 months,All individuals,Percentage of individuals,Croatia,2010,9.34,,
ESTAT:ISOC_EC_IBUY(1.0),16/06/24 23:00:00,Annual,Last online purchase: in the last 3 months,All individuals,Percentage of individuals,Croatia,2011,11.36,,
ESTAT:ISOC_EC_IBUY(1.0),16/06/24 23:00:00,Annual,Last online purchase: in the last 3 months,All individuals,Percentage of individuals,Croatia,2012,16.04,,
ESTAT:ISOC_EC_IBUY(1.0),16/06/24 23:00:00,Annual,Last online purchase: in the last 3 months,All individuals,Percentage of individuals,Croatia,2013,18.73,,
ESTAT:ISOC_EC_IBUY(1.0),16/06/24 23:00:00,Annual,Last online purchase: in the last 3 months,All individuals,Percentage of individuals,Croatia,2014,21.59,,
ESTAT:ISOC_EC_IBUY(1.0),16/06/24 23:00:00,Annual,Last online purchase: in the last 3 months,All individuals,Percentage of individuals,Croatia,2015,26.35,,
ESTAT:ISOC_EC_IBUY(1.0),16/06/24 23:00:00,Annual,Last online purchase: in the last 3 months,All individuals,Percentage of individuals,Croatia,2016,25.42,,
ESTAT:ISOC_EC_IBUY(1.0),16/06/24 23:00:00,Annual,Last online purchase: in the last 3 months,All individuals,Percentage of individuals,Croatia,2017,20.75,,
ESTAT:ISOC_EC_IBUY(1.0),16/06/24 23:00:00,Annual,Last online purchase: in the last 3 months,All individuals,Percentage of individuals,Croatia,2018,27.03,,
ESTAT:ISOC_EC_IBUY(1.0),16/06/24 23:00:00,Annual,Last online purchase: in the last 3 months,All individuals,Percentage of individuals,Croatia,2019,34.97,,
ESTAT:ISOC_EC_IBUY(1.0),16/06/24 23:00:00,Annual,Last online purchase: in the last 3 months,All individuals,Percentage of individuals,Hungary,2010,10.23,,
ESTAT:ISOC_EC_IBUY(1.0),16/06/24 23:00:00,Annual,Last online purchase: in the last 3 months,All individuals,Percentage of individuals,Hungary,2011,12.49,,
ESTAT:ISOC_EC_IBUY(1.0),16/06/24 23:00:00,Annual,Last online purchase: in the last 3 months,All individuals,Percentage of individuals,Hungary,2012,14.74,,
ESTAT:ISOC_EC_IBUY(1.0),16/06/24 23:00:00,Annual,Last online purchase: in the last 3 months,All individuals,Percentage of individuals,Hungary,2013,17.21,,
ESTAT:ISOC_EC_IBUY(1.0),16/06/24 23:00:00,Annual,Last online purchase: in the last 3 months,All individuals,Percentage of individuals,Hungary,2014,20.16,,
ESTAT:ISOC_EC_IBUY(1.0),16/06/24 23:00:00,Annual,Last online purchase: in the last 3 months,All individuals,Percentage of individuals,Hungary,2015,23.05,,
ESTAT:ISOC_EC_IBUY(1.0),16/06/24 23:00:00,Annual,Last online purchase: in the last 3 months,All individuals,Percentage of individuals,Hungary,2016,26.57,,
ESTAT:ISOC_EC_IBUY(1.0),16/06/24 23:00:00,Annual,Last online purchase: in the last 3 months,All individuals,Percentage of individuals,Hungary,2017,26.17,,
ESTAT:ISOC_EC_IBUY(1.0),16/06/24 23:00:00,Annual,Last online purchase: in the last 3 months,All individuals,Percentage of individuals,Hungary,2018,28.75,,
ESTAT:ISOC_EC_IBUY(1.0),16/06/24 23:00:00,Annual,Last online purchase: in the last 3 months,All individuals,Percentage of individuals,Hungary,2019,35.01,,
ESTAT:ISOC_EC_IBUY(1.0),16/06/24 23:00:00,Annual,Last online purchase: in the last 3 months,All individuals,Percentage of individuals,Ireland,2010,27.86,,
ESTAT:ISOC_EC_IBUY(1.0),16/06/24 23:00:00,Annual,Last online purchase: in the last 3 months,All individuals,Percentage of individuals,Ireland,2011,33.96,,
ESTAT:ISOC_EC_IBUY(1.0),16/06/24 23:00:00,Annual,Last online purchase: in the last 3 months,All individuals,Percentage of individuals,Ireland,2012,35.27,,
ESTAT:ISOC_EC_IBUY(1.0),16/06/24 23:00:00,Annual,Last online purchase: in the last 3 months,All individuals,Percentage of individuals,Ireland,2013,36.57,,
ESTAT:ISOC_EC_IBUY(1.0),16/06/24 23:00:00,Annual,Last online purchase: in the last 3 months,All individuals,Percentage of individuals,Ireland,2014,43.19,,
ESTAT:ISOC_EC_IBUY(1.0),16/06/24 23:00:00,Annual,Last online purchase: in the last 3 months,All individuals,Percentage of individuals,Ireland,2015,43.75,,
ESTAT:ISOC_EC_IBUY(1.0),16/06/24 23:00:00,Annual,Last online purchase: in the last 3 months,All individuals,Percentage of individuals,Ireland,2016,41.35,,
ESTAT:ISOC_EC_IBUY(1.0),16/06/24 23:00:00,Annual,Last online purchase: in the last 3 months,All individuals,Percentage of individuals,Ireland,2017,44.38,,
ESTAT:ISOC_EC_IBUY(1.0),16/06/24 23:00:00,Annual,Last online purchase: in the last 3 months,All individuals,Percentage of individuals,Ireland,2018,52.06,,
ESTAT:ISOC_EC_IBUY(1.0),16/06/24 23:00:00,Annual,Last online purchase: in the last 3 months,All individuals,Percentage of individuals,Ireland,2019,59.19,,
ESTAT:ISOC_EC_IBUY(1.0),16/06/24 23:00:00,Annual,Last online purchase: in the last 3 months,All individuals,Percentage of individuals,Iceland,2010,29.03,,
ESTAT:ISOC_EC_IBUY(1.0),16/06/24 23:00:00,Annual,Last online purchase: in the last 3 months,All individuals,Percentage of individuals,Iceland,2011,31.16,,
ESTAT:ISOC_EC_IBUY(1.0),16/06/24 23:00:00,Annual,Last online purchase: in the last 3 months,All individuals,Percentage of individuals,Iceland,2012,35.14,,
ESTAT:ISOC_EC_IBUY(1.0),16/06/24 23:00:00,Annual,Last online purchase: in the last 3 months,All individuals,Percentage of individuals,Iceland,2013,34.18,,
ESTAT:ISOC_EC_IBUY(1.0),16/06/24 23:00:00,Annual,Last online purchase: in the last 3 months,All individuals,Percentage of individuals,Iceland,2014,48.21,,
ESTAT:ISOC_EC_IBUY(1.0),16/06/24 23:00:00,Annual,Last online purchase: in the last 3 months,All individuals,Percentage of individuals,Iceland,2017,56.05,,
ESTAT:ISOC_EC_IBUY(1.0),16/06/24 23:00:00,Annual,Last online purchase: in the last 3 months,All individuals,Percentage of individuals,Iceland,2018,58.58,,
ESTAT:ISOC_EC_IBUY(1.0),16/06/24 23:00:00,Annual,Last online purchase: in the last 3 months,All individuals,Percentage of individuals,Iceland,2019,59.38,,
ESTAT:ISOC_EC_IBUY(1.0),16/06/24 23:00:00,Annual,Last online purchase: in the last 3 months,All individuals,Percentage of individuals,Italy,2010,9.28,,
ESTAT:ISOC_EC_IBUY(1.0),16/06/24 23:00:00,Annual,Last online purchase: in the last 3 months,All individuals,Percentage of individuals,Italy,2011,10.38,,
ESTAT:ISOC_EC_IBUY(1.0),16/06/24 23:00:00,Annual,Last online purchase: in the last 3 months,All individuals,Percentage of individuals,Italy,2012,10.93,,
ESTAT:ISOC_EC_IBUY(1.0),16/06/24 23:00:00,Annual,Last online purchase: in the last 3 months,All individuals,Percentage of individuals,Italy,2013,13.73,,
ESTAT:ISOC_EC_IBUY(1.0),16/06/24 23:00:00,Annual,Last online purchase: in the last 3 months,All individuals,Percentage of individuals,Italy,2014,15.21,,
ESTAT:ISOC_EC_IBUY(1.0),16/06/24 23:00:00,Annual,Last online purchase: in the last 3 months,All individuals,Percentage of individuals,Italy,2015,18.09,,
ESTAT:ISOC_EC_IBUY(1.0),16/06/24 23:00:00,Annual,Last online purchase: in the last 3 months,All individuals,Percentage of individuals,Italy,2016,20.11,,
ESTAT:ISOC_EC_IBUY(1.0),16/06/24 23:00:00,Annual,Last online purchase: in the last 3 months,All individuals,Percentage of individuals,Italy,2017,23.01,,
ESTAT:ISOC_EC_IBUY(1.0),16/06/24 23:00:00,Annual,Last online purchase: in the last 3 months,All individuals,Percentage of individuals,Italy,2018,25.72,,
ESTAT:ISOC_EC_IBUY(1.0),16/06/24 23:00:00,Annual,Last online purchase: in the last 3 months,All individuals,Percentage of individuals,Italy,2019,28.15,,
ESTAT:ISOC_EC_IBUY(1.0),16/06/24 23:00:00,Annual,Last online purchase: in the last 3 months,All individuals,Percentage of individuals,Lithuania,2010,6.63,,
ESTAT:ISOC_EC_IBUY(1.0),16/06/24 23:00:00,Annual,Last online purchase: in the last 3 months,All individuals,Percentage of individuals,Lithuania,2011,10.45,,
ESTAT:ISOC_EC_IBUY(1.0),16/06/24 23:00:00,Annual,Last online purchase: in the last 3 months,All individuals,Percentage of individuals,Lithuania,2012,13.69,,
ESTAT:ISOC_EC_IBUY(1.0),16/06/24 23:00:00,Annual,Last online purchase: in the last 3 months,All individuals,Percentage of individuals,Lithuania,2013,18.61,,
ESTAT:ISOC_EC_IBUY(1.0),16/06/24 23:00:00,Annual,Last online purchase: in the last 3 months,All individuals,Percentage of individuals,Lithuania,2014,18.51,,
ESTAT:ISOC_EC_IBUY(1.0),16/06/24 23:00:00,Annual,Last online purchase: in the last 3 months,All individuals,Percentage of individuals,Lithuania,2015,21.95,,
ESTAT:ISOC_EC_IBUY(1.0),16/06/24 23:00:00,Annual,Last online purchase: in the last 3 months,All individuals,Percentage of individuals,Lithuania,2016,24.27,,
ESTAT:ISOC_EC_IBUY(1.0),16/06/24 23:00:00,Annual,Last online purchase: in the last 3 months,All individuals,Percentage of individuals,Lithuania,2017,29.37,,
ESTAT:ISOC_EC_IBUY(1.0),16/06/24 23:00:00,Annual,Last online purchase: in the last 3 months,All individuals,Percentage of individuals,Lithuania,2018,34.08,,
ESTAT:ISOC_EC_IBUY(1.0),16/06/24 23:00:00,Annual,Last online purchase: in the last 3 months,All individuals,Percentage of individuals,Lithuania,2019,37.88,,
ESTAT:ISOC_EC_IBUY(1.0),16/06/24 23:00:00,Annual,Last online purchase: in the last 3 months,All individuals,Percentage of individuals,Luxembourg,2010,46.70,,
ESTAT:ISOC_EC_IBUY(1.0),16/06/24 23:00:00,Annual,Last online purchase: in the last 3 months,All individuals,Percentage of individuals,Luxembourg,2011,52.39,,
ESTAT:ISOC_EC_IBUY(1.0),16/06/24 23:00:00,Annual,Last online purchase: in the last 3 months,All individuals,Percentage of individuals,Luxembourg,2012,57.26,,
ESTAT:ISOC_EC_IBUY(1.0),16/06/24 23:00:00,Annual,Last online purchase: in the last 3 months,All individuals,Percentage of individuals,Luxembourg,2013,58.61,,
ESTAT:ISOC_EC_IBUY(1.0),16/06/24 23:00:00,Annual,Last online purchase: in the last 3 months,All individuals,Percentage of individuals,Luxembourg,2014,62.39,,
ESTAT:ISOC_EC_IBUY(1.0),16/06/24 23:00:00,Annual,Last online purchase: in the last 3 months,All individuals,Percentage of individuals,Luxembourg,2015,63.49,,
ESTAT:ISOC_EC_IBUY(1.0),16/06/24 23:00:00,Annual,Last online purchase: in the last 3 months,All individuals,Percentage of individuals,Luxembourg,2016,68.64,,
ESTAT:ISOC_EC_IBUY(1.0),16/06/24 23:00:00,Annual,Last online purchase: in the last 3 months,All individuals,Percentage of individuals,Luxembourg,2017,69.40,,
ESTAT:ISOC_EC_IBUY(1.0),16/06/24 23:00:00,Annual,Last online purchase: in the last 3 months,All individuals,Percentage of individuals,Luxembourg,2018,59.81,b,
ESTAT:ISOC_EC_IBUY(1.0),16/06/24 23:00:00,Annual,Last online purchase: in the last 3 months,All individuals,Percentage of individuals,Luxembourg,2019,62.71,,
ESTAT:ISOC_EC_IBUY(1.0),16/06/24 23:00:00,Annual,Last online purchase: in the last 3 months,All individuals,Percentage of individuals,Latvia,2010,8.48,,
ESTAT:ISOC_EC_IBUY(1.0),16/06/24 23:00:00,Annual,Last online purchase: in the last 3 months,All individuals,Percentage of individuals,Latvia,2011,9.81,,
ESTAT:ISOC_EC_IBUY(1.0),16/06/24 23:00:00,Annual,Last online purchase: in the last 3 months,All individuals,Percentage of individuals,Latvia,2012,17.66,,
ESTAT:ISOC_EC_IBUY(1.0),16/06/24 23:00:00,Annual,Last online purchase: in the last 3 months,All individuals,Percentage of individuals,Latvia,2013,21.29,,
ESTAT:ISOC_EC_IBUY(1.0),16/06/24 23:00:00,Annual,Last online purchase: in the last 3 months,All individuals,Percentage of individuals,Latvia,2014,23.69,,
ESTAT:ISOC_EC_IBUY(1.0),16/06/24 23:00:00,Annual,Last online purchase: in the last 3 months,All individuals,Percentage of individuals,Latvia,2015,27.39,,
ESTAT:ISOC_EC_IBUY(1.0),16/06/24 23:00:00,Annual,Last online purchase: in the last 3 months,All individuals,Percentage of individuals,Latvia,2016,31.07,b,
ESTAT:ISOC_EC_IBUY(1.0),16/06/24 23:00:00,Annual,Last online purchase: in the last 3 months,All individuals,Percentage of individuals,Latvia,2017,33.10,,
ESTAT:ISOC_EC_IBUY(1.0),16/06/24 23:00:00,Annual,Last online purchase: in the last 3 months,All individuals,Percentage of individuals,Latvia,2018,32.80,,
ESTAT:ISOC_EC_IBUY(1.0),16/06/24 23:00:00,Annual,Last online purchase: in the last 3 months,All individuals,Percentage of individuals,Latvia,2019,33.86,,
ESTAT:ISOC_EC_IBUY(1.0),16/06/24 23:00:00,Annual,Last online purchase: in the last 3 months,All individuals,Percentage of individuals,Montenegro,2012,4.04,,
ESTAT:ISOC_EC_IBUY(1.0),16/06/24 23:00:00,Annual,Last online purchase: in the last 3 months,All individuals,Percentage of individuals,Montenegro,2017,8.20,,
ESTAT:ISOC_EC_IBUY(1.0),16/06/24 23:00:00,Annual,Last online purchase: in the last 3 months,All individuals,Percentage of individuals,Montenegro,2018,8.39,,
ESTAT:ISOC_EC_IBUY(1.0),16/06/24 23:00:00,Annual,Last online purchase: in the last 3 months,All individuals,Percentage of individuals,Montenegro,2019,11.90,,
ESTAT:ISOC_EC_IBUY(1.0),16/06/24 23:00:00,Annual,Last online purchase: in the last 3 months,All individuals,Percentage of individuals,North Macedonia,2010,2.35,,
ESTAT:ISOC_EC_IBUY(1.0),16/06/24 23:00:00,Annual,Last online purchase: in the last 3 months,All individuals,Percentage of individuals,North Macedonia,2012,2.62,,
ESTAT:ISOC_EC_IBUY(1.0),16/06/24 23:00:00,Annual,Last online purchase: in the last 3 months,All individuals,Percentage of individuals,North Macedonia,2013,3.66,,
ESTAT:ISOC_EC_IBUY(1.0),16/06/24 23:00:00,Annual,Last online purchase: in the last 3 months,All individuals,Percentage of individuals,North Macedonia,2014,7.35,,
ESTAT:ISOC_EC_IBUY(1.0),16/06/24 23:00:00,Annual,Last online purchase: in the last 3 months,All individuals,Percentage of individuals,North Macedonia,2015,7.71,,
ESTAT:ISOC_EC_IBUY(1.0),16/06/24 23:00:00,Annual,Last online purchase: in the last 3 months,All individuals,Percentage of individuals,North Macedonia,2016,10.54,,
ESTAT:ISOC_EC_IBUY(1.0),16/06/24 23:00:00,Annual,Last online purchase: in the last 3 months,All individuals,Percentage of individuals,North Macedonia,2017,10.13,,
ESTAT:ISOC_EC_IBUY(1.0),16/06/24 23:00:00,Annual,Last online purchase: in the last 3 months,All individuals,Percentage of individuals,North Macedonia,2018,19.49,,
ESTAT:ISOC_EC_IBUY(1.0),16/06/24 23:00:00,Annual,Last online purchase: in the last 3 months,All individuals,Percentage of individuals,North Macedonia,2019,22.37,,
ESTAT:ISOC_EC_IBUY(1.0),16/06/24 23:00:00,Annual,Last online purchase: in the last 3 months,All individuals,Percentage of individuals,Malta,2010,31.62,,
ESTAT:ISOC_EC_IBUY(1.0),16/06/24 23:00:00,Annual,Last online purchase: in the last 3 months,All individuals,Percentage of individuals,Malta,2011,34.92,,
ESTAT:ISOC_EC_IBUY(1.0),16/06/24 23:00:00,Annual,Last online purchase: in the last 3 months,All individuals,Percentage of individuals,Malta,2012,37.35,,
ESTAT:ISOC_EC_IBUY(1.0),16/06/24 23:00:00,Annual,Last online purchase: in the last 3 months,All individuals,Percentage of individuals,Malta,2013,38.64,,
ESTAT:ISOC_EC_IBUY(1.0),16/06/24 23:00:00,Annual,Last online purchase: in the last 3 months,All individuals,Percentage of individuals,Malta,2014,41.70,,
ESTAT:ISOC_EC_IBUY(1.0),16/06/24 23:00:00,Annual,Last online purchase: in the last 3 months,All individuals,Percentage of individuals,Malta,2015,44.11,,
ESTAT:ISOC_EC_IBUY(1.0),16/06/24 23:00:00,Annual,Last online purchase: in the last 3 months,All individuals,Percentage of individuals,Malta,2016,41.99,,
ESTAT:ISOC_EC_IBUY(1.0),16/06/24 23:00:00,Annual,Last online purchase: in the last 3 months,All individuals,Percentage of individuals,Malta,2017,43.45,,
ESTAT:ISOC_EC_IBUY(1.0),16/06/24 23:00:00,Annual,Last online purchase: in the last 3 months,All individuals,Percentage of individuals,Malta,2018,45.89,,
ESTAT:ISOC_EC_IBUY(1.0),16/06/24 23:00:00,Annual,Last online purchase: in the last 3 months,All individuals,Percentage of individuals,Malta,2019,49.55,,
ESTAT:ISOC_EC_IBUY(1.0),16/06/24 23:00:00,Annual,Last online purchase: in the last 3 months,All individuals,Percentage of individuals,Netherlands,2010,52.35,,
ESTAT:ISOC_EC_IBUY(1.0),16/06/24 23:00:00,Annual,Last online purchase: in the last 3 months,All individuals,Percentage of individuals,Netherlands,2011,53.21,,
ESTAT:ISOC_EC_IBUY(1.0),16/06/24 23:00:00,Annual,Last online purchase: in the last 3 months,All individuals,Percentage of individuals,Netherlands,2012,51.60,,
ESTAT:ISOC_EC_IBUY(1.0),16/06/24 23:00:00,Annual,Last online purchase: in the last 3 months,All individuals,Percentage of individuals,Netherlands,2013,55.34,,
ESTAT:ISOC_EC_IBUY(1.0),16/06/24 23:00:00,Annual,Last online purchase: in the last 3 months,All individuals,Percentage of individuals,Netherlands,2014,58.86,,
ESTAT:ISOC_EC_IBUY(1.0),16/06/24 23:00:00,Annual,Last online purchase: in the last 3 months,All individuals,Percentage of individuals,Netherlands,2015,59.39,,
ESTAT:ISOC_EC_IBUY(1.0),16/06/24 23:00:00,Annual,Last online purchase: in the last 3 months,All individuals,Percentage of individuals,Netherlands,2016,62.64,,
ESTAT:ISOC_EC_IBUY(1.0),16/06/24 23:00:00,Annual,Last online purchase: in the last 3 months,All individuals,Percentage of individuals,Netherlands,2017,68.05,,
ESTAT:ISOC_EC_IBUY(1.0),16/06/24 23:00:00,Annual,Last online purchase: in the last 3 months,All individuals,Percentage of individuals,Netherlands,2018,69.82,,
ESTAT:ISOC_EC_IBUY(1.0),16/06/24 23:00:00,Annual,Last online purchase: in the last 3 months,All individuals,Percentage of individuals,Netherlands,2019,69.88,,
ESTAT:ISOC_EC_IBUY(1.0),16/06/24 23:00:00,Annual,Last online purchase: in the last 3 months,All individuals,Percentage of individuals,Norway,2010,53.40,,
ESTAT:ISOC_EC_IBUY(1.0),16/06/24 23:00:00,Annual,Last online purchase: in the last 3 months,All individuals,Percentage of individuals,Norway,2011,57.19,,
ESTAT:ISOC_EC_IBUY(1.0),16/06/24 23:00:00,Annual,Last online purchase: in the last 3 months,All individuals,Percentage of individuals,Norway,2012,61.63,,
ESTAT:ISOC_EC_IBUY(1.0),16/06/24 23:00:00,Annual,Last online purchase: in the last 3 months,All individuals,Percentage of individuals,Norway,2013,56.10,,
ESTAT:ISOC_EC_IBUY(1.0),16/06/24 23:00:00,Annual,Last online purchase: in the last 3 months,All individuals,Percentage of individuals,Norway,2014,59.52,,
ESTAT:ISOC_EC_IBUY(1.0),16/06/24 23:00:00,Annual,Last online purchase: in the last 3 months,All individuals,Percentage of individuals,Norway,2015,61.00,,
ESTAT:ISOC_EC_IBUY(1.0),16/06/24 23:00:00,Annual,Last online purchase: in the last 3 months,All individuals,Percentage of individuals,Norway,2016,60.88,,
ESTAT:ISOC_EC_IBUY(1.0),16/06/24 23:00:00,Annual,Last online purchase: in the last 3 months,All individuals,Percentage of individuals,Norway,2017,62.08,,
ESTAT:ISOC_EC_IBUY(1.0),16/06/24 23:00:00,Annual,Last online purchase: in the last 3 months,All individuals,Percentage of individuals,Norway,2018,64.27,,
ESTAT:ISOC_EC_IBUY(1.0),16/06/24 23:00:00,Annual,Last online purchase: in the last 3 months,All individuals,Percentage of individuals,Norway,2019,67.08,,
ESTAT:ISOC_EC_IBUY(1.0),16/06/24 23:00:00,Annual,Last online purchase: in the last 3 months,All individuals,Percentage of individuals,Poland,2010,20.20,,
ESTAT:ISOC_EC_IBUY(1.0),16/06/24 23:00:00,Annual,Last online purchase: in the last 3 months,All individuals,Percentage of individuals,Poland,2011,20.01,,
ESTAT:ISOC_EC_IBUY(1.0),16/06/24 23:00:00,Annual,Last online purchase: in the last 3 months,All individuals,Percentage of individuals,Poland,2012,20.75,,
ESTAT:ISOC_EC_IBUY(1.0),16/06/24 23:00:00,Annual,Last online purchase: in the last 3 months,All individuals,Percentage of individuals,Poland,2013,22.61,,
ESTAT:ISOC_EC_IBUY(1.0),16/06/24 23:00:00,Annual,Last online purchase: in the last 3 months,All individuals,Percentage of individuals,Poland,2014,24.47,,
ESTAT:ISOC_EC_IBUY(1.0),16/06/24 23:00:00,Annual,Last online purchase: in the last 3 months,All individuals,Percentage of individuals,Poland,2015,24.08,,
ESTAT:ISOC_EC_IBUY(1.0),16/06/24 23:00:00,Annual,Last online purchase: in the last 3 months,All individuals,Percentage of individuals,Poland,2016,30.67,,
ESTAT:ISOC_EC_IBUY(1.0),16/06/24 23:00:00,Annual,Last online purchase: in the last 3 months,All individuals,Percentage of individuals,Poland,2017,33.11,,
ESTAT:ISOC_EC_IBUY(1.0),16/06/24 23:00:00,Annual,Last online purchase: in the last 3 months,All individuals,Percentage of individuals,Poland,2018,37.07,,
ESTAT:ISOC_EC_IBUY(1.0),16/06/24 23:00:00,Annual,Last online purchase: in the last 3 months,All individuals,Percentage of individuals,Poland,2019,41.39,,
ESTAT:ISOC_EC_IBUY(1.0),16/06/24 23:00:00,Annual,Last online purchase: in the last 3 months,All individuals,Percentage of individuals,Portugal,2010,9.55,,
ESTAT:ISOC_EC_IBUY(1.0),16/06/24 23:00:00,Annual,Last online purchase: in the last 3 months,All individuals,Percentage of individuals,Portugal,2011,10.33,,
ESTAT:ISOC_EC_IBUY(1.0),16/06/24 23:00:00,Annual,Last online purchase: in the last 3 months,All individuals,Percentage of individuals,Portugal,2012,13.31,,
ESTAT:ISOC_EC_IBUY(1.0),16/06/24 23:00:00,Annual,Last online purchase: in the last 3 months,All individuals,Percentage of individuals,Portugal,2013,14.76,,
ESTAT:ISOC_EC_IBUY(1.0),16/06/24 23:00:00,Annual,Last online purchase: in the last 3 months,All individuals,Percentage of individuals,Portugal,2014,17.12,,
ESTAT:ISOC_EC_IBUY(1.0),16/06/24 23:00:00,Annual,Last online purchase: in the last 3 months,All individuals,Percentage of individuals,Portugal,2015,22.63,,
ESTAT:ISOC_EC_IBUY(1.0),16/06/24 23:00:00,Annual,Last online purchase: in the last 3 months,All individuals,Percentage of individuals,Portugal,2016,23.27,,
ESTAT:ISOC_EC_IBUY(1.0),16/06/24 23:00:00,Annual,Last online purchase: in the last 3 months,All individuals,Percentage of individuals,Portugal,2017,25.45,,
ESTAT:ISOC_EC_IBUY(1.0),16/06/24 23:00:00,Annual,Last online purchase: in the last 3 months,All individuals,Percentage of individuals,Portugal,2018,26.82,,
ESTAT:ISOC_EC_IBUY(1.0),16/06/24 23:00:00,Annual,Last online purchase: in the last 3 months,All individuals,Percentage of individuals,Portugal,2019,28.22,,
ESTAT:ISOC_EC_IBUY(1.0),16/06/24 23:00:00,Annual,Last online purchase: in the last 3 months,All individuals,Percentage of individuals,Romania,2010,2.29,,
ESTAT:ISOC_EC_IBUY(1.0),16/06/24 23:00:00,Annual,Last online purchase: in the last 3 months,All individuals,Percentage of individuals,Romania,2011,3.52,,
ESTAT:ISOC_EC_IBUY(1.0),16/06/24 23:00:00,Annual,Last online purchase: in the last 3 months,All individuals,Percentage of individuals,Romania,2012,2.99,,
ESTAT:ISOC_EC_IBUY(1.0),16/06/24 23:00:00,Annual,Last online purchase: in the last 3 months,All individuals,Percentage of individuals,Romania,2013,4.54,,
ESTAT:ISOC_EC_IBUY(1.0),16/06/24 23:00:00,Annual,Last online purchase: in the last 3 months,All individuals,Percentage of individuals,Romania,2014,5.82,b,
ESTAT:ISOC_EC_IBUY(1.0),16/06/24 23:00:00,Annual,Last online purchase: in the last 3 months,All individuals,Percentage of individuals,Romania,2015,7.63,,
ESTAT:ISOC_EC_IBUY(1.0),16/06/24 23:00:00,Annual,Last online purchase: in the last 3 months,All individuals,Percentage of individuals,Romania,2016,7.75,,
ESTAT:ISOC_EC_IBUY(1.0),16/06/24 23:00:00,Annual,Last online purchase: in the last 3 months,All individuals,Percentage of individuals,Romania,2017,11.05,,
ESTAT:ISOC_EC_IBUY(1.0),16/06/24 23:00:00,Annual,Last online purchase: in the last 3 months,All individuals,Percentage of individuals,Romania,2018,13.48,,
ESTAT:ISOC_EC_IBUY(1.0),16/06/24 23:00:00,Annual,Last online purchase: in the last 3 months,All individuals,Percentage of individuals,Romania,2019,14.59,,
ESTAT:ISOC_EC_IBUY(1.0),16/06/24 23:00:00,Annual,Last online purchase: in the last 3 months,All individuals,Percentage of individuals,Serbia,2015,15.31,,
ESTAT:ISOC_EC_IBUY(1.0),16/06/24 23:00:00,Annual,Last online purchase: in the last 3 months,All individuals,Percentage of individuals,Serbia,2017,21.05,,
ESTAT:ISOC_EC_IBUY(1.0),16/06/24 23:00:00,Annual,Last online purchase: in the last 3 months,All individuals,Percentage of individuals,Serbia,2018,23.40,,
ESTAT:ISOC_EC_IBUY(1.0),16/06/24 23:00:00,Annual,Last online purchase: in the last 3 months,All individuals,Percentage of individuals,Serbia,2019,26.73,,
ESTAT:ISOC_EC_IBUY(1.0),16/06/24 23:00:00,Annual,Last online purchase: in the last 3 months,All individuals,Percentage of individuals,Sweden,2010,49.88,,
ESTAT:ISOC_EC_IBUY(1.0),16/06/24 23:00:00,Annual,Last online purchase: in the last 3 months,All individuals,Percentage of individuals,Sweden,2011,53.33,,
ESTAT:ISOC_EC_IBUY(1.0),16/06/24 23:00:00,Annual,Last online purchase: in the last 3 months,All individuals,Percentage of individuals,Sweden,2012,58.09,,
ESTAT:ISOC_EC_IBUY(1.0),16/06/24 23:00:00,Annual,Last online purchase: in the last 3 months,All individuals,Percentage of individuals,Sweden,2013,57.28,,
ESTAT:ISOC_EC_IBUY(1.0),16/06/24 23:00:00,Annual,Last online purchase: in the last 3 months,All individuals,Percentage of individuals,Sweden,2014,61.52,,
ESTAT:ISOC_EC_IBUY(1.0),16/06/24 23:00:00,Annual,Last online purchase: in the last 3 months,All individuals,Percentage of individuals,Sweden,2015,56.23,,
ESTAT:ISOC_EC_IBUY(1.0),16/06/24 23:00:00,Annual,Last online purchase: in the last 3 months,All individuals,Percentage of individuals,Sweden,2016,62.76,b,
ESTAT:ISOC_EC_IBUY(1.0),16/06/24 23:00:00,Annual,Last online purchase: in the last 3 months,All individuals,Percentage of individuals,Sweden,2017,67.36,,
ESTAT:ISOC_EC_IBUY(1.0),16/06/24 23:00:00,Annual,Last online purchase: in the last 3 months,All individuals,Percentage of individuals,Sweden,2018,63.86,,
ESTAT:ISOC_EC_IBUY(1.0),16/06/24 23:00:00,Annual,Last online purchase: in the last 3 months,All individuals,Percentage of individuals,Sweden,2019,70.29,,
ESTAT:ISOC_EC_IBUY(1.0),16/06/24 23:00:00,Annual,Last online purchase: in the last 3 months,All individuals,Percentage of individuals,Slovenia,2010,16.58,,
ESTAT:ISOC_EC_IBUY(1.0),16/06/24 23:00:00,Annual,Last online purchase: in the last 3 months,All individuals,Percentage of individuals,Slovenia,2011,20.19,,
ESTAT:ISOC_EC_IBUY(1.0),16/06/24 23:00:00,Annual,Last online purchase: in the last 3 months,All individuals,Percentage of individuals,Slovenia,2012,22.39,,
ESTAT:ISOC_EC_IBUY(1.0),16/06/24 23:00:00,Annual,Last online purchase: in the last 3 months,All individuals,Percentage of individuals,Slovenia,2013,24.51,,
ESTAT:ISOC_EC_IBUY(1.0),16/06/24 23:00:00,Annual,Last online purchase: in the last 3 months,All individuals,Percentage of individuals,Slovenia,2014,26.05,,
ESTAT:ISOC_EC_IBUY(1.0),16/06/24 23:00:00,Annual,Last online purchase: in the last 3 months,All individuals,Percentage of individuals,Slovenia,2015,27.94,,
ESTAT:ISOC_EC_IBUY(1.0),16/06/24 23:00:00,Annual,Last online purchase: in the last 3 months,All individuals,Percentage of individuals,Slovenia,2016,29.57,,
ESTAT:ISOC_EC_IBUY(1.0),16/06/24 23:00:00,Annual,Last online purchase: in the last 3 months,All individuals,Percentage of individuals,Slovenia,2017,34.70,,
ESTAT:ISOC_EC_IBUY(1.0),16/06/24 23:00:00,Annual,Last online purchase: in the last 3 months,All individuals,Percentage of individuals,Slovenia,2018,38.91,,
ESTAT:ISOC_EC_IBUY(1.0),16/06/24 23:00:00,Annual,Last online purchase: in the last 3 months,All individuals,Percentage of individuals,Slovenia,2019,44.79,,
ESTAT:ISOC_EC_IBUY(1.0),16/06/24 23:00:00,Annual,Last online purchase: in the last 3 months,All individuals,Percentage of individuals,Slovakia,2010,18.73,,
ESTAT:ISOC_EC_IBUY(1.0),16/06/24 23:00:00,Annual,Last online purchase: in the last 3 months,All individuals,Percentage of individuals,Slovakia,2011,23.02,,
ESTAT:ISOC_EC_IBUY(1.0),16/06/24 23:00:00,Annual,Last online purchase: in the last 3 months,All individuals,Percentage of individuals,Slovakia,2012,29.74,,
ESTAT:ISOC_EC_IBUY(1.0),16/06/24 23:00:00,Annual,Last online purchase: in the last 3 months,All individuals,Percentage of individuals,Slovakia,2013,29.51,,
ESTAT:ISOC_EC_IBUY(1.0),16/06/24 23:00:00,Annual,Last online purchase: in the last 3 months,All individuals,Percentage of individuals,Slovakia,2014,30.85,,
ESTAT:ISOC_EC_IBUY(1.0),16/06/24 23:00:00,Annual,Last online purchase: in the last 3 months,All individuals,Percentage of individuals,Slovakia,2015,34.54,,
ESTAT:ISOC_EC_IBUY(1.0),16/06/24 23:00:00,Annual,Last online purchase: in the last 3 months,All individuals,Percentage of individuals,Slovakia,2016,40.88,,
ESTAT:ISOC_EC_IBUY(1.0),16/06/24 23:00:00,Annual,Last online purchase: in the last 3 months,All individuals,Percentage of individuals,Slovakia,2017,46.27,,
ESTAT:ISOC_EC_IBUY(1.0),16/06/24 23:00:00,Annual,Last online purchase: in the last 3 months,All individuals,Percentage of individuals,Slovakia,2018,43.91,,
ESTAT:ISOC_EC_IBUY(1.0),16/06/24 23:00:00,Annual,Last online purchase: in the last 3 months,All individuals,Percentage of individuals,Slovakia,2019,46.76,,
ESTAT:ISOC_EC_IBUY(1.0),16/06/24 23:00:00,Annual,Last online purchase: in the last 3 months,All individuals,Percentage of individuals,Trkiye,2010,3.73,,
ESTAT:ISOC_EC_IBUY(1.0),16/06/24 23:00:00,Annual,Last online purchase: in the last 3 months,All individuals,Percentage of individuals,Trkiye,2012,6.80,,
ESTAT:ISOC_EC_IBUY(1.0),16/06/24 23:00:00,Annual,Last online purchase: in the last 3 months,All individuals,Percentage of individuals,Trkiye,2013,7.37,,
ESTAT:ISOC_EC_IBUY(1.0),16/06/24 23:00:00,Annual,Last online purchase: in the last 3 months,All individuals,Percentage of individuals,Trkiye,2014,9.46,,
ESTAT:ISOC_EC_IBUY(1.0),16/06/24 23:00:00,Annual,Last online purchase: in the last 3 months,All individuals,Percentage of individuals,Trkiye,2015,10.70,,
ESTAT:ISOC_EC_IBUY(1.0),16/06/24 23:00:00,Annual,Last online purchase: in the last 3 months,All individuals,Percentage of individuals,Trkiye,2016,12.61,,
ESTAT:ISOC_EC_IBUY(1.0),16/06/24 23:00:00,Annual,Last online purchase: in the last 3 months,All individuals,Percentage of individuals,Trkiye,2017,15.14,,
ESTAT:ISOC_EC_IBUY(1.0),16/06/24 23:00:00,Annual,Last online purchase: in the last 3 months,All individuals,Percentage of individuals,Trkiye,2018,18.66,,
ESTAT:ISOC_EC_IBUY(1.0),16/06/24 23:00:00,Annual,Last online purchase: in the last 3 months,All individuals,Percentage of individuals,Trkiye,2019,23.02,,
ESTAT:ISOC_EC_IBUY(1.0),16/06/24 23:00:00,Annual,Last online purchase: in the last 3 months,All individuals,Percentage of individuals,United Kingdom,2010,60.30,,
ESTAT:ISOC_EC_IBUY(1.0),16/06/24 23:00:00,Annual,Last online purchase: in the last 3 months,All individuals,Percentage of individuals,United Kingdom,2011,63.56,,
ESTAT:ISOC_EC_IBUY(1.0),16/06/24 23:00:00,Annual,Last online purchase: in the last 3 months,All individuals,Percentage of individuals,United Kingdom,2012,64.09,,
ESTAT:ISOC_EC_IBUY(1.0),16/06/24 23:00:00,Annual,Last online purchase: in the last 3 months,All individuals,Percentage of individuals,United Kingdom,2013,70.50,,
ESTAT:ISOC_EC_IBUY(1.0),16/06/24 23:00:00,Annual,Last online purchase: in the last 3 months,All individuals,Percentage of individuals,United Kingdom,2014,72.44,,
ESTAT:ISOC_EC_IBUY(1.0),16/06/24 23:00:00,Annual,Last online purchase: in the last 3 months,All individuals,Percentage of individuals,United Kingdom,2015,75.44,,
ESTAT:ISOC_EC_IBUY(1.0),16/06/24 23:00:00,Annual,Last online purchase: in the last 3 months,All individuals,Percentage of individuals,United Kingdom,2016,77.57,,
ESTAT:ISOC_EC_IBUY(1.0),16/06/24 23:00:00,Annual,Last online purchase: in the last 3 months,All individuals,Percentage of individuals,United Kingdom,2017,77.57,,
ESTAT:ISOC_EC_IBUY(1.0),16/06/24 23:00:00,Annual,Last online purchase: in the last 3 months,All individuals,Percentage of individuals,United Kingdom,2018,76.67,,
ESTAT:ISOC_EC_IBUY(1.0),16/06/24 23:00:00,Annual,Last online purchase: in the last 3 months,All individuals,Percentage of individuals,United Kingdom,2019,80.08,,
ESTAT:ISOC_EC_IBUY(1.0),16/06/24 23:00:00,Annual,Last online purchase: in the last 3 months,All individuals,Percentage of individuals,Kosovo*,2017,3.22,,
ESTAT:ISOC_EC_IBUY(1.0),16/06/24 23:00:00,Annual,Last online purchase: in the last 3 months,All individuals,Percentage of individuals,Kosovo*,2018,17.16,,
ESTAT:ISOC_EC_IBUY(1.0),16/06/24 23:00:00,Annual,Last online purchase: in the last 3 months,All individuals,Percentage of individuals,Kosovo*,2019,22.69,,
