DATAFLOW,LAST UPDATE,freq,unit,hhtyp,geo,TIME_PERIOD,OBS_VALUE,OBS_FLAG,CONF_STATUS
ESTAT:ISOC_CI_IN_H(1.0),17/12/24 11:00:00,Annual,Percentage of households,Total,Albania,2018,83.64,,
ESTAT:ISOC_CI_IN_H(1.0),17/12/24 11:00:00,Annual,Percentage of households,Total,Albania,2019,85.45,,
ESTAT:ISOC_CI_IN_H(1.0),17/12/24 11:00:00,Annual,Percentage of households,Total,Albania,2020,87.15,,
ESTAT:ISOC_CI_IN_H(1.0),17/12/24 11:00:00,Annual,Percentage of households,Total,Albania,2021,90.87,,
ESTAT:ISOC_CI_IN_H(1.0),17/12/24 11:00:00,Annual,Percentage of households,Total,Albania,2022,98.44,,
ESTAT:ISOC_CI_IN_H(1.0),17/12/24 11:00:00,Annual,Percentage of households,Total,Albania,2023,97.72,,
ESTAT:ISOC_CI_IN_H(1.0),17/12/24 11:00:00,Annual,Percentage of households,Total,Austria,2002,33.47,,
ESTAT:ISOC_CI_IN_H(1.0),17/12/24 11:00:00,Annual,Percentage of households,Total,Austria,2003,37.37,,
ESTAT:ISOC_CI_IN_H(1.0),17/12/24 11:00:00,Annual,Percentage of households,Total,Austria,2004,44.65,,
ESTAT:ISOC_CI_IN_H(1.0),17/12/24 11:00:00,Annual,Percentage of households,Total,Austria,2005,46.69,,
ESTAT:ISOC_CI_IN_H(1.0),17/12/24 11:00:00,Annual,Percentage of households,Total,Austria,2006,52.30,,
ESTAT:ISOC_CI_IN_H(1.0),17/12/24 11:00:00,Annual,Percentage of households,Total,Austria,2007,59.62,,
ESTAT:ISOC_CI_IN_H(1.0),17/12/24 11:00:00,Annual,Percentage of households,Total,Austria,2008,68.92,,
ESTAT:ISOC_CI_IN_H(1.0),17/12/24 11:00:00,Annual,Percentage of households,Total,Austria,2009,69.75,,
ESTAT:ISOC_CI_IN_H(1.0),17/12/24 11:00:00,Annual,Percentage of households,Total,Austria,2010,72.89,,
ESTAT:ISOC_CI_IN_H(1.0),17/12/24 11:00:00,Annual,Percentage of households,Total,Austria,2011,75.44,,
ESTAT:ISOC_CI_IN_H(1.0),17/12/24 11:00:00,Annual,Percentage of households,Total,Austria,2012,79.28,,
ESTAT:ISOC_CI_IN_H(1.0),17/12/24 11:00:00,Annual,Percentage of households,Total,Austria,2013,80.86,,
ESTAT:ISOC_CI_IN_H(1.0),17/12/24 11:00:00,Annual,Percentage of households,Total,Austria,2014,80.99,,
ESTAT:ISOC_CI_IN_H(1.0),17/12/24 11:00:00,Annual,Percentage of households,Total,Austria,2015,82.42,,
ESTAT:ISOC_CI_IN_H(1.0),17/12/24 11:00:00,Annual,Percentage of households,Total,Austria,2016,85.09,,
ESTAT:ISOC_CI_IN_H(1.0),17/12/24 11:00:00,Annual,Percentage of households,Total,Austria,2017,88.79,,
ESTAT:ISOC_CI_IN_H(1.0),17/12/24 11:00:00,Annual,Percentage of households,Total,Austria,2018,88.78,,
ESTAT:ISOC_CI_IN_H(1.0),17/12/24 11:00:00,Annual,Percentage of households,Total,Austria,2019,89.91,,
ESTAT:ISOC_CI_IN_H(1.0),17/12/24 11:00:00,Annual,Percentage of households,Total,Austria,2020,90.40,,
ESTAT:ISOC_CI_IN_H(1.0),17/12/24 11:00:00,Annual,Percentage of households,Total,Austria,2021,95.00,,
ESTAT:ISOC_CI_IN_H(1.0),17/12/24 11:00:00,Annual,Percentage of households,Total,Austria,2022,93.15,,
ESTAT:ISOC_CI_IN_H(1.0),17/12/24 11:00:00,Annual,Percentage of households,Total,Austria,2023,94.98,,
ESTAT:ISOC_CI_IN_H(1.0),17/12/24 11:00:00,Annual,Percentage of households,Total,Austria,2024,94.96,,
ESTAT:ISOC_CI_IN_H(1.0),17/12/24 11:00:00,Annual,Percentage of households,Total,Bosnia and Herzegovina,2018,69.19,,
ESTAT:ISOC_CI_IN_H(1.0),17/12/24 11:00:00,Annual,Percentage of households,Total,Bosnia and Herzegovina,2019,72.03,,
ESTAT:ISOC_CI_IN_H(1.0),17/12/24 11:00:00,Annual,Percentage of households,Total,Bosnia and Herzegovina,2020,72.84,,
ESTAT:ISOC_CI_IN_H(1.0),17/12/24 11:00:00,Annual,Percentage of households,Total,Bosnia and Herzegovina,2021,75.49,,
ESTAT:ISOC_CI_IN_H(1.0),17/12/24 11:00:00,Annual,Percentage of households,Total,Bosnia and Herzegovina,2023,81.55,,
ESTAT:ISOC_CI_IN_H(1.0),17/12/24 11:00:00,Annual,Percentage of households,Total,Bosnia and Herzegovina,2024,84.19,,
ESTAT:ISOC_CI_IN_H(1.0),17/12/24 11:00:00,Annual,Percentage of households,Total,Belgium,2005,50.16,,
ESTAT:ISOC_CI_IN_H(1.0),17/12/24 11:00:00,Annual,Percentage of households,Total,Belgium,2006,53.96,,
ESTAT:ISOC_CI_IN_H(1.0),17/12/24 11:00:00,Annual,Percentage of households,Total,Belgium,2007,60.16,,
ESTAT:ISOC_CI_IN_H(1.0),17/12/24 11:00:00,Annual,Percentage of households,Total,Belgium,2008,63.63,,
ESTAT:ISOC_CI_IN_H(1.0),17/12/24 11:00:00,Annual,Percentage of households,Total,Belgium,2009,67.44,,
ESTAT:ISOC_CI_IN_H(1.0),17/12/24 11:00:00,Annual,Percentage of households,Total,Belgium,2010,72.74,,
ESTAT:ISOC_CI_IN_H(1.0),17/12/24 11:00:00,Annual,Percentage of households,Total,Belgium,2011,76.51,,
ESTAT:ISOC_CI_IN_H(1.0),17/12/24 11:00:00,Annual,Percentage of households,Total,Belgium,2012,77.71,,
ESTAT:ISOC_CI_IN_H(1.0),17/12/24 11:00:00,Annual,Percentage of households,Total,Belgium,2013,80.05,,
ESTAT:ISOC_CI_IN_H(1.0),17/12/24 11:00:00,Annual,Percentage of households,Total,Belgium,2014,82.80,,
ESTAT:ISOC_CI_IN_H(1.0),17/12/24 11:00:00,Annual,Percentage of households,Total,Belgium,2015,81.83,,
ESTAT:ISOC_CI_IN_H(1.0),17/12/24 11:00:00,Annual,Percentage of households,Total,Belgium,2016,84.79,,
ESTAT:ISOC_CI_IN_H(1.0),17/12/24 11:00:00,Annual,Percentage of households,Total,Belgium,2017,85.97,,
ESTAT:ISOC_CI_IN_H(1.0),17/12/24 11:00:00,Annual,Percentage of households,Total,Belgium,2018,87.27,,
ESTAT:ISOC_CI_IN_H(1.0),17/12/24 11:00:00,Annual,Percentage of households,Total,Belgium,2019,89.73,,
ESTAT:ISOC_CI_IN_H(1.0),17/12/24 11:00:00,Annual,Percentage of households,Total,Belgium,2020,90.86,,
ESTAT:ISOC_CI_IN_H(1.0),17/12/24 11:00:00,Annual,Percentage of households,Total,Belgium,2021,91.97,,
ESTAT:ISOC_CI_IN_H(1.0),17/12/24 11:00:00,Annual,Percentage of households,Total,Belgium,2022,94.44,,
ESTAT:ISOC_CI_IN_H(1.0),17/12/24 11:00:00,Annual,Percentage of households,Total,Belgium,2023,94.48,,
ESTAT:ISOC_CI_IN_H(1.0),17/12/24 11:00:00,Annual,Percentage of households,Total,Belgium,2024,91.38,,
ESTAT:ISOC_CI_IN_H(1.0),17/12/24 11:00:00,Annual,Percentage of households,Total,Bulgaria,2004,9.65,,
ESTAT:ISOC_CI_IN_H(1.0),17/12/24 11:00:00,Annual,Percentage of households,Total,Bulgaria,2006,17.01,,
ESTAT:ISOC_CI_IN_H(1.0),17/12/24 11:00:00,Annual,Percentage of households,Total,Bulgaria,2007,18.96,,
ESTAT:ISOC_CI_IN_H(1.0),17/12/24 11:00:00,Annual,Percentage of households,Total,Bulgaria,2008,25.29,,
ESTAT:ISOC_CI_IN_H(1.0),17/12/24 11:00:00,Annual,Percentage of households,Total,Bulgaria,2009,29.60,,
ESTAT:ISOC_CI_IN_H(1.0),17/12/24 11:00:00,Annual,Percentage of households,Total,Bulgaria,2010,33.11,,
ESTAT:ISOC_CI_IN_H(1.0),17/12/24 11:00:00,Annual,Percentage of households,Total,Bulgaria,2011,45.00,,
ESTAT:ISOC_CI_IN_H(1.0),17/12/24 11:00:00,Annual,Percentage of households,Total,Bulgaria,2012,50.92,,
ESTAT:ISOC_CI_IN_H(1.0),17/12/24 11:00:00,Annual,Percentage of households,Total,Bulgaria,2013,53.71,,
ESTAT:ISOC_CI_IN_H(1.0),17/12/24 11:00:00,Annual,Percentage of households,Total,Bulgaria,2014,56.65,,
ESTAT:ISOC_CI_IN_H(1.0),17/12/24 11:00:00,Annual,Percentage of households,Total,Bulgaria,2015,59.14,,
ESTAT:ISOC_CI_IN_H(1.0),17/12/24 11:00:00,Annual,Percentage of households,Total,Bulgaria,2016,63.54,,
ESTAT:ISOC_CI_IN_H(1.0),17/12/24 11:00:00,Annual,Percentage of households,Total,Bulgaria,2017,67.33,,
ESTAT:ISOC_CI_IN_H(1.0),17/12/24 11:00:00,Annual,Percentage of households,Total,Bulgaria,2018,72.13,,
ESTAT:ISOC_CI_IN_H(1.0),17/12/24 11:00:00,Annual,Percentage of households,Total,Bulgaria,2019,75.07,,
ESTAT:ISOC_CI_IN_H(1.0),17/12/24 11:00:00,Annual,Percentage of households,Total,Bulgaria,2020,78.85,,
ESTAT:ISOC_CI_IN_H(1.0),17/12/24 11:00:00,Annual,Percentage of households,Total,Bulgaria,2021,83.53,,
ESTAT:ISOC_CI_IN_H(1.0),17/12/24 11:00:00,Annual,Percentage of households,Total,Bulgaria,2022,87.31,,
ESTAT:ISOC_CI_IN_H(1.0),17/12/24 11:00:00,Annual,Percentage of households,Total,Bulgaria,2023,88.50,,
ESTAT:ISOC_CI_IN_H(1.0),17/12/24 11:00:00,Annual,Percentage of households,Total,Bulgaria,2024,92.12,,
ESTAT:ISOC_CI_IN_H(1.0),17/12/24 11:00:00,Annual,Percentage of households,Total,Switzerland,2014,90.63,,
ESTAT:ISOC_CI_IN_H(1.0),17/12/24 11:00:00,Annual,Percentage of households,Total,Switzerland,2017,93.06,b,
ESTAT:ISOC_CI_IN_H(1.0),17/12/24 11:00:00,Annual,Percentage of households,Total,Switzerland,2019,95.51,,
ESTAT:ISOC_CI_IN_H(1.0),17/12/24 11:00:00,Annual,Percentage of households,Total,Switzerland,2021,98.67,,
ESTAT:ISOC_CI_IN_H(1.0),17/12/24 11:00:00,Annual,Percentage of households,Total,Switzerland,2023,99.66,,
ESTAT:ISOC_CI_IN_H(1.0),17/12/24 11:00:00,Annual,Percentage of households,Total,Cyprus,2002,24.00,,
ESTAT:ISOC_CI_IN_H(1.0),17/12/24 11:00:00,Annual,Percentage of households,Total,Cyprus,2003,29.00,,
ESTAT:ISOC_CI_IN_H(1.0),17/12/24 11:00:00,Annual,Percentage of households,Total,Cyprus,2004,52.77,,
ESTAT:ISOC_CI_IN_H(1.0),17/12/24 11:00:00,Annual,Percentage of households,Total,Cyprus,2005,31.71,,
ESTAT:ISOC_CI_IN_H(1.0),17/12/24 11:00:00,Annual,Percentage of households,Total,Cyprus,2006,36.67,,
ESTAT:ISOC_CI_IN_H(1.0),17/12/24 11:00:00,Annual,Percentage of households,Total,Cyprus,2007,38.90,,
ESTAT:ISOC_CI_IN_H(1.0),17/12/24 11:00:00,Annual,Percentage of households,Total,Cyprus,2008,42.92,,
ESTAT:ISOC_CI_IN_H(1.0),17/12/24 11:00:00,Annual,Percentage of households,Total,Cyprus,2009,52.76,,
ESTAT:ISOC_CI_IN_H(1.0),17/12/24 11:00:00,Annual,Percentage of households,Total,Cyprus,2010,53.71,,
ESTAT:ISOC_CI_IN_H(1.0),17/12/24 11:00:00,Annual,Percentage of households,Total,Cyprus,2011,57.35,,
ESTAT:ISOC_CI_IN_H(1.0),17/12/24 11:00:00,Annual,Percentage of households,Total,Cyprus,2012,61.82,,
ESTAT:ISOC_CI_IN_H(1.0),17/12/24 11:00:00,Annual,Percentage of households,Total,Cyprus,2013,64.71,,
ESTAT:ISOC_CI_IN_H(1.0),17/12/24 11:00:00,Annual,Percentage of households,Total,Cyprus,2014,68.64,,
ESTAT:ISOC_CI_IN_H(1.0),17/12/24 11:00:00,Annual,Percentage of households,Total,Cyprus,2015,71.21,,
ESTAT:ISOC_CI_IN_H(1.0),17/12/24 11:00:00,Annual,Percentage of households,Total,Cyprus,2016,74.35,,
ESTAT:ISOC_CI_IN_H(1.0),17/12/24 11:00:00,Annual,Percentage of households,Total,Cyprus,2017,79.41,,
ESTAT:ISOC_CI_IN_H(1.0),17/12/24 11:00:00,Annual,Percentage of households,Total,Cyprus,2018,86.17,,
ESTAT:ISOC_CI_IN_H(1.0),17/12/24 11:00:00,Annual,Percentage of households,Total,Cyprus,2019,89.61,,
ESTAT:ISOC_CI_IN_H(1.0),17/12/24 11:00:00,Annual,Percentage of households,Total,Cyprus,2020,92.78,,
ESTAT:ISOC_CI_IN_H(1.0),17/12/24 11:00:00,Annual,Percentage of households,Total,Cyprus,2021,93.41,,
ESTAT:ISOC_CI_IN_H(1.0),17/12/24 11:00:00,Annual,Percentage of households,Total,Cyprus,2022,94.00,,
ESTAT:ISOC_CI_IN_H(1.0),17/12/24 11:00:00,Annual,Percentage of households,Total,Cyprus,2023,92.30,,
ESTAT:ISOC_CI_IN_H(1.0),17/12/24 11:00:00,Annual,Percentage of households,Total,Cyprus,2024,94.92,,
ESTAT:ISOC_CI_IN_H(1.0),17/12/24 11:00:00,Annual,Percentage of households,Total,Czechia,2003,14.79,,
ESTAT:ISOC_CI_IN_H(1.0),17/12/24 11:00:00,Annual,Percentage of households,Total,Czechia,2004,19.37,,
ESTAT:ISOC_CI_IN_H(1.0),17/12/24 11:00:00,Annual,Percentage of households,Total,Czechia,2005,19.05,,
ESTAT:ISOC_CI_IN_H(1.0),17/12/24 11:00:00,Annual,Percentage of households,Total,Czechia,2006,29.25,,
ESTAT:ISOC_CI_IN_H(1.0),17/12/24 11:00:00,Annual,Percentage of households,Total,Czechia,2007,35.12,,
ESTAT:ISOC_CI_IN_H(1.0),17/12/24 11:00:00,Annual,Percentage of households,Total,Czechia,2008,45.86,,
ESTAT:ISOC_CI_IN_H(1.0),17/12/24 11:00:00,Annual,Percentage of households,Total,Czechia,2009,54.18,,
ESTAT:ISOC_CI_IN_H(1.0),17/12/24 11:00:00,Annual,Percentage of households,Total,Czechia,2010,60.52,,
ESTAT:ISOC_CI_IN_H(1.0),17/12/24 11:00:00,Annual,Percentage of households,Total,Czechia,2011,66.63,,
ESTAT:ISOC_CI_IN_H(1.0),17/12/24 11:00:00,Annual,Percentage of households,Total,Czechia,2012,72.55,,
ESTAT:ISOC_CI_IN_H(1.0),17/12/24 11:00:00,Annual,Percentage of households,Total,Czechia,2013,72.62,,
ESTAT:ISOC_CI_IN_H(1.0),17/12/24 11:00:00,Annual,Percentage of households,Total,Czechia,2014,77.99,,
ESTAT:ISOC_CI_IN_H(1.0),17/12/24 11:00:00,Annual,Percentage of households,Total,Czechia,2015,78.98,,
ESTAT:ISOC_CI_IN_H(1.0),17/12/24 11:00:00,Annual,Percentage of households,Total,Czechia,2016,81.65,,
ESTAT:ISOC_CI_IN_H(1.0),17/12/24 11:00:00,Annual,Percentage of households,Total,Czechia,2017,83.24,,
ESTAT:ISOC_CI_IN_H(1.0),17/12/24 11:00:00,Annual,Percentage of households,Total,Czechia,2018,86.36,,
ESTAT:ISOC_CI_IN_H(1.0),17/12/24 11:00:00,Annual,Percentage of households,Total,Czechia,2019,87.00,,
ESTAT:ISOC_CI_IN_H(1.0),17/12/24 11:00:00,Annual,Percentage of households,Total,Czechia,2020,88.02,,
ESTAT:ISOC_CI_IN_H(1.0),17/12/24 11:00:00,Annual,Percentage of households,Total,Czechia,2021,89.31,,
ESTAT:ISOC_CI_IN_H(1.0),17/12/24 11:00:00,Annual,Percentage of households,Total,Czechia,2022,91.48,,
ESTAT:ISOC_CI_IN_H(1.0),17/12/24 11:00:00,Annual,Percentage of households,Total,Czechia,2023,92.80,,
ESTAT:ISOC_CI_IN_H(1.0),17/12/24 11:00:00,Annual,Percentage of households,Total,Czechia,2024,94.56,,
ESTAT:ISOC_CI_IN_H(1.0),17/12/24 11:00:00,Annual,Percentage of households,Total,Germany,2002,46.14,,
ESTAT:ISOC_CI_IN_H(1.0),17/12/24 11:00:00,Annual,Percentage of households,Total,Germany,2003,54.08,,
ESTAT:ISOC_CI_IN_H(1.0),17/12/24 11:00:00,Annual,Percentage of households,Total,Germany,2004,60.00,,
ESTAT:ISOC_CI_IN_H(1.0),17/12/24 11:00:00,Annual,Percentage of households,Total,Germany,2005,61.64,,
ESTAT:ISOC_CI_IN_H(1.0),17/12/24 11:00:00,Annual,Percentage of households,Total,Germany,2006,67.11,,
ESTAT:ISOC_CI_IN_H(1.0),17/12/24 11:00:00,Annual,Percentage of households,Total,Germany,2007,70.67,,
ESTAT:ISOC_CI_IN_H(1.0),17/12/24 11:00:00,Annual,Percentage of households,Total,Germany,2008,74.88,,
ESTAT:ISOC_CI_IN_H(1.0),17/12/24 11:00:00,Annual,Percentage of households,Total,Germany,2009,79.07,,
ESTAT:ISOC_CI_IN_H(1.0),17/12/24 11:00:00,Annual,Percentage of households,Total,Germany,2010,82.49,,
ESTAT:ISOC_CI_IN_H(1.0),17/12/24 11:00:00,Annual,Percentage of households,Total,Germany,2011,83.25,,
ESTAT:ISOC_CI_IN_H(1.0),17/12/24 11:00:00,Annual,Percentage of households,Total,Germany,2012,85.50,,
ESTAT:ISOC_CI_IN_H(1.0),17/12/24 11:00:00,Annual,Percentage of households,Total,Germany,2013,87.75,,
ESTAT:ISOC_CI_IN_H(1.0),17/12/24 11:00:00,Annual,Percentage of households,Total,Germany,2014,89.47,,
ESTAT:ISOC_CI_IN_H(1.0),17/12/24 11:00:00,Annual,Percentage of households,Total,Germany,2015,90.29,,
ESTAT:ISOC_CI_IN_H(1.0),17/12/24 11:00:00,Annual,Percentage of households,Total,Germany,2016,92.14,,
ESTAT:ISOC_CI_IN_H(1.0),17/12/24 11:00:00,Annual,Percentage of households,Total,Germany,2017,92.86,,
ESTAT:ISOC_CI_IN_H(1.0),17/12/24 11:00:00,Annual,Percentage of households,Total,Germany,2018,94.39,,
ESTAT:ISOC_CI_IN_H(1.0),17/12/24 11:00:00,Annual,Percentage of households,Total,Germany,2019,94.83,,
ESTAT:ISOC_CI_IN_H(1.0),17/12/24 11:00:00,Annual,Percentage of households,Total,Germany,2020,95.80,,
ESTAT:ISOC_CI_IN_H(1.0),17/12/24 11:00:00,Annual,Percentage of households,Total,Germany,2021,91.88,b,
ESTAT:ISOC_CI_IN_H(1.0),17/12/24 11:00:00,Annual,Percentage of households,Total,Germany,2022,91.41,,
ESTAT:ISOC_CI_IN_H(1.0),17/12/24 11:00:00,Annual,Percentage of households,Total,Germany,2023,91.66,,
ESTAT:ISOC_CI_IN_H(1.0),17/12/24 11:00:00,Annual,Percentage of households,Total,Germany,2024,92.65,,
ESTAT:ISOC_CI_IN_H(1.0),17/12/24 11:00:00,Annual,Percentage of households,Total,Denmark,2002,55.64,,
ESTAT:ISOC_CI_IN_H(1.0),17/12/24 11:00:00,Annual,Percentage of households,Total,Denmark,2003,64.19,,
ESTAT:ISOC_CI_IN_H(1.0),17/12/24 11:00:00,Annual,Percentage of households,Total,Denmark,2004,69.36,,
ESTAT:ISOC_CI_IN_H(1.0),17/12/24 11:00:00,Annual,Percentage of households,Total,Denmark,2005,74.92,,
ESTAT:ISOC_CI_IN_H(1.0),17/12/24 11:00:00,Annual,Percentage of households,Total,Denmark,2006,78.73,,
ESTAT:ISOC_CI_IN_H(1.0),17/12/24 11:00:00,Annual,Percentage of households,Total,Denmark,2007,78.05,,
ESTAT:ISOC_CI_IN_H(1.0),17/12/24 11:00:00,Annual,Percentage of households,Total,Denmark,2008,81.88,,
ESTAT:ISOC_CI_IN_H(1.0),17/12/24 11:00:00,Annual,Percentage of households,Total,Denmark,2009,82.53,,
ESTAT:ISOC_CI_IN_H(1.0),17/12/24 11:00:00,Annual,Percentage of households,Total,Denmark,2010,86.10,,
ESTAT:ISOC_CI_IN_H(1.0),17/12/24 11:00:00,Annual,Percentage of households,Total,Denmark,2011,90.08,,
ESTAT:ISOC_CI_IN_H(1.0),17/12/24 11:00:00,Annual,Percentage of households,Total,Denmark,2012,92.00,,
ESTAT:ISOC_CI_IN_H(1.0),17/12/24 11:00:00,Annual,Percentage of households,Total,Denmark,2013,92.71,,
ESTAT:ISOC_CI_IN_H(1.0),17/12/24 11:00:00,Annual,Percentage of households,Total,Denmark,2014,93.12,,
ESTAT:ISOC_CI_IN_H(1.0),17/12/24 11:00:00,Annual,Percentage of households,Total,Denmark,2015,91.74,,
ESTAT:ISOC_CI_IN_H(1.0),17/12/24 11:00:00,Annual,Percentage of households,Total,Denmark,2016,94.34,,
ESTAT:ISOC_CI_IN_H(1.0),17/12/24 11:00:00,Annual,Percentage of households,Total,Denmark,2017,97.00,,
ESTAT:ISOC_CI_IN_H(1.0),17/12/24 11:00:00,Annual,Percentage of households,Total,Denmark,2018,92.66,,
ESTAT:ISOC_CI_IN_H(1.0),17/12/24 11:00:00,Annual,Percentage of households,Total,Denmark,2019,95.43,,
ESTAT:ISOC_CI_IN_H(1.0),17/12/24 11:00:00,Annual,Percentage of households,Total,Denmark,2020,95.27,,
ESTAT:ISOC_CI_IN_H(1.0),17/12/24 11:00:00,Annual,Percentage of households,Total,Denmark,2021,96.14,,
ESTAT:ISOC_CI_IN_H(1.0),17/12/24 11:00:00,Annual,Percentage of households,Total,Denmark,2022,95.16,,
ESTAT:ISOC_CI_IN_H(1.0),17/12/24 11:00:00,Annual,Percentage of households,Total,Denmark,2023,96.09,,
ESTAT:ISOC_CI_IN_H(1.0),17/12/24 11:00:00,Annual,Percentage of households,Total,Denmark,2024,96.92,,
ESTAT:ISOC_CI_IN_H(1.0),17/12/24 11:00:00,Annual,Percentage of households,Total,"Euro area (EA11-1999, EA12-2001, EA13-2007, EA15-2008, EA16-2009, EA17-2011, EA18-2014, EA19-2015, EA20-2023)",2002,35.85,,
ESTAT:ISOC_CI_IN_H(1.0),17/12/24 11:00:00,Annual,Percentage of households,Total,"Euro area (EA11-1999, EA12-2001, EA13-2007, EA15-2008, EA16-2009, EA17-2011, EA18-2014, EA19-2015, EA20-2023)",2003,39.95,,
ESTAT:ISOC_CI_IN_H(1.0),17/12/24 11:00:00,Annual,Percentage of households,Total,"Euro area (EA11-1999, EA12-2001, EA13-2007, EA15-2008, EA16-2009, EA17-2011, EA18-2014, EA19-2015, EA20-2023)",2004,44.19,,
ESTAT:ISOC_CI_IN_H(1.0),17/12/24 11:00:00,Annual,Percentage of households,Total,"Euro area (EA11-1999, EA12-2001, EA13-2007, EA15-2008, EA16-2009, EA17-2011, EA18-2014, EA19-2015, EA20-2023)",2005,49.95,,
ESTAT:ISOC_CI_IN_H(1.0),17/12/24 11:00:00,Annual,Percentage of households,Total,"Euro area (EA11-1999, EA12-2001, EA13-2007, EA15-2008, EA16-2009, EA17-2011, EA18-2014, EA19-2015, EA20-2023)",2006,50.97,,
ESTAT:ISOC_CI_IN_H(1.0),17/12/24 11:00:00,Annual,Percentage of households,Total,"Euro area (EA11-1999, EA12-2001, EA13-2007, EA15-2008, EA16-2009, EA17-2011, EA18-2014, EA19-2015, EA20-2023)",2007,56.91,,
ESTAT:ISOC_CI_IN_H(1.0),17/12/24 11:00:00,Annual,Percentage of households,Total,"Euro area (EA11-1999, EA12-2001, EA13-2007, EA15-2008, EA16-2009, EA17-2011, EA18-2014, EA19-2015, EA20-2023)",2008,61.96,,
ESTAT:ISOC_CI_IN_H(1.0),17/12/24 11:00:00,Annual,Percentage of households,Total,"Euro area (EA11-1999, EA12-2001, EA13-2007, EA15-2008, EA16-2009, EA17-2011, EA18-2014, EA19-2015, EA20-2023)",2009,66.74,,
ESTAT:ISOC_CI_IN_H(1.0),17/12/24 11:00:00,Annual,Percentage of households,Total,"Euro area (EA11-1999, EA12-2001, EA13-2007, EA15-2008, EA16-2009, EA17-2011, EA18-2014, EA19-2015, EA20-2023)",2010,71.05,,
ESTAT:ISOC_CI_IN_H(1.0),17/12/24 11:00:00,Annual,Percentage of households,Total,"Euro area (EA11-1999, EA12-2001, EA13-2007, EA15-2008, EA16-2009, EA17-2011, EA18-2014, EA19-2015, EA20-2023)",2011,73.58,,
ESTAT:ISOC_CI_IN_H(1.0),17/12/24 11:00:00,Annual,Percentage of households,Total,"Euro area (EA11-1999, EA12-2001, EA13-2007, EA15-2008, EA16-2009, EA17-2011, EA18-2014, EA19-2015, EA20-2023)",2012,76.23,,
ESTAT:ISOC_CI_IN_H(1.0),17/12/24 11:00:00,Annual,Percentage of households,Total,"Euro area (EA11-1999, EA12-2001, EA13-2007, EA15-2008, EA16-2009, EA17-2011, EA18-2014, EA19-2015, EA20-2023)",2013,79.08,,
ESTAT:ISOC_CI_IN_H(1.0),17/12/24 11:00:00,Annual,Percentage of households,Total,"Euro area (EA11-1999, EA12-2001, EA13-2007, EA15-2008, EA16-2009, EA17-2011, EA18-2014, EA19-2015, EA20-2023)",2014,81.43,,
ESTAT:ISOC_CI_IN_H(1.0),17/12/24 11:00:00,Annual,Percentage of households,Total,"Euro area (EA11-1999, EA12-2001, EA13-2007, EA15-2008, EA16-2009, EA17-2011, EA18-2014, EA19-2015, EA20-2023)",2015,82.83,,
ESTAT:ISOC_CI_IN_H(1.0),17/12/24 11:00:00,Annual,Percentage of households,Total,"Euro area (EA11-1999, EA12-2001, EA13-2007, EA15-2008, EA16-2009, EA17-2011, EA18-2014, EA19-2015, EA20-2023)",2016,85.37,,
ESTAT:ISOC_CI_IN_H(1.0),17/12/24 11:00:00,Annual,Percentage of households,Total,"Euro area (EA11-1999, EA12-2001, EA13-2007, EA15-2008, EA16-2009, EA17-2011, EA18-2014, EA19-2015, EA20-2023)",2017,86.81,,
ESTAT:ISOC_CI_IN_H(1.0),17/12/24 11:00:00,Annual,Percentage of households,Total,"Euro area (EA11-1999, EA12-2001, EA13-2007, EA15-2008, EA16-2009, EA17-2011, EA18-2014, EA19-2015, EA20-2023)",2018,88.91,,
ESTAT:ISOC_CI_IN_H(1.0),17/12/24 11:00:00,Annual,Percentage of households,Total,"Euro area (EA11-1999, EA12-2001, EA13-2007, EA15-2008, EA16-2009, EA17-2011, EA18-2014, EA19-2015, EA20-2023)",2019,90.48,,
ESTAT:ISOC_CI_IN_H(1.0),17/12/24 11:00:00,Annual,Percentage of households,Total,"Euro area (EA11-1999, EA12-2001, EA13-2007, EA15-2008, EA16-2009, EA17-2011, EA18-2014, EA19-2015, EA20-2023)",2020,91.97,e,
ESTAT:ISOC_CI_IN_H(1.0),17/12/24 11:00:00,Annual,Percentage of households,Total,"Euro area (EA11-1999, EA12-2001, EA13-2007, EA15-2008, EA16-2009, EA17-2011, EA18-2014, EA19-2015, EA20-2023)",2021,92.71,b,
ESTAT:ISOC_CI_IN_H(1.0),17/12/24 11:00:00,Annual,Percentage of households,Total,"Euro area (EA11-1999, EA12-2001, EA13-2007, EA15-2008, EA16-2009, EA17-2011, EA18-2014, EA19-2015, EA20-2023)",2022,92.61,,
ESTAT:ISOC_CI_IN_H(1.0),17/12/24 11:00:00,Annual,Percentage of households,Total,"Euro area (EA11-1999, EA12-2001, EA13-2007, EA15-2008, EA16-2009, EA17-2011, EA18-2014, EA19-2015, EA20-2023)",2023,93.12,,
ESTAT:ISOC_CI_IN_H(1.0),17/12/24 11:00:00,Annual,Percentage of households,Total,"Euro area (EA11-1999, EA12-2001, EA13-2007, EA15-2008, EA16-2009, EA17-2011, EA18-2014, EA19-2015, EA20-2023)",2024,93.83,,
ESTAT:ISOC_CI_IN_H(1.0),17/12/24 11:00:00,Annual,Percentage of households,Total,Estonia,2004,30.76,,
ESTAT:ISOC_CI_IN_H(1.0),17/12/24 11:00:00,Annual,Percentage of households,Total,Estonia,2005,36.79,,
ESTAT:ISOC_CI_IN_H(1.0),17/12/24 11:00:00,Annual,Percentage of households,Total,Estonia,2006,45.18,,
ESTAT:ISOC_CI_IN_H(1.0),17/12/24 11:00:00,Annual,Percentage of households,Total,Estonia,2007,52.20,,
ESTAT:ISOC_CI_IN_H(1.0),17/12/24 11:00:00,Annual,Percentage of households,Total,Estonia,2008,57.35,,
ESTAT:ISOC_CI_IN_H(1.0),17/12/24 11:00:00,Annual,Percentage of households,Total,Estonia,2009,61.85,,
ESTAT:ISOC_CI_IN_H(1.0),17/12/24 11:00:00,Annual,Percentage of households,Total,Estonia,2010,66.89,,
ESTAT:ISOC_CI_IN_H(1.0),17/12/24 11:00:00,Annual,Percentage of households,Total,Estonia,2011,69.39,,
ESTAT:ISOC_CI_IN_H(1.0),17/12/24 11:00:00,Annual,Percentage of households,Total,Estonia,2012,73.82,,
ESTAT:ISOC_CI_IN_H(1.0),17/12/24 11:00:00,Annual,Percentage of households,Total,Estonia,2013,79.31,,
ESTAT:ISOC_CI_IN_H(1.0),17/12/24 11:00:00,Annual,Percentage of households,Total,Estonia,2014,82.90,b,
ESTAT:ISOC_CI_IN_H(1.0),17/12/24 11:00:00,Annual,Percentage of households,Total,Estonia,2015,87.73,,
ESTAT:ISOC_CI_IN_H(1.0),17/12/24 11:00:00,Annual,Percentage of households,Total,Estonia,2016,86.19,,
ESTAT:ISOC_CI_IN_H(1.0),17/12/24 11:00:00,Annual,Percentage of households,Total,Estonia,2017,88.27,,
ESTAT:ISOC_CI_IN_H(1.0),17/12/24 11:00:00,Annual,Percentage of households,Total,Estonia,2018,90.47,,
ESTAT:ISOC_CI_IN_H(1.0),17/12/24 11:00:00,Annual,Percentage of households,Total,Estonia,2019,90.43,,
ESTAT:ISOC_CI_IN_H(1.0),17/12/24 11:00:00,Annual,Percentage of households,Total,Estonia,2020,89.98,,
ESTAT:ISOC_CI_IN_H(1.0),17/12/24 11:00:00,Annual,Percentage of households,Total,Estonia,2021,91.82,,
ESTAT:ISOC_CI_IN_H(1.0),17/12/24 11:00:00,Annual,Percentage of households,Total,Estonia,2022,92.41,,
ESTAT:ISOC_CI_IN_H(1.0),17/12/24 11:00:00,Annual,Percentage of households,Total,Estonia,2023,93.22,,
ESTAT:ISOC_CI_IN_H(1.0),17/12/24 11:00:00,Annual,Percentage of households,Total,Estonia,2024,92.89,,
ESTAT:ISOC_CI_IN_H(1.0),17/12/24 11:00:00,Annual,Percentage of households,Total,Greece,2002,12.15,,
ESTAT:ISOC_CI_IN_H(1.0),17/12/24 11:00:00,Annual,Percentage of households,Total,Greece,2003,16.30,,
ESTAT:ISOC_CI_IN_H(1.0),17/12/24 11:00:00,Annual,Percentage of households,Total,Greece,2004,16.54,,
ESTAT:ISOC_CI_IN_H(1.0),17/12/24 11:00:00,Annual,Percentage of households,Total,Greece,2005,21.73,,
ESTAT:ISOC_CI_IN_H(1.0),17/12/24 11:00:00,Annual,Percentage of households,Total,Greece,2006,23.12,,
ESTAT:ISOC_CI_IN_H(1.0),17/12/24 11:00:00,Annual,Percentage of households,Total,Greece,2007,25.40,,
ESTAT:ISOC_CI_IN_H(1.0),17/12/24 11:00:00,Annual,Percentage of households,Total,Greece,2008,30.96,,
ESTAT:ISOC_CI_IN_H(1.0),17/12/24 11:00:00,Annual,Percentage of households,Total,Greece,2009,38.06,,
ESTAT:ISOC_CI_IN_H(1.0),17/12/24 11:00:00,Annual,Percentage of households,Total,Greece,2010,46.35,,
ESTAT:ISOC_CI_IN_H(1.0),17/12/24 11:00:00,Annual,Percentage of households,Total,Greece,2011,50.17,,
ESTAT:ISOC_CI_IN_H(1.0),17/12/24 11:00:00,Annual,Percentage of households,Total,Greece,2012,53.58,,
ESTAT:ISOC_CI_IN_H(1.0),17/12/24 11:00:00,Annual,Percentage of households,Total,Greece,2013,56.31,,
ESTAT:ISOC_CI_IN_H(1.0),17/12/24 11:00:00,Annual,Percentage of households,Total,Greece,2014,65.55,,
ESTAT:ISOC_CI_IN_H(1.0),17/12/24 11:00:00,Annual,Percentage of households,Total,Greece,2015,68.09,,
ESTAT:ISOC_CI_IN_H(1.0),17/12/24 11:00:00,Annual,Percentage of households,Total,Greece,2016,69.13,,
ESTAT:ISOC_CI_IN_H(1.0),17/12/24 11:00:00,Annual,Percentage of households,Total,Greece,2017,70.96,,
ESTAT:ISOC_CI_IN_H(1.0),17/12/24 11:00:00,Annual,Percentage of households,Total,Greece,2018,76.49,,
ESTAT:ISOC_CI_IN_H(1.0),17/12/24 11:00:00,Annual,Percentage of households,Total,Greece,2019,78.54,,
ESTAT:ISOC_CI_IN_H(1.0),17/12/24 11:00:00,Annual,Percentage of households,Total,Greece,2020,80.38,,
ESTAT:ISOC_CI_IN_H(1.0),17/12/24 11:00:00,Annual,Percentage of households,Total,Greece,2021,85.07,,
ESTAT:ISOC_CI_IN_H(1.0),17/12/24 11:00:00,Annual,Percentage of households,Total,Greece,2022,85.49,,
ESTAT:ISOC_CI_IN_H(1.0),17/12/24 11:00:00,Annual,Percentage of households,Total,Greece,2023,86.90,,
ESTAT:ISOC_CI_IN_H(1.0),17/12/24 11:00:00,Annual,Percentage of households,Total,Greece,2024,86.89,,
ESTAT:ISOC_CI_IN_H(1.0),17/12/24 11:00:00,Annual,Percentage of households,Total,Spain,2003,27.55,,
ESTAT:ISOC_CI_IN_H(1.0),17/12/24 11:00:00,Annual,Percentage of households,Total,Spain,2004,33.64,,
ESTAT:ISOC_CI_IN_H(1.0),17/12/24 11:00:00,Annual,Percentage of households,Total,Spain,2005,35.51,,
ESTAT:ISOC_CI_IN_H(1.0),17/12/24 11:00:00,Annual,Percentage of households,Total,Spain,2006,38.04,,
ESTAT:ISOC_CI_IN_H(1.0),17/12/24 11:00:00,Annual,Percentage of households,Total,Spain,2007,43.48,,
ESTAT:ISOC_CI_IN_H(1.0),17/12/24 11:00:00,Annual,Percentage of households,Total,Spain,2008,49.86,,
ESTAT:ISOC_CI_IN_H(1.0),17/12/24 11:00:00,Annual,Percentage of households,Total,Spain,2009,52.93,,
ESTAT:ISOC_CI_IN_H(1.0),17/12/24 11:00:00,Annual,Percentage of households,Total,Spain,2010,57.82,,
ESTAT:ISOC_CI_IN_H(1.0),17/12/24 11:00:00,Annual,Percentage of households,Total,Spain,2011,62.71,,
ESTAT:ISOC_CI_IN_H(1.0),17/12/24 11:00:00,Annual,Percentage of households,Total,Spain,2012,66.59,,
ESTAT:ISOC_CI_IN_H(1.0),17/12/24 11:00:00,Annual,Percentage of households,Total,Spain,2013,69.73,,
ESTAT:ISOC_CI_IN_H(1.0),17/12/24 11:00:00,Annual,Percentage of households,Total,Spain,2014,74.35,,
ESTAT:ISOC_CI_IN_H(1.0),17/12/24 11:00:00,Annual,Percentage of households,Total,Spain,2015,78.75,,
ESTAT:ISOC_CI_IN_H(1.0),17/12/24 11:00:00,Annual,Percentage of households,Total,Spain,2016,81.93,,
ESTAT:ISOC_CI_IN_H(1.0),17/12/24 11:00:00,Annual,Percentage of households,Total,Spain,2017,83.39,,
ESTAT:ISOC_CI_IN_H(1.0),17/12/24 11:00:00,Annual,Percentage of households,Total,Spain,2018,86.36,,
ESTAT:ISOC_CI_IN_H(1.0),17/12/24 11:00:00,Annual,Percentage of households,Total,Spain,2019,91.44,,
ESTAT:ISOC_CI_IN_H(1.0),17/12/24 11:00:00,Annual,Percentage of households,Total,Spain,2020,95.38,,
ESTAT:ISOC_CI_IN_H(1.0),17/12/24 11:00:00,Annual,Percentage of households,Total,Spain,2021,95.92,,
ESTAT:ISOC_CI_IN_H(1.0),17/12/24 11:00:00,Annual,Percentage of households,Total,Spain,2022,96.08,,
ESTAT:ISOC_CI_IN_H(1.0),17/12/24 11:00:00,Annual,Percentage of households,Total,Spain,2023,96.45,,
ESTAT:ISOC_CI_IN_H(1.0),17/12/24 11:00:00,Annual,Percentage of households,Total,Spain,2024,96.83,,
ESTAT:ISOC_CI_IN_H(1.0),17/12/24 11:00:00,Annual,Percentage of households,Total,European Union - 15 countries (1995-2004),2002,38.69,,
ESTAT:ISOC_CI_IN_H(1.0),17/12/24 11:00:00,Annual,Percentage of households,Total,European Union - 15 countries (1995-2004),2003,42.80,,
ESTAT:ISOC_CI_IN_H(1.0),17/12/24 11:00:00,Annual,Percentage of households,Total,European Union - 15 countries (1995-2004),2004,46.46,,
ESTAT:ISOC_CI_IN_H(1.0),17/12/24 11:00:00,Annual,Percentage of households,Total,European Union - 15 countries (1995-2004),2005,52.93,,
ESTAT:ISOC_CI_IN_H(1.0),17/12/24 11:00:00,Annual,Percentage of households,Total,European Union - 15 countries (1995-2004),2006,53.88,,
ESTAT:ISOC_CI_IN_H(1.0),17/12/24 11:00:00,Annual,Percentage of households,Total,European Union - 15 countries (1995-2004),2007,59.26,,
ESTAT:ISOC_CI_IN_H(1.0),17/12/24 11:00:00,Annual,Percentage of households,Total,European Union - 15 countries (1995-2004),2008,64.28,,
ESTAT:ISOC_CI_IN_H(1.0),17/12/24 11:00:00,Annual,Percentage of households,Total,European Union - 15 countries (1995-2004),2009,69.10,,
ESTAT:ISOC_CI_IN_H(1.0),17/12/24 11:00:00,Annual,Percentage of households,Total,European Union - 15 countries (1995-2004),2010,73.14,,
ESTAT:ISOC_CI_IN_H(1.0),17/12/24 11:00:00,Annual,Percentage of households,Total,European Union - 15 countries (1995-2004),2011,75.71,,
ESTAT:ISOC_CI_IN_H(1.0),17/12/24 11:00:00,Annual,Percentage of households,Total,European Union - 15 countries (1995-2004),2012,78.54,,
ESTAT:ISOC_CI_IN_H(1.0),17/12/24 11:00:00,Annual,Percentage of households,Total,European Union - 15 countries (1995-2004),2013,81.11,,
ESTAT:ISOC_CI_IN_H(1.0),17/12/24 11:00:00,Annual,Percentage of households,Total,European Union - 15 countries (1995-2004),2014,83.38,,
ESTAT:ISOC_CI_IN_H(1.0),17/12/24 11:00:00,Annual,Percentage of households,Total,European Union - 15 countries (1995-2004),2015,84.72,,
ESTAT:ISOC_CI_IN_H(1.0),17/12/24 11:00:00,Annual,Percentage of households,Total,European Union - 15 countries (1995-2004),2016,87.26,,
ESTAT:ISOC_CI_IN_H(1.0),17/12/24 11:00:00,Annual,Percentage of households,Total,European Union - 15 countries (1995-2004),2017,88.54,,
ESTAT:ISOC_CI_IN_H(1.0),17/12/24 11:00:00,Annual,Percentage of households,Total,European Union - 15 countries (1995-2004),2018,90.23,,
ESTAT:ISOC_CI_IN_H(1.0),17/12/24 11:00:00,Annual,Percentage of households,Total,European Union - 25 countries (2004-2006),2004,42.66,,
ESTAT:ISOC_CI_IN_H(1.0),17/12/24 11:00:00,Annual,Percentage of households,Total,European Union - 25 countries (2004-2006),2005,48.37,,
ESTAT:ISOC_CI_IN_H(1.0),17/12/24 11:00:00,Annual,Percentage of households,Total,European Union - 25 countries (2004-2006),2006,50.99,,
ESTAT:ISOC_CI_IN_H(1.0),17/12/24 11:00:00,Annual,Percentage of households,Total,European Union - 25 countries (2004-2006),2007,56.60,,
ESTAT:ISOC_CI_IN_H(1.0),17/12/24 11:00:00,Annual,Percentage of households,Total,European Union - 25 countries (2004-2006),2008,62.00,,
ESTAT:ISOC_CI_IN_H(1.0),17/12/24 11:00:00,Annual,Percentage of households,Total,European Union - 25 countries (2004-2006),2009,67.45,,
ESTAT:ISOC_CI_IN_H(1.0),17/12/24 11:00:00,Annual,Percentage of households,Total,European Union - 25 countries (2004-2006),2010,71.59,,
ESTAT:ISOC_CI_IN_H(1.0),17/12/24 11:00:00,Annual,Percentage of households,Total,European Union - 27 countries (2007-2013),2004,40.55,,
ESTAT:ISOC_CI_IN_H(1.0),17/12/24 11:00:00,Annual,Percentage of households,Total,European Union - 27 countries (2007-2013),2005,48.37,,
ESTAT:ISOC_CI_IN_H(1.0),17/12/24 11:00:00,Annual,Percentage of households,Total,European Union - 27 countries (2007-2013),2006,49.09,,
ESTAT:ISOC_CI_IN_H(1.0),17/12/24 11:00:00,Annual,Percentage of households,Total,European Union - 27 countries (2007-2013),2007,54.76,,
ESTAT:ISOC_CI_IN_H(1.0),17/12/24 11:00:00,Annual,Percentage of households,Total,European Union - 27 countries (2007-2013),2008,60.25,,
ESTAT:ISOC_CI_IN_H(1.0),17/12/24 11:00:00,Annual,Percentage of households,Total,European Union - 27 countries (2007-2013),2009,65.81,,
ESTAT:ISOC_CI_IN_H(1.0),17/12/24 11:00:00,Annual,Percentage of households,Total,European Union - 27 countries (2007-2013),2010,69.95,,
ESTAT:ISOC_CI_IN_H(1.0),17/12/24 11:00:00,Annual,Percentage of households,Total,European Union - 27 countries (2007-2013),2011,72.98,,
ESTAT:ISOC_CI_IN_H(1.0),17/12/24 11:00:00,Annual,Percentage of households,Total,European Union - 27 countries (2007-2013),2012,76.12,,
ESTAT:ISOC_CI_IN_H(1.0),17/12/24 11:00:00,Annual,Percentage of households,Total,European Union - 27 countries (2007-2013),2013,78.65,,
ESTAT:ISOC_CI_IN_H(1.0),17/12/24 11:00:00,Annual,Percentage of households,Total,European Union - 27 countries (2007-2013),2014,81.08,,
ESTAT:ISOC_CI_IN_H(1.0),17/12/24 11:00:00,Annual,Percentage of households,Total,European Union - 27 countries (2007-2013),2015,82.64,,
ESTAT:ISOC_CI_IN_H(1.0),17/12/24 11:00:00,Annual,Percentage of households,Total,European Union - 27 countries (2007-2013),2016,85.44,,
ESTAT:ISOC_CI_IN_H(1.0),17/12/24 11:00:00,Annual,Percentage of households,Total,European Union - 27 countries (2007-2013),2017,86.93,,
ESTAT:ISOC_CI_IN_H(1.0),17/12/24 11:00:00,Annual,Percentage of households,Total,European Union - 27 countries (2007-2013),2018,88.85,,
ESTAT:ISOC_CI_IN_H(1.0),17/12/24 11:00:00,Annual,Percentage of households,Total,European Union - 27 countries (from 2020),2007,52.99,,
ESTAT:ISOC_CI_IN_H(1.0),17/12/24 11:00:00,Annual,Percentage of households,Total,European Union - 27 countries (from 2020),2008,58.60,,
ESTAT:ISOC_CI_IN_H(1.0),17/12/24 11:00:00,Annual,Percentage of households,Total,European Union - 27 countries (from 2020),2009,64.15,,
ESTAT:ISOC_CI_IN_H(1.0),17/12/24 11:00:00,Annual,Percentage of households,Total,European Union - 27 countries (from 2020),2010,68.46,,
ESTAT:ISOC_CI_IN_H(1.0),17/12/24 11:00:00,Annual,Percentage of households,Total,European Union - 27 countries (from 2020),2011,71.55,,
ESTAT:ISOC_CI_IN_H(1.0),17/12/24 11:00:00,Annual,Percentage of households,Total,European Union - 27 countries (from 2020),2012,74.54,,
ESTAT:ISOC_CI_IN_H(1.0),17/12/24 11:00:00,Annual,Percentage of households,Total,European Union - 27 countries (from 2020),2013,77.17,,
ESTAT:ISOC_CI_IN_H(1.0),17/12/24 11:00:00,Annual,Percentage of households,Total,European Union - 27 countries (from 2020),2014,79.61,,
ESTAT:ISOC_CI_IN_H(1.0),17/12/24 11:00:00,Annual,Percentage of households,Total,European Union - 27 countries (from 2020),2015,81.37,,
ESTAT:ISOC_CI_IN_H(1.0),17/12/24 11:00:00,Annual,Percentage of households,Total,European Union - 27 countries (from 2020),2016,84.21,,
ESTAT:ISOC_CI_IN_H(1.0),17/12/24 11:00:00,Annual,Percentage of households,Total,European Union - 27 countries (from 2020),2017,85.81,,
ESTAT:ISOC_CI_IN_H(1.0),17/12/24 11:00:00,Annual,Percentage of households,Total,European Union - 27 countries (from 2020),2018,87.94,,
ESTAT:ISOC_CI_IN_H(1.0),17/12/24 11:00:00,Annual,Percentage of households,Total,European Union - 27 countries (from 2020),2019,89.68,,
ESTAT:ISOC_CI_IN_H(1.0),17/12/24 11:00:00,Annual,Percentage of households,Total,European Union - 27 countries (from 2020),2020,91.30,e,
ESTAT:ISOC_CI_IN_H(1.0),17/12/24 11:00:00,Annual,Percentage of households,Total,European Union - 27 countries (from 2020),2021,92.30,b,
ESTAT:ISOC_CI_IN_H(1.0),17/12/24 11:00:00,Annual,Percentage of households,Total,European Union - 27 countries (from 2020),2022,92.44,,
ESTAT:ISOC_CI_IN_H(1.0),17/12/24 11:00:00,Annual,Percentage of households,Total,European Union - 27 countries (from 2020),2023,93.09,,
ESTAT:ISOC_CI_IN_H(1.0),17/12/24 11:00:00,Annual,Percentage of households,Total,European Union - 27 countries (from 2020),2024,94.09,,
ESTAT:ISOC_CI_IN_H(1.0),17/12/24 11:00:00,Annual,Percentage of households,Total,European Union - 28 countries (2013-2020),2007,54.65,,
ESTAT:ISOC_CI_IN_H(1.0),17/12/24 11:00:00,Annual,Percentage of households,Total,European Union - 28 countries (2013-2020),2008,60.13,,
ESTAT:ISOC_CI_IN_H(1.0),17/12/24 11:00:00,Annual,Percentage of households,Total,European Union - 28 countries (2013-2020),2009,65.69,,
ESTAT:ISOC_CI_IN_H(1.0),17/12/24 11:00:00,Annual,Percentage of households,Total,European Union - 28 countries (2013-2020),2010,69.85,,
ESTAT:ISOC_CI_IN_H(1.0),17/12/24 11:00:00,Annual,Percentage of households,Total,European Union - 28 countries (2013-2020),2011,72.89,,
ESTAT:ISOC_CI_IN_H(1.0),17/12/24 11:00:00,Annual,Percentage of households,Total,European Union - 28 countries (2013-2020),2012,76.05,,
ESTAT:ISOC_CI_IN_H(1.0),17/12/24 11:00:00,Annual,Percentage of households,Total,European Union - 28 countries (2013-2020),2013,78.54,,
ESTAT:ISOC_CI_IN_H(1.0),17/12/24 11:00:00,Annual,Percentage of households,Total,European Union - 28 countries (2013-2020),2014,80.99,,
ESTAT:ISOC_CI_IN_H(1.0),17/12/24 11:00:00,Annual,Percentage of households,Total,European Union - 28 countries (2013-2020),2015,82.60,,
ESTAT:ISOC_CI_IN_H(1.0),17/12/24 11:00:00,Annual,Percentage of households,Total,European Union - 28 countries (2013-2020),2016,85.38,,
ESTAT:ISOC_CI_IN_H(1.0),17/12/24 11:00:00,Annual,Percentage of households,Total,European Union - 28 countries (2013-2020),2017,86.86,,
ESTAT:ISOC_CI_IN_H(1.0),17/12/24 11:00:00,Annual,Percentage of households,Total,European Union - 28 countries (2013-2020),2018,88.80,,
ESTAT:ISOC_CI_IN_H(1.0),17/12/24 11:00:00,Annual,Percentage of households,Total,European Union - 28 countries (2013-2020),2019,90.48,,
ESTAT:ISOC_CI_IN_H(1.0),17/12/24 11:00:00,Annual,Percentage of households,Total,Finland,2002,44.28,,
ESTAT:ISOC_CI_IN_H(1.0),17/12/24 11:00:00,Annual,Percentage of households,Total,Finland,2003,47.36,,
ESTAT:ISOC_CI_IN_H(1.0),17/12/24 11:00:00,Annual,Percentage of households,Total,Finland,2004,50.91,,
ESTAT:ISOC_CI_IN_H(1.0),17/12/24 11:00:00,Annual,Percentage of households,Total,Finland,2005,54.14,,
ESTAT:ISOC_CI_IN_H(1.0),17/12/24 11:00:00,Annual,Percentage of households,Total,Finland,2006,64.73,,
ESTAT:ISOC_CI_IN_H(1.0),17/12/24 11:00:00,Annual,Percentage of households,Total,Finland,2007,68.78,,
ESTAT:ISOC_CI_IN_H(1.0),17/12/24 11:00:00,Annual,Percentage of households,Total,Finland,2008,72.38,,
ESTAT:ISOC_CI_IN_H(1.0),17/12/24 11:00:00,Annual,Percentage of households,Total,Finland,2009,77.78,,
ESTAT:ISOC_CI_IN_H(1.0),17/12/24 11:00:00,Annual,Percentage of households,Total,Finland,2010,80.54,,
ESTAT:ISOC_CI_IN_H(1.0),17/12/24 11:00:00,Annual,Percentage of households,Total,Finland,2011,84.16,,
ESTAT:ISOC_CI_IN_H(1.0),17/12/24 11:00:00,Annual,Percentage of households,Total,Finland,2012,86.80,,
ESTAT:ISOC_CI_IN_H(1.0),17/12/24 11:00:00,Annual,Percentage of households,Total,Finland,2013,89.24,,
ESTAT:ISOC_CI_IN_H(1.0),17/12/24 11:00:00,Annual,Percentage of households,Total,Finland,2014,89.83,,
ESTAT:ISOC_CI_IN_H(1.0),17/12/24 11:00:00,Annual,Percentage of households,Total,Finland,2015,89.93,,
ESTAT:ISOC_CI_IN_H(1.0),17/12/24 11:00:00,Annual,Percentage of households,Total,Finland,2016,91.95,,
ESTAT:ISOC_CI_IN_H(1.0),17/12/24 11:00:00,Annual,Percentage of households,Total,Finland,2017,94.42,,
ESTAT:ISOC_CI_IN_H(1.0),17/12/24 11:00:00,Annual,Percentage of households,Total,Finland,2018,94.28,,
ESTAT:ISOC_CI_IN_H(1.0),17/12/24 11:00:00,Annual,Percentage of households,Total,Finland,2019,94.36,,
ESTAT:ISOC_CI_IN_H(1.0),17/12/24 11:00:00,Annual,Percentage of households,Total,Finland,2020,96.00,,
ESTAT:ISOC_CI_IN_H(1.0),17/12/24 11:00:00,Annual,Percentage of households,Total,Finland,2021,96.56,,
ESTAT:ISOC_CI_IN_H(1.0),17/12/24 11:00:00,Annual,Percentage of households,Total,Finland,2022,97.59,,
ESTAT:ISOC_CI_IN_H(1.0),17/12/24 11:00:00,Annual,Percentage of households,Total,Finland,2023,96.78,,
ESTAT:ISOC_CI_IN_H(1.0),17/12/24 11:00:00,Annual,Percentage of households,Total,Finland,2024,97.35,,
ESTAT:ISOC_CI_IN_H(1.0),17/12/24 11:00:00,Annual,Percentage of households,Total,France,2002,23.04,,
ESTAT:ISOC_CI_IN_H(1.0),17/12/24 11:00:00,Annual,Percentage of households,Total,France,2003,30.98,,
ESTAT:ISOC_CI_IN_H(1.0),17/12/24 11:00:00,Annual,Percentage of households,Total,France,2004,33.61,,
ESTAT:ISOC_CI_IN_H(1.0),17/12/24 11:00:00,Annual,Percentage of households,Total,France,2006,40.93,,
ESTAT:ISOC_CI_IN_H(1.0),17/12/24 11:00:00,Annual,Percentage of households,Total,France,2007,55.05,,
ESTAT:ISOC_CI_IN_H(1.0),17/12/24 11:00:00,Annual,Percentage of households,Total,France,2008,62.32,,
ESTAT:ISOC_CI_IN_H(1.0),17/12/24 11:00:00,Annual,Percentage of households,Total,France,2009,68.87,,
ESTAT:ISOC_CI_IN_H(1.0),17/12/24 11:00:00,Annual,Percentage of households,Total,France,2010,73.61,,
ESTAT:ISOC_CI_IN_H(1.0),17/12/24 11:00:00,Annual,Percentage of households,Total,France,2011,75.92,,
ESTAT:ISOC_CI_IN_H(1.0),17/12/24 11:00:00,Annual,Percentage of households,Total,France,2012,80.00,,
ESTAT:ISOC_CI_IN_H(1.0),17/12/24 11:00:00,Annual,Percentage of households,Total,France,2013,81.72,,
ESTAT:ISOC_CI_IN_H(1.0),17/12/24 11:00:00,Annual,Percentage of households,Total,France,2014,82.96,,
ESTAT:ISOC_CI_IN_H(1.0),17/12/24 11:00:00,Annual,Percentage of households,Total,France,2015,82.62,,
ESTAT:ISOC_CI_IN_H(1.0),17/12/24 11:00:00,Annual,Percentage of households,Total,France,2016,85.87,,
ESTAT:ISOC_CI_IN_H(1.0),17/12/24 11:00:00,Annual,Percentage of households,Total,France,2017,86.41,,
ESTAT:ISOC_CI_IN_H(1.0),17/12/24 11:00:00,Annual,Percentage of households,Total,France,2018,88.56,,
ESTAT:ISOC_CI_IN_H(1.0),17/12/24 11:00:00,Annual,Percentage of households,Total,France,2019,90.17,,
ESTAT:ISOC_CI_IN_H(1.0),17/12/24 11:00:00,Annual,Percentage of households,Total,France,2021,93.33,,
ESTAT:ISOC_CI_IN_H(1.0),17/12/24 11:00:00,Annual,Percentage of households,Total,France,2022,92.25,,
ESTAT:ISOC_CI_IN_H(1.0),17/12/24 11:00:00,Annual,Percentage of households,Total,France,2023,93.34,,
ESTAT:ISOC_CI_IN_H(1.0),17/12/24 11:00:00,Annual,Percentage of households,Total,France,2024,94.44,,
ESTAT:ISOC_CI_IN_H(1.0),17/12/24 11:00:00,Annual,Percentage of households,Total,Croatia,2007,40.59,,
ESTAT:ISOC_CI_IN_H(1.0),17/12/24 11:00:00,Annual,Percentage of households,Total,Croatia,2008,45.26,,
ESTAT:ISOC_CI_IN_H(1.0),17/12/24 11:00:00,Annual,Percentage of households,Total,Croatia,2009,50.04,,
ESTAT:ISOC_CI_IN_H(1.0),17/12/24 11:00:00,Annual,Percentage of households,Total,Croatia,2010,56.50,,
ESTAT:ISOC_CI_IN_H(1.0),17/12/24 11:00:00,Annual,Percentage of households,Total,Croatia,2011,61.41,,
ESTAT:ISOC_CI_IN_H(1.0),17/12/24 11:00:00,Annual,Percentage of households,Total,Croatia,2012,66.41,,
ESTAT:ISOC_CI_IN_H(1.0),17/12/24 11:00:00,Annual,Percentage of households,Total,Croatia,2013,64.58,,
ESTAT:ISOC_CI_IN_H(1.0),17/12/24 11:00:00,Annual,Percentage of households,Total,Croatia,2014,68.37,,
ESTAT:ISOC_CI_IN_H(1.0),17/12/24 11:00:00,Annual,Percentage of households,Total,Croatia,2015,76.71,,
ESTAT:ISOC_CI_IN_H(1.0),17/12/24 11:00:00,Annual,Percentage of households,Total,Croatia,2016,77.34,,
ESTAT:ISOC_CI_IN_H(1.0),17/12/24 11:00:00,Annual,Percentage of households,Total,Croatia,2017,76.45,,
ESTAT:ISOC_CI_IN_H(1.0),17/12/24 11:00:00,Annual,Percentage of households,Total,Croatia,2018,81.52,,
ESTAT:ISOC_CI_IN_H(1.0),17/12/24 11:00:00,Annual,Percentage of households,Total,Croatia,2019,80.52,,
ESTAT:ISOC_CI_IN_H(1.0),17/12/24 11:00:00,Annual,Percentage of households,Total,Croatia,2020,85.00,,
ESTAT:ISOC_CI_IN_H(1.0),17/12/24 11:00:00,Annual,Percentage of households,Total,Croatia,2021,86.09,,
ESTAT:ISOC_CI_IN_H(1.0),17/12/24 11:00:00,Annual,Percentage of households,Total,Croatia,2022,85.52,,
ESTAT:ISOC_CI_IN_H(1.0),17/12/24 11:00:00,Annual,Percentage of households,Total,Croatia,2023,89.56,,
ESTAT:ISOC_CI_IN_H(1.0),17/12/24 11:00:00,Annual,Percentage of households,Total,Croatia,2024,88.37,,
ESTAT:ISOC_CI_IN_H(1.0),17/12/24 11:00:00,Annual,Percentage of households,Total,Hungary,2004,14.18,,
ESTAT:ISOC_CI_IN_H(1.0),17/12/24 11:00:00,Annual,Percentage of households,Total,Hungary,2005,22.12,,
ESTAT:ISOC_CI_IN_H(1.0),17/12/24 11:00:00,Annual,Percentage of households,Total,Hungary,2006,31.65,,
ESTAT:ISOC_CI_IN_H(1.0),17/12/24 11:00:00,Annual,Percentage of households,Total,Hungary,2007,37.72,,
ESTAT:ISOC_CI_IN_H(1.0),17/12/24 11:00:00,Annual,Percentage of households,Total,Hungary,2008,46.63,,
ESTAT:ISOC_CI_IN_H(1.0),17/12/24 11:00:00,Annual,Percentage of households,Total,Hungary,2009,53.42,,
ESTAT:ISOC_CI_IN_H(1.0),17/12/24 11:00:00,Annual,Percentage of households,Total,Hungary,2010,58.41,,
ESTAT:ISOC_CI_IN_H(1.0),17/12/24 11:00:00,Annual,Percentage of households,Total,Hungary,2011,63.22,,
ESTAT:ISOC_CI_IN_H(1.0),17/12/24 11:00:00,Annual,Percentage of households,Total,Hungary,2012,66.81,,
ESTAT:ISOC_CI_IN_H(1.0),17/12/24 11:00:00,Annual,Percentage of households,Total,Hungary,2013,69.66,,
ESTAT:ISOC_CI_IN_H(1.0),17/12/24 11:00:00,Annual,Percentage of households,Total,Hungary,2014,73.06,,
ESTAT:ISOC_CI_IN_H(1.0),17/12/24 11:00:00,Annual,Percentage of households,Total,Hungary,2015,75.64,,
ESTAT:ISOC_CI_IN_H(1.0),17/12/24 11:00:00,Annual,Percentage of households,Total,Hungary,2016,79.18,,
ESTAT:ISOC_CI_IN_H(1.0),17/12/24 11:00:00,Annual,Percentage of households,Total,Hungary,2017,82.35,,
ESTAT:ISOC_CI_IN_H(1.0),17/12/24 11:00:00,Annual,Percentage of households,Total,Hungary,2018,83.31,,
ESTAT:ISOC_CI_IN_H(1.0),17/12/24 11:00:00,Annual,Percentage of households,Total,Hungary,2019,86.20,,
ESTAT:ISOC_CI_IN_H(1.0),17/12/24 11:00:00,Annual,Percentage of households,Total,Hungary,2020,87.63,,
ESTAT:ISOC_CI_IN_H(1.0),17/12/24 11:00:00,Annual,Percentage of households,Total,Hungary,2021,90.78,,
ESTAT:ISOC_CI_IN_H(1.0),17/12/24 11:00:00,Annual,Percentage of households,Total,Hungary,2022,91.44,,
ESTAT:ISOC_CI_IN_H(1.0),17/12/24 11:00:00,Annual,Percentage of households,Total,Hungary,2023,92.73,,
ESTAT:ISOC_CI_IN_H(1.0),17/12/24 11:00:00,Annual,Percentage of households,Total,Hungary,2024,94.78,,
ESTAT:ISOC_CI_IN_H(1.0),17/12/24 11:00:00,Annual,Percentage of households,Total,Ireland,2003,35.57,,
ESTAT:ISOC_CI_IN_H(1.0),17/12/24 11:00:00,Annual,Percentage of households,Total,Ireland,2004,39.73,,
ESTAT:ISOC_CI_IN_H(1.0),17/12/24 11:00:00,Annual,Percentage of households,Total,Ireland,2005,47.18,,
ESTAT:ISOC_CI_IN_H(1.0),17/12/24 11:00:00,Annual,Percentage of households,Total,Ireland,2006,49.95,,
ESTAT:ISOC_CI_IN_H(1.0),17/12/24 11:00:00,Annual,Percentage of households,Total,Ireland,2007,57.27,,
ESTAT:ISOC_CI_IN_H(1.0),17/12/24 11:00:00,Annual,Percentage of households,Total,Ireland,2008,63.05,,
ESTAT:ISOC_CI_IN_H(1.0),17/12/24 11:00:00,Annual,Percentage of households,Total,Ireland,2009,66.67,,
ESTAT:ISOC_CI_IN_H(1.0),17/12/24 11:00:00,Annual,Percentage of households,Total,Ireland,2010,71.69,,
ESTAT:ISOC_CI_IN_H(1.0),17/12/24 11:00:00,Annual,Percentage of households,Total,Ireland,2011,78.12,,
ESTAT:ISOC_CI_IN_H(1.0),17/12/24 11:00:00,Annual,Percentage of households,Total,Ireland,2012,81.09,,
ESTAT:ISOC_CI_IN_H(1.0),17/12/24 11:00:00,Annual,Percentage of households,Total,Ireland,2013,82.39,,
ESTAT:ISOC_CI_IN_H(1.0),17/12/24 11:00:00,Annual,Percentage of households,Total,Ireland,2014,82.17,,
ESTAT:ISOC_CI_IN_H(1.0),17/12/24 11:00:00,Annual,Percentage of households,Total,Ireland,2015,84.86,,
ESTAT:ISOC_CI_IN_H(1.0),17/12/24 11:00:00,Annual,Percentage of households,Total,Ireland,2016,86.91,,
ESTAT:ISOC_CI_IN_H(1.0),17/12/24 11:00:00,Annual,Percentage of households,Total,Ireland,2017,88.37,,
ESTAT:ISOC_CI_IN_H(1.0),17/12/24 11:00:00,Annual,Percentage of households,Total,Ireland,2018,89.11,,
ESTAT:ISOC_CI_IN_H(1.0),17/12/24 11:00:00,Annual,Percentage of households,Total,Ireland,2019,90.59,,
ESTAT:ISOC_CI_IN_H(1.0),17/12/24 11:00:00,Annual,Percentage of households,Total,Ireland,2020,91.82,,
ESTAT:ISOC_CI_IN_H(1.0),17/12/24 11:00:00,Annual,Percentage of households,Total,Ireland,2021,97.50,b,
ESTAT:ISOC_CI_IN_H(1.0),17/12/24 11:00:00,Annual,Percentage of households,Total,Ireland,2022,,u,
ESTAT:ISOC_CI_IN_H(1.0),17/12/24 11:00:00,Annual,Percentage of households,Total,Ireland,2023,93.92,,
ESTAT:ISOC_CI_IN_H(1.0),17/12/24 11:00:00,Annual,Percentage of households,Total,Ireland,2024,92.97,,
ESTAT:ISOC_CI_IN_H(1.0),17/12/24 11:00:00,Annual,Percentage of households,Total,Iceland,2004,80.59,,
ESTAT:ISOC_CI_IN_H(1.0),17/12/24 11:00:00,Annual,Percentage of households,Total,Iceland,2005,84.41,,
ESTAT:ISOC_CI_IN_H(1.0),17/12/24 11:00:00,Annual,Percentage of households,Total,Iceland,2006,83.02,,
ESTAT:ISOC_CI_IN_H(1.0),17/12/24 11:00:00,Annual,Percentage of households,Total,Iceland,2007,83.70,,
ESTAT:ISOC_CI_IN_H(1.0),17/12/24 11:00:00,Annual,Percentage of households,Total,Iceland,2008,87.73,,
ESTAT:ISOC_CI_IN_H(1.0),17/12/24 11:00:00,Annual,Percentage of households,Total,Iceland,2009,89.59,,
ESTAT:ISOC_CI_IN_H(1.0),17/12/24 11:00:00,Annual,Percentage of households,Total,Iceland,2010,92.04,,
ESTAT:ISOC_CI_IN_H(1.0),17/12/24 11:00:00,Annual,Percentage of households,Total,Iceland,2011,92.59,,
ESTAT:ISOC_CI_IN_H(1.0),17/12/24 11:00:00,Annual,Percentage of households,Total,Iceland,2012,94.60,,
ESTAT:ISOC_CI_IN_H(1.0),17/12/24 11:00:00,Annual,Percentage of households,Total,Iceland,2013,96.41,,
ESTAT:ISOC_CI_IN_H(1.0),17/12/24 11:00:00,Annual,Percentage of households,Total,Iceland,2014,96.48,,
ESTAT:ISOC_CI_IN_H(1.0),17/12/24 11:00:00,Annual,Percentage of households,Total,Iceland,2017,97.86,,
ESTAT:ISOC_CI_IN_H(1.0),17/12/24 11:00:00,Annual,Percentage of households,Total,Iceland,2018,99.18,,
ESTAT:ISOC_CI_IN_H(1.0),17/12/24 11:00:00,Annual,Percentage of households,Total,Iceland,2019,97.70,,
ESTAT:ISOC_CI_IN_H(1.0),17/12/24 11:00:00,Annual,Percentage of households,Total,Iceland,2020,98.48,,
ESTAT:ISOC_CI_IN_H(1.0),17/12/24 11:00:00,Annual,Percentage of households,Total,Iceland,2021,98.36,,
ESTAT:ISOC_CI_IN_H(1.0),17/12/24 11:00:00,Annual,Percentage of households,Total,Italy,2002,33.75,,
ESTAT:ISOC_CI_IN_H(1.0),17/12/24 11:00:00,Annual,Percentage of households,Total,Italy,2003,32.08,,
ESTAT:ISOC_CI_IN_H(1.0),17/12/24 11:00:00,Annual,Percentage of households,Total,Italy,2004,34.11,,
ESTAT:ISOC_CI_IN_H(1.0),17/12/24 11:00:00,Annual,Percentage of households,Total,Italy,2005,38.58,,
ESTAT:ISOC_CI_IN_H(1.0),17/12/24 11:00:00,Annual,Percentage of households,Total,Italy,2006,40.01,,
ESTAT:ISOC_CI_IN_H(1.0),17/12/24 11:00:00,Annual,Percentage of households,Total,Italy,2007,43.38,,
ESTAT:ISOC_CI_IN_H(1.0),17/12/24 11:00:00,Annual,Percentage of households,Total,Italy,2008,46.93,,
ESTAT:ISOC_CI_IN_H(1.0),17/12/24 11:00:00,Annual,Percentage of households,Total,Italy,2009,53.48,,
ESTAT:ISOC_CI_IN_H(1.0),17/12/24 11:00:00,Annual,Percentage of households,Total,Italy,2010,58.97,,
ESTAT:ISOC_CI_IN_H(1.0),17/12/24 11:00:00,Annual,Percentage of households,Total,Italy,2011,61.57,,
ESTAT:ISOC_CI_IN_H(1.0),17/12/24 11:00:00,Annual,Percentage of households,Total,Italy,2012,62.92,,
ESTAT:ISOC_CI_IN_H(1.0),17/12/24 11:00:00,Annual,Percentage of households,Total,Italy,2013,68.91,,
ESTAT:ISOC_CI_IN_H(1.0),17/12/24 11:00:00,Annual,Percentage of households,Total,Italy,2014,72.61,,
ESTAT:ISOC_CI_IN_H(1.0),17/12/24 11:00:00,Annual,Percentage of households,Total,Italy,2015,75.39,,
ESTAT:ISOC_CI_IN_H(1.0),17/12/24 11:00:00,Annual,Percentage of households,Total,Italy,2016,78.51,,
ESTAT:ISOC_CI_IN_H(1.0),17/12/24 11:00:00,Annual,Percentage of households,Total,Italy,2017,81.02,,
ESTAT:ISOC_CI_IN_H(1.0),17/12/24 11:00:00,Annual,Percentage of households,Total,Italy,2018,84.34,,
ESTAT:ISOC_CI_IN_H(1.0),17/12/24 11:00:00,Annual,Percentage of households,Total,Italy,2019,85.17,,
ESTAT:ISOC_CI_IN_H(1.0),17/12/24 11:00:00,Annual,Percentage of households,Total,Italy,2020,88.10,,
ESTAT:ISOC_CI_IN_H(1.0),17/12/24 11:00:00,Annual,Percentage of households,Total,Italy,2021,90.49,,
ESTAT:ISOC_CI_IN_H(1.0),17/12/24 11:00:00,Annual,Percentage of households,Total,Italy,2022,91.45,,
ESTAT:ISOC_CI_IN_H(1.0),17/12/24 11:00:00,Annual,Percentage of households,Total,Italy,2023,91.89,,
ESTAT:ISOC_CI_IN_H(1.0),17/12/24 11:00:00,Annual,Percentage of households,Total,Italy,2024,93.41,,
ESTAT:ISOC_CI_IN_H(1.0),17/12/24 11:00:00,Annual,Percentage of households,Total,Lithuania,2002,4.10,,
ESTAT:ISOC_CI_IN_H(1.0),17/12/24 11:00:00,Annual,Percentage of households,Total,Lithuania,2003,6.15,,
ESTAT:ISOC_CI_IN_H(1.0),17/12/24 11:00:00,Annual,Percentage of households,Total,Lithuania,2004,11.60,,
ESTAT:ISOC_CI_IN_H(1.0),17/12/24 11:00:00,Annual,Percentage of households,Total,Lithuania,2005,15.78,,
ESTAT:ISOC_CI_IN_H(1.0),17/12/24 11:00:00,Annual,Percentage of households,Total,Lithuania,2006,34.51,,
ESTAT:ISOC_CI_IN_H(1.0),17/12/24 11:00:00,Annual,Percentage of households,Total,Lithuania,2007,44.36,,
ESTAT:ISOC_CI_IN_H(1.0),17/12/24 11:00:00,Annual,Percentage of households,Total,Lithuania,2008,50.94,,
ESTAT:ISOC_CI_IN_H(1.0),17/12/24 11:00:00,Annual,Percentage of households,Total,Lithuania,2009,60.00,,
ESTAT:ISOC_CI_IN_H(1.0),17/12/24 11:00:00,Annual,Percentage of households,Total,Lithuania,2010,60.58,,
ESTAT:ISOC_CI_IN_H(1.0),17/12/24 11:00:00,Annual,Percentage of households,Total,Lithuania,2011,60.14,,
ESTAT:ISOC_CI_IN_H(1.0),17/12/24 11:00:00,Annual,Percentage of households,Total,Lithuania,2012,60.12,,
ESTAT:ISOC_CI_IN_H(1.0),17/12/24 11:00:00,Annual,Percentage of households,Total,Lithuania,2013,64.73,,
ESTAT:ISOC_CI_IN_H(1.0),17/12/24 11:00:00,Annual,Percentage of households,Total,Lithuania,2014,65.97,,
ESTAT:ISOC_CI_IN_H(1.0),17/12/24 11:00:00,Annual,Percentage of households,Total,Lithuania,2015,68.26,,
ESTAT:ISOC_CI_IN_H(1.0),17/12/24 11:00:00,Annual,Percentage of households,Total,Lithuania,2016,71.75,,
ESTAT:ISOC_CI_IN_H(1.0),17/12/24 11:00:00,Annual,Percentage of households,Total,Lithuania,2017,74.97,,
ESTAT:ISOC_CI_IN_H(1.0),17/12/24 11:00:00,Annual,Percentage of households,Total,Lithuania,2018,78.38,,
ESTAT:ISOC_CI_IN_H(1.0),17/12/24 11:00:00,Annual,Percentage of households,Total,Lithuania,2019,81.52,,
ESTAT:ISOC_CI_IN_H(1.0),17/12/24 11:00:00,Annual,Percentage of households,Total,Lithuania,2020,82.13,,
ESTAT:ISOC_CI_IN_H(1.0),17/12/24 11:00:00,Annual,Percentage of households,Total,Lithuania,2021,86.55,,
ESTAT:ISOC_CI_IN_H(1.0),17/12/24 11:00:00,Annual,Percentage of households,Total,Lithuania,2022,87.71,,
ESTAT:ISOC_CI_IN_H(1.0),17/12/24 11:00:00,Annual,Percentage of households,Total,Lithuania,2023,88.59,,
ESTAT:ISOC_CI_IN_H(1.0),17/12/24 11:00:00,Annual,Percentage of households,Total,Lithuania,2024,90.38,,
ESTAT:ISOC_CI_IN_H(1.0),17/12/24 11:00:00,Annual,Percentage of households,Total,Luxembourg,2002,39.89,,
ESTAT:ISOC_CI_IN_H(1.0),17/12/24 11:00:00,Annual,Percentage of households,Total,Luxembourg,2003,45.39,,
ESTAT:ISOC_CI_IN_H(1.0),17/12/24 11:00:00,Annual,Percentage of households,Total,Luxembourg,2004,58.64,,
ESTAT:ISOC_CI_IN_H(1.0),17/12/24 11:00:00,Annual,Percentage of households,Total,Luxembourg,2005,64.58,,
ESTAT:ISOC_CI_IN_H(1.0),17/12/24 11:00:00,Annual,Percentage of households,Total,Luxembourg,2006,70.18,,
ESTAT:ISOC_CI_IN_H(1.0),17/12/24 11:00:00,Annual,Percentage of households,Total,Luxembourg,2007,74.55,,
ESTAT:ISOC_CI_IN_H(1.0),17/12/24 11:00:00,Annual,Percentage of households,Total,Luxembourg,2008,80.09,,
ESTAT:ISOC_CI_IN_H(1.0),17/12/24 11:00:00,Annual,Percentage of households,Total,Luxembourg,2009,87.20,,
ESTAT:ISOC_CI_IN_H(1.0),17/12/24 11:00:00,Annual,Percentage of households,Total,Luxembourg,2010,90.28,,
ESTAT:ISOC_CI_IN_H(1.0),17/12/24 11:00:00,Annual,Percentage of households,Total,Luxembourg,2011,90.62,,
ESTAT:ISOC_CI_IN_H(1.0),17/12/24 11:00:00,Annual,Percentage of households,Total,Luxembourg,2012,93.08,,
ESTAT:ISOC_CI_IN_H(1.0),17/12/24 11:00:00,Annual,Percentage of households,Total,Luxembourg,2013,94.46,,
ESTAT:ISOC_CI_IN_H(1.0),17/12/24 11:00:00,Annual,Percentage of households,Total,Luxembourg,2014,95.56,,
ESTAT:ISOC_CI_IN_H(1.0),17/12/24 11:00:00,Annual,Percentage of households,Total,Luxembourg,2015,96.78,,
ESTAT:ISOC_CI_IN_H(1.0),17/12/24 11:00:00,Annual,Percentage of households,Total,Luxembourg,2016,97.04,,
ESTAT:ISOC_CI_IN_H(1.0),17/12/24 11:00:00,Annual,Percentage of households,Total,Luxembourg,2017,97.23,,
ESTAT:ISOC_CI_IN_H(1.0),17/12/24 11:00:00,Annual,Percentage of households,Total,Luxembourg,2018,92.99,b,
ESTAT:ISOC_CI_IN_H(1.0),17/12/24 11:00:00,Annual,Percentage of households,Total,Luxembourg,2019,95.20,,
ESTAT:ISOC_CI_IN_H(1.0),17/12/24 11:00:00,Annual,Percentage of households,Total,Luxembourg,2020,93.57,,
ESTAT:ISOC_CI_IN_H(1.0),17/12/24 11:00:00,Annual,Percentage of households,Total,Luxembourg,2021,99.18,,
ESTAT:ISOC_CI_IN_H(1.0),17/12/24 11:00:00,Annual,Percentage of households,Total,Luxembourg,2022,97.64,,
ESTAT:ISOC_CI_IN_H(1.0),17/12/24 11:00:00,Annual,Percentage of households,Total,Luxembourg,2023,99.06,,
ESTAT:ISOC_CI_IN_H(1.0),17/12/24 11:00:00,Annual,Percentage of households,Total,Luxembourg,2024,98.84,,
ESTAT:ISOC_CI_IN_H(1.0),17/12/24 11:00:00,Annual,Percentage of households,Total,Latvia,2002,3.00,,
ESTAT:ISOC_CI_IN_H(1.0),17/12/24 11:00:00,Annual,Percentage of households,Total,Latvia,2004,14.65,,
ESTAT:ISOC_CI_IN_H(1.0),17/12/24 11:00:00,Annual,Percentage of households,Total,Latvia,2005,30.52,,
ESTAT:ISOC_CI_IN_H(1.0),17/12/24 11:00:00,Annual,Percentage of households,Total,Latvia,2006,42.20,,
ESTAT:ISOC_CI_IN_H(1.0),17/12/24 11:00:00,Annual,Percentage of households,Total,Latvia,2007,50.53,,
ESTAT:ISOC_CI_IN_H(1.0),17/12/24 11:00:00,Annual,Percentage of households,Total,Latvia,2008,52.81,,
ESTAT:ISOC_CI_IN_H(1.0),17/12/24 11:00:00,Annual,Percentage of households,Total,Latvia,2009,58.02,,
ESTAT:ISOC_CI_IN_H(1.0),17/12/24 11:00:00,Annual,Percentage of households,Total,Latvia,2010,59.77,,
ESTAT:ISOC_CI_IN_H(1.0),17/12/24 11:00:00,Annual,Percentage of households,Total,Latvia,2011,63.64,,
ESTAT:ISOC_CI_IN_H(1.0),17/12/24 11:00:00,Annual,Percentage of households,Total,Latvia,2012,68.68,,
ESTAT:ISOC_CI_IN_H(1.0),17/12/24 11:00:00,Annual,Percentage of households,Total,Latvia,2013,71.60,,
ESTAT:ISOC_CI_IN_H(1.0),17/12/24 11:00:00,Annual,Percentage of households,Total,Latvia,2014,73.38,,
ESTAT:ISOC_CI_IN_H(1.0),17/12/24 11:00:00,Annual,Percentage of households,Total,Latvia,2015,76.00,,
ESTAT:ISOC_CI_IN_H(1.0),17/12/24 11:00:00,Annual,Percentage of households,Total,Latvia,2016,77.34,b,
ESTAT:ISOC_CI_IN_H(1.0),17/12/24 11:00:00,Annual,Percentage of households,Total,Latvia,2017,78.61,,
ESTAT:ISOC_CI_IN_H(1.0),17/12/24 11:00:00,Annual,Percentage of households,Total,Latvia,2018,81.58,,
ESTAT:ISOC_CI_IN_H(1.0),17/12/24 11:00:00,Annual,Percentage of households,Total,Latvia,2019,85.45,,
ESTAT:ISOC_CI_IN_H(1.0),17/12/24 11:00:00,Annual,Percentage of households,Total,Latvia,2020,89.73,,
ESTAT:ISOC_CI_IN_H(1.0),17/12/24 11:00:00,Annual,Percentage of households,Total,Latvia,2021,91.15,,
ESTAT:ISOC_CI_IN_H(1.0),17/12/24 11:00:00,Annual,Percentage of households,Total,Latvia,2022,91.39,,
ESTAT:ISOC_CI_IN_H(1.0),17/12/24 11:00:00,Annual,Percentage of households,Total,Latvia,2023,93.07,,
ESTAT:ISOC_CI_IN_H(1.0),17/12/24 11:00:00,Annual,Percentage of households,Total,Latvia,2024,94.33,,
ESTAT:ISOC_CI_IN_H(1.0),17/12/24 11:00:00,Annual,Percentage of households,Total,Montenegro,2012,54.99,,
ESTAT:ISOC_CI_IN_H(1.0),17/12/24 11:00:00,Annual,Percentage of households,Total,Montenegro,2017,70.57,,
ESTAT:ISOC_CI_IN_H(1.0),17/12/24 11:00:00,Annual,Percentage of households,Total,Montenegro,2018,72.18,,
ESTAT:ISOC_CI_IN_H(1.0),17/12/24 11:00:00,Annual,Percentage of households,Total,Montenegro,2019,74.25,,
ESTAT:ISOC_CI_IN_H(1.0),17/12/24 11:00:00,Annual,Percentage of households,Total,Montenegro,2020,80.26,,
ESTAT:ISOC_CI_IN_H(1.0),17/12/24 11:00:00,Annual,Percentage of households,Total,Montenegro,2021,80.76,,
ESTAT:ISOC_CI_IN_H(1.0),17/12/24 11:00:00,Annual,Percentage of households,Total,Montenegro,2022,80.96,,
ESTAT:ISOC_CI_IN_H(1.0),17/12/24 11:00:00,Annual,Percentage of households,Total,Montenegro,2023,81.28,,
ESTAT:ISOC_CI_IN_H(1.0),17/12/24 11:00:00,Annual,Percentage of households,Total,Montenegro,2024,84.50,,
ESTAT:ISOC_CI_IN_H(1.0),17/12/24 11:00:00,Annual,Percentage of households,Total,North Macedonia,2004,11.18,,
ESTAT:ISOC_CI_IN_H(1.0),17/12/24 11:00:00,Annual,Percentage of households,Total,North Macedonia,2006,13.90,,
ESTAT:ISOC_CI_IN_H(1.0),17/12/24 11:00:00,Annual,Percentage of households,Total,North Macedonia,2008,29.36,,
ESTAT:ISOC_CI_IN_H(1.0),17/12/24 11:00:00,Annual,Percentage of households,Total,North Macedonia,2009,41.79,,
ESTAT:ISOC_CI_IN_H(1.0),17/12/24 11:00:00,Annual,Percentage of households,Total,North Macedonia,2010,46.10,,
ESTAT:ISOC_CI_IN_H(1.0),17/12/24 11:00:00,Annual,Percentage of households,Total,North Macedonia,2012,58.30,,
ESTAT:ISOC_CI_IN_H(1.0),17/12/24 11:00:00,Annual,Percentage of households,Total,North Macedonia,2013,65.08,,
ESTAT:ISOC_CI_IN_H(1.0),17/12/24 11:00:00,Annual,Percentage of households,Total,North Macedonia,2014,68.34,,
ESTAT:ISOC_CI_IN_H(1.0),17/12/24 11:00:00,Annual,Percentage of households,Total,North Macedonia,2015,69.38,,
ESTAT:ISOC_CI_IN_H(1.0),17/12/24 11:00:00,Annual,Percentage of households,Total,North Macedonia,2016,75.29,,
ESTAT:ISOC_CI_IN_H(1.0),17/12/24 11:00:00,Annual,Percentage of households,Total,North Macedonia,2017,73.58,,
ESTAT:ISOC_CI_IN_H(1.0),17/12/24 11:00:00,Annual,Percentage of households,Total,North Macedonia,2018,79.32,,
ESTAT:ISOC_CI_IN_H(1.0),17/12/24 11:00:00,Annual,Percentage of households,Total,North Macedonia,2019,81.62,,
ESTAT:ISOC_CI_IN_H(1.0),17/12/24 11:00:00,Annual,Percentage of households,Total,North Macedonia,2020,79.39,,
ESTAT:ISOC_CI_IN_H(1.0),17/12/24 11:00:00,Annual,Percentage of households,Total,North Macedonia,2021,83.74,,
ESTAT:ISOC_CI_IN_H(1.0),17/12/24 11:00:00,Annual,Percentage of households,Total,North Macedonia,2024,90.81,,
ESTAT:ISOC_CI_IN_H(1.0),17/12/24 11:00:00,Annual,Percentage of households,Total,Malta,2005,40.57,,
ESTAT:ISOC_CI_IN_H(1.0),17/12/24 11:00:00,Annual,Percentage of households,Total,Malta,2006,52.78,,
ESTAT:ISOC_CI_IN_H(1.0),17/12/24 11:00:00,Annual,Percentage of households,Total,Malta,2007,53.92,,
ESTAT:ISOC_CI_IN_H(1.0),17/12/24 11:00:00,Annual,Percentage of households,Total,Malta,2008,59.00,,
ESTAT:ISOC_CI_IN_H(1.0),17/12/24 11:00:00,Annual,Percentage of households,Total,Malta,2009,64.45,,
ESTAT:ISOC_CI_IN_H(1.0),17/12/24 11:00:00,Annual,Percentage of households,Total,Malta,2010,70.45,,
ESTAT:ISOC_CI_IN_H(1.0),17/12/24 11:00:00,Annual,Percentage of households,Total,Malta,2011,75.29,,
ESTAT:ISOC_CI_IN_H(1.0),17/12/24 11:00:00,Annual,Percentage of households,Total,Malta,2012,76.70,,
ESTAT:ISOC_CI_IN_H(1.0),17/12/24 11:00:00,Annual,Percentage of households,Total,Malta,2013,78.04,,
ESTAT:ISOC_CI_IN_H(1.0),17/12/24 11:00:00,Annual,Percentage of households,Total,Malta,2014,80.32,,
ESTAT:ISOC_CI_IN_H(1.0),17/12/24 11:00:00,Annual,Percentage of households,Total,Malta,2015,81.00,,
ESTAT:ISOC_CI_IN_H(1.0),17/12/24 11:00:00,Annual,Percentage of households,Total,Malta,2016,81.41,,
ESTAT:ISOC_CI_IN_H(1.0),17/12/24 11:00:00,Annual,Percentage of households,Total,Malta,2017,84.77,,
ESTAT:ISOC_CI_IN_H(1.0),17/12/24 11:00:00,Annual,Percentage of households,Total,Malta,2018,84.14,,
ESTAT:ISOC_CI_IN_H(1.0),17/12/24 11:00:00,Annual,Percentage of households,Total,Malta,2019,86.08,,
ESTAT:ISOC_CI_IN_H(1.0),17/12/24 11:00:00,Annual,Percentage of households,Total,Malta,2020,90.36,,
ESTAT:ISOC_CI_IN_H(1.0),17/12/24 11:00:00,Annual,Percentage of households,Total,Malta,2021,90.54,,
ESTAT:ISOC_CI_IN_H(1.0),17/12/24 11:00:00,Annual,Percentage of households,Total,Malta,2022,93.39,,
ESTAT:ISOC_CI_IN_H(1.0),17/12/24 11:00:00,Annual,Percentage of households,Total,Malta,2023,93.54,,
ESTAT:ISOC_CI_IN_H(1.0),17/12/24 11:00:00,Annual,Percentage of households,Total,Malta,2024,95.58,,
ESTAT:ISOC_CI_IN_H(1.0),17/12/24 11:00:00,Annual,Percentage of households,Total,Netherlands,2002,58.00,,
ESTAT:ISOC_CI_IN_H(1.0),17/12/24 11:00:00,Annual,Percentage of households,Total,Netherlands,2003,60.53,,
ESTAT:ISOC_CI_IN_H(1.0),17/12/24 11:00:00,Annual,Percentage of households,Total,Netherlands,2004,64.99,,
ESTAT:ISOC_CI_IN_H(1.0),17/12/24 11:00:00,Annual,Percentage of households,Total,Netherlands,2005,78.26,,
ESTAT:ISOC_CI_IN_H(1.0),17/12/24 11:00:00,Annual,Percentage of households,Total,Netherlands,2006,80.26,,
ESTAT:ISOC_CI_IN_H(1.0),17/12/24 11:00:00,Annual,Percentage of households,Total,Netherlands,2007,82.89,,
ESTAT:ISOC_CI_IN_H(1.0),17/12/24 11:00:00,Annual,Percentage of households,Total,Netherlands,2008,86.08,,
ESTAT:ISOC_CI_IN_H(1.0),17/12/24 11:00:00,Annual,Percentage of households,Total,Netherlands,2009,89.70,,
ESTAT:ISOC_CI_IN_H(1.0),17/12/24 11:00:00,Annual,Percentage of households,Total,Netherlands,2010,90.89,,
ESTAT:ISOC_CI_IN_H(1.0),17/12/24 11:00:00,Annual,Percentage of households,Total,Netherlands,2011,93.64,,
ESTAT:ISOC_CI_IN_H(1.0),17/12/24 11:00:00,Annual,Percentage of households,Total,Netherlands,2012,93.55,,
ESTAT:ISOC_CI_IN_H(1.0),17/12/24 11:00:00,Annual,Percentage of households,Total,Netherlands,2013,94.63,,
ESTAT:ISOC_CI_IN_H(1.0),17/12/24 11:00:00,Annual,Percentage of households,Total,Netherlands,2014,95.78,,
ESTAT:ISOC_CI_IN_H(1.0),17/12/24 11:00:00,Annual,Percentage of households,Total,Netherlands,2015,95.97,,
ESTAT:ISOC_CI_IN_H(1.0),17/12/24 11:00:00,Annual,Percentage of households,Total,Netherlands,2016,96.66,,
ESTAT:ISOC_CI_IN_H(1.0),17/12/24 11:00:00,Annual,Percentage of households,Total,Netherlands,2017,98.23,,
ESTAT:ISOC_CI_IN_H(1.0),17/12/24 11:00:00,Annual,Percentage of households,Total,Netherlands,2018,98.00,,
ESTAT:ISOC_CI_IN_H(1.0),17/12/24 11:00:00,Annual,Percentage of households,Total,Netherlands,2019,98.41,,
ESTAT:ISOC_CI_IN_H(1.0),17/12/24 11:00:00,Annual,Percentage of households,Total,Netherlands,2020,96.95,,
ESTAT:ISOC_CI_IN_H(1.0),17/12/24 11:00:00,Annual,Percentage of households,Total,Netherlands,2021,98.56,,
ESTAT:ISOC_CI_IN_H(1.0),17/12/24 11:00:00,Annual,Percentage of households,Total,Netherlands,2022,98.28,,
ESTAT:ISOC_CI_IN_H(1.0),17/12/24 11:00:00,Annual,Percentage of households,Total,Netherlands,2023,98.86,,
ESTAT:ISOC_CI_IN_H(1.0),17/12/24 11:00:00,Annual,Percentage of households,Total,Netherlands,2024,99.04,,
ESTAT:ISOC_CI_IN_H(1.0),17/12/24 11:00:00,Annual,Percentage of households,Total,Norway,2003,60.49,,
ESTAT:ISOC_CI_IN_H(1.0),17/12/24 11:00:00,Annual,Percentage of households,Total,Norway,2004,60.09,,
ESTAT:ISOC_CI_IN_H(1.0),17/12/24 11:00:00,Annual,Percentage of households,Total,Norway,2005,64.01,,
ESTAT:ISOC_CI_IN_H(1.0),17/12/24 11:00:00,Annual,Percentage of households,Total,Norway,2006,68.79,,
ESTAT:ISOC_CI_IN_H(1.0),17/12/24 11:00:00,Annual,Percentage of households,Total,Norway,2007,77.59,,
ESTAT:ISOC_CI_IN_H(1.0),17/12/24 11:00:00,Annual,Percentage of households,Total,Norway,2008,83.97,,
ESTAT:ISOC_CI_IN_H(1.0),17/12/24 11:00:00,Annual,Percentage of households,Total,Norway,2009,85.56,,
ESTAT:ISOC_CI_IN_H(1.0),17/12/24 11:00:00,Annual,Percentage of households,Total,Norway,2010,89.79,,
ESTAT:ISOC_CI_IN_H(1.0),17/12/24 11:00:00,Annual,Percentage of households,Total,Norway,2011,92.24,,
ESTAT:ISOC_CI_IN_H(1.0),17/12/24 11:00:00,Annual,Percentage of households,Total,Norway,2012,92.69,,
ESTAT:ISOC_CI_IN_H(1.0),17/12/24 11:00:00,Annual,Percentage of households,Total,Norway,2013,94.29,,
ESTAT:ISOC_CI_IN_H(1.0),17/12/24 11:00:00,Annual,Percentage of households,Total,Norway,2014,93.07,,
ESTAT:ISOC_CI_IN_H(1.0),17/12/24 11:00:00,Annual,Percentage of households,Total,Norway,2015,96.60,,
ESTAT:ISOC_CI_IN_H(1.0),17/12/24 11:00:00,Annual,Percentage of households,Total,Norway,2016,97.05,,
ESTAT:ISOC_CI_IN_H(1.0),17/12/24 11:00:00,Annual,Percentage of households,Total,Norway,2017,96.65,,
ESTAT:ISOC_CI_IN_H(1.0),17/12/24 11:00:00,Annual,Percentage of households,Total,Norway,2018,96.01,,
ESTAT:ISOC_CI_IN_H(1.0),17/12/24 11:00:00,Annual,Percentage of households,Total,Norway,2019,98.38,,
ESTAT:ISOC_CI_IN_H(1.0),17/12/24 11:00:00,Annual,Percentage of households,Total,Norway,2020,96.20,,
ESTAT:ISOC_CI_IN_H(1.0),17/12/24 11:00:00,Annual,Percentage of households,Total,Norway,2021,98.93,,
ESTAT:ISOC_CI_IN_H(1.0),17/12/24 11:00:00,Annual,Percentage of households,Total,Norway,2022,99.01,,
ESTAT:ISOC_CI_IN_H(1.0),17/12/24 11:00:00,Annual,Percentage of households,Total,Norway,2023,99.01,,
ESTAT:ISOC_CI_IN_H(1.0),17/12/24 11:00:00,Annual,Percentage of households,Total,Norway,2024,98.10,,
ESTAT:ISOC_CI_IN_H(1.0),17/12/24 11:00:00,Annual,Percentage of households,Total,Poland,2002,11.00,,
ESTAT:ISOC_CI_IN_H(1.0),17/12/24 11:00:00,Annual,Percentage of households,Total,Poland,2003,14.00,,
ESTAT:ISOC_CI_IN_H(1.0),17/12/24 11:00:00,Annual,Percentage of households,Total,Poland,2004,26.02,,
ESTAT:ISOC_CI_IN_H(1.0),17/12/24 11:00:00,Annual,Percentage of households,Total,Poland,2005,30.44,,
ESTAT:ISOC_CI_IN_H(1.0),17/12/24 11:00:00,Annual,Percentage of households,Total,Poland,2006,35.94,,
ESTAT:ISOC_CI_IN_H(1.0),17/12/24 11:00:00,Annual,Percentage of households,Total,Poland,2007,40.98,,
ESTAT:ISOC_CI_IN_H(1.0),17/12/24 11:00:00,Annual,Percentage of households,Total,Poland,2008,47.60,,
ESTAT:ISOC_CI_IN_H(1.0),17/12/24 11:00:00,Annual,Percentage of households,Total,Poland,2009,58.59,,
ESTAT:ISOC_CI_IN_H(1.0),17/12/24 11:00:00,Annual,Percentage of households,Total,Poland,2010,63.44,,
ESTAT:ISOC_CI_IN_H(1.0),17/12/24 11:00:00,Annual,Percentage of households,Total,Poland,2011,66.64,,
ESTAT:ISOC_CI_IN_H(1.0),17/12/24 11:00:00,Annual,Percentage of households,Total,Poland,2012,70.49,,
ESTAT:ISOC_CI_IN_H(1.0),17/12/24 11:00:00,Annual,Percentage of households,Total,Poland,2013,71.90,,
ESTAT:ISOC_CI_IN_H(1.0),17/12/24 11:00:00,Annual,Percentage of households,Total,Poland,2014,74.76,,
ESTAT:ISOC_CI_IN_H(1.0),17/12/24 11:00:00,Annual,Percentage of households,Total,Poland,2015,75.78,,
ESTAT:ISOC_CI_IN_H(1.0),17/12/24 11:00:00,Annual,Percentage of households,Total,Poland,2016,80.45,,
ESTAT:ISOC_CI_IN_H(1.0),17/12/24 11:00:00,Annual,Percentage of households,Total,Poland,2017,81.88,,
ESTAT:ISOC_CI_IN_H(1.0),17/12/24 11:00:00,Annual,Percentage of households,Total,Poland,2018,84.19,,
ESTAT:ISOC_CI_IN_H(1.0),17/12/24 11:00:00,Annual,Percentage of households,Total,Poland,2019,86.75,,
ESTAT:ISOC_CI_IN_H(1.0),17/12/24 11:00:00,Annual,Percentage of households,Total,Poland,2020,90.38,,
ESTAT:ISOC_CI_IN_H(1.0),17/12/24 11:00:00,Annual,Percentage of households,Total,Poland,2021,92.42,,
ESTAT:ISOC_CI_IN_H(1.0),17/12/24 11:00:00,Annual,Percentage of households,Total,Poland,2022,93.33,,
ESTAT:ISOC_CI_IN_H(1.0),17/12/24 11:00:00,Annual,Percentage of households,Total,Poland,2023,93.30,,
ESTAT:ISOC_CI_IN_H(1.0),17/12/24 11:00:00,Annual,Percentage of households,Total,Poland,2024,95.89,,
ESTAT:ISOC_CI_IN_H(1.0),17/12/24 11:00:00,Annual,Percentage of households,Total,Portugal,2002,15.12,,
ESTAT:ISOC_CI_IN_H(1.0),17/12/24 11:00:00,Annual,Percentage of households,Total,Portugal,2003,21.69,,
ESTAT:ISOC_CI_IN_H(1.0),17/12/24 11:00:00,Annual,Percentage of households,Total,Portugal,2004,26.17,,
ESTAT:ISOC_CI_IN_H(1.0),17/12/24 11:00:00,Annual,Percentage of households,Total,Portugal,2005,31.46,,
ESTAT:ISOC_CI_IN_H(1.0),17/12/24 11:00:00,Annual,Percentage of households,Total,Portugal,2006,35.15,,
ESTAT:ISOC_CI_IN_H(1.0),17/12/24 11:00:00,Annual,Percentage of households,Total,Portugal,2007,39.61,,
ESTAT:ISOC_CI_IN_H(1.0),17/12/24 11:00:00,Annual,Percentage of households,Total,Portugal,2008,46.04,,
ESTAT:ISOC_CI_IN_H(1.0),17/12/24 11:00:00,Annual,Percentage of households,Total,Portugal,2009,47.89,,
ESTAT:ISOC_CI_IN_H(1.0),17/12/24 11:00:00,Annual,Percentage of households,Total,Portugal,2010,53.73,,
ESTAT:ISOC_CI_IN_H(1.0),17/12/24 11:00:00,Annual,Percentage of households,Total,Portugal,2011,57.97,,
ESTAT:ISOC_CI_IN_H(1.0),17/12/24 11:00:00,Annual,Percentage of households,Total,Portugal,2012,61.02,,
ESTAT:ISOC_CI_IN_H(1.0),17/12/24 11:00:00,Annual,Percentage of households,Total,Portugal,2013,62.34,,
ESTAT:ISOC_CI_IN_H(1.0),17/12/24 11:00:00,Annual,Percentage of households,Total,Portugal,2014,64.87,,
ESTAT:ISOC_CI_IN_H(1.0),17/12/24 11:00:00,Annual,Percentage of households,Total,Portugal,2015,70.23,,
ESTAT:ISOC_CI_IN_H(1.0),17/12/24 11:00:00,Annual,Percentage of households,Total,Portugal,2016,74.05,,
ESTAT:ISOC_CI_IN_H(1.0),17/12/24 11:00:00,Annual,Percentage of households,Total,Portugal,2017,76.94,,
ESTAT:ISOC_CI_IN_H(1.0),17/12/24 11:00:00,Annual,Percentage of households,Total,Portugal,2018,79.43,,
ESTAT:ISOC_CI_IN_H(1.0),17/12/24 11:00:00,Annual,Percentage of households,Total,Portugal,2019,80.94,,
ESTAT:ISOC_CI_IN_H(1.0),17/12/24 11:00:00,Annual,Percentage of households,Total,Portugal,2020,84.49,,
ESTAT:ISOC_CI_IN_H(1.0),17/12/24 11:00:00,Annual,Percentage of households,Total,Portugal,2021,87.34,,
ESTAT:ISOC_CI_IN_H(1.0),17/12/24 11:00:00,Annual,Percentage of households,Total,Portugal,2022,88.15,,
ESTAT:ISOC_CI_IN_H(1.0),17/12/24 11:00:00,Annual,Percentage of households,Total,Portugal,2023,89.01,,
ESTAT:ISOC_CI_IN_H(1.0),17/12/24 11:00:00,Annual,Percentage of households,Total,Portugal,2024,90.60,,
ESTAT:ISOC_CI_IN_H(1.0),17/12/24 11:00:00,Annual,Percentage of households,Total,Romania,2004,5.58,,
ESTAT:ISOC_CI_IN_H(1.0),17/12/24 11:00:00,Annual,Percentage of households,Total,Romania,2006,14.25,,
ESTAT:ISOC_CI_IN_H(1.0),17/12/24 11:00:00,Annual,Percentage of households,Total,Romania,2007,22.25,,
ESTAT:ISOC_CI_IN_H(1.0),17/12/24 11:00:00,Annual,Percentage of households,Total,Romania,2008,29.60,,
ESTAT:ISOC_CI_IN_H(1.0),17/12/24 11:00:00,Annual,Percentage of households,Total,Romania,2009,37.95,,
ESTAT:ISOC_CI_IN_H(1.0),17/12/24 11:00:00,Annual,Percentage of households,Total,Romania,2010,42.18,,
ESTAT:ISOC_CI_IN_H(1.0),17/12/24 11:00:00,Annual,Percentage of households,Total,Romania,2011,47.44,,
ESTAT:ISOC_CI_IN_H(1.0),17/12/24 11:00:00,Annual,Percentage of households,Total,Romania,2012,53.77,,
ESTAT:ISOC_CI_IN_H(1.0),17/12/24 11:00:00,Annual,Percentage of households,Total,Romania,2013,58.07,,
ESTAT:ISOC_CI_IN_H(1.0),17/12/24 11:00:00,Annual,Percentage of households,Total,Romania,2014,60.54,b,
ESTAT:ISOC_CI_IN_H(1.0),17/12/24 11:00:00,Annual,Percentage of households,Total,Romania,2015,67.71,,
ESTAT:ISOC_CI_IN_H(1.0),17/12/24 11:00:00,Annual,Percentage of households,Total,Romania,2016,72.40,,
ESTAT:ISOC_CI_IN_H(1.0),17/12/24 11:00:00,Annual,Percentage of households,Total,Romania,2017,76.45,,
ESTAT:ISOC_CI_IN_H(1.0),17/12/24 11:00:00,Annual,Percentage of households,Total,Romania,2018,80.89,,
ESTAT:ISOC_CI_IN_H(1.0),17/12/24 11:00:00,Annual,Percentage of households,Total,Romania,2019,83.61,,
ESTAT:ISOC_CI_IN_H(1.0),17/12/24 11:00:00,Annual,Percentage of households,Total,Romania,2020,86.24,,
ESTAT:ISOC_CI_IN_H(1.0),17/12/24 11:00:00,Annual,Percentage of households,Total,Romania,2021,88.74,,
ESTAT:ISOC_CI_IN_H(1.0),17/12/24 11:00:00,Annual,Percentage of households,Total,Romania,2022,89.41,,
ESTAT:ISOC_CI_IN_H(1.0),17/12/24 11:00:00,Annual,Percentage of households,Total,Romania,2023,92.00,,
ESTAT:ISOC_CI_IN_H(1.0),17/12/24 11:00:00,Annual,Percentage of households,Total,Romania,2024,94.57,,
ESTAT:ISOC_CI_IN_H(1.0),17/12/24 11:00:00,Annual,Percentage of households,Total,Serbia,2007,26.27,,
ESTAT:ISOC_CI_IN_H(1.0),17/12/24 11:00:00,Annual,Percentage of households,Total,Serbia,2009,36.66,,
ESTAT:ISOC_CI_IN_H(1.0),17/12/24 11:00:00,Annual,Percentage of households,Total,Serbia,2015,63.76,,
ESTAT:ISOC_CI_IN_H(1.0),17/12/24 11:00:00,Annual,Percentage of households,Total,Serbia,2017,68.03,,
ESTAT:ISOC_CI_IN_H(1.0),17/12/24 11:00:00,Annual,Percentage of households,Total,Serbia,2018,72.91,,
ESTAT:ISOC_CI_IN_H(1.0),17/12/24 11:00:00,Annual,Percentage of households,Total,Serbia,2019,80.14,,
ESTAT:ISOC_CI_IN_H(1.0),17/12/24 11:00:00,Annual,Percentage of households,Total,Serbia,2020,80.95,,
ESTAT:ISOC_CI_IN_H(1.0),17/12/24 11:00:00,Annual,Percentage of households,Total,Serbia,2021,81.51,,
ESTAT:ISOC_CI_IN_H(1.0),17/12/24 11:00:00,Annual,Percentage of households,Total,Serbia,2022,83.24,,
ESTAT:ISOC_CI_IN_H(1.0),17/12/24 11:00:00,Annual,Percentage of households,Total,Serbia,2023,85.39,,
ESTAT:ISOC_CI_IN_H(1.0),17/12/24 11:00:00,Annual,Percentage of households,Total,Serbia,2024,88.85,,
ESTAT:ISOC_CI_IN_H(1.0),17/12/24 11:00:00,Annual,Percentage of households,Total,Sweden,2005,72.53,,
ESTAT:ISOC_CI_IN_H(1.0),17/12/24 11:00:00,Annual,Percentage of households,Total,Sweden,2006,77.39,,
ESTAT:ISOC_CI_IN_H(1.0),17/12/24 11:00:00,Annual,Percentage of households,Total,Sweden,2007,78.55,,
ESTAT:ISOC_CI_IN_H(1.0),17/12/24 11:00:00,Annual,Percentage of households,Total,Sweden,2008,84.44,,
ESTAT:ISOC_CI_IN_H(1.0),17/12/24 11:00:00,Annual,Percentage of households,Total,Sweden,2009,85.98,,
ESTAT:ISOC_CI_IN_H(1.0),17/12/24 11:00:00,Annual,Percentage of households,Total,Sweden,2010,88.30,,
ESTAT:ISOC_CI_IN_H(1.0),17/12/24 11:00:00,Annual,Percentage of households,Total,Sweden,2011,90.64,,
ESTAT:ISOC_CI_IN_H(1.0),17/12/24 11:00:00,Annual,Percentage of households,Total,Sweden,2012,91.69,,
ESTAT:ISOC_CI_IN_H(1.0),17/12/24 11:00:00,Annual,Percentage of households,Total,Sweden,2013,92.59,,
ESTAT:ISOC_CI_IN_H(1.0),17/12/24 11:00:00,Annual,Percentage of households,Total,Sweden,2014,89.57,,
ESTAT:ISOC_CI_IN_H(1.0),17/12/24 11:00:00,Annual,Percentage of households,Total,Sweden,2015,91.03,,
ESTAT:ISOC_CI_IN_H(1.0),17/12/24 11:00:00,Annual,Percentage of households,Total,Sweden,2016,93.80,b,
ESTAT:ISOC_CI_IN_H(1.0),17/12/24 11:00:00,Annual,Percentage of households,Total,Sweden,2017,94.73,,
ESTAT:ISOC_CI_IN_H(1.0),17/12/24 11:00:00,Annual,Percentage of households,Total,Sweden,2018,93.42,,
ESTAT:ISOC_CI_IN_H(1.0),17/12/24 11:00:00,Annual,Percentage of households,Total,Sweden,2019,96.06,,
ESTAT:ISOC_CI_IN_H(1.0),17/12/24 11:00:00,Annual,Percentage of households,Total,Sweden,2020,93.94,,
ESTAT:ISOC_CI_IN_H(1.0),17/12/24 11:00:00,Annual,Percentage of households,Total,Sweden,2021,93.23,,
ESTAT:ISOC_CI_IN_H(1.0),17/12/24 11:00:00,Annual,Percentage of households,Total,Sweden,2022,94.33,,
ESTAT:ISOC_CI_IN_H(1.0),17/12/24 11:00:00,Annual,Percentage of households,Total,Sweden,2023,94.87,,
ESTAT:ISOC_CI_IN_H(1.0),17/12/24 11:00:00,Annual,Percentage of households,Total,Sweden,2024,95.43,,
ESTAT:ISOC_CI_IN_H(1.0),17/12/24 11:00:00,Annual,Percentage of households,Total,Slovenia,2004,46.86,,
ESTAT:ISOC_CI_IN_H(1.0),17/12/24 11:00:00,Annual,Percentage of households,Total,Slovenia,2005,48.21,,
ESTAT:ISOC_CI_IN_H(1.0),17/12/24 11:00:00,Annual,Percentage of households,Total,Slovenia,2006,54.36,,
ESTAT:ISOC_CI_IN_H(1.0),17/12/24 11:00:00,Annual,Percentage of households,Total,Slovenia,2007,57.61,,
ESTAT:ISOC_CI_IN_H(1.0),17/12/24 11:00:00,Annual,Percentage of households,Total,Slovenia,2008,58.89,,
ESTAT:ISOC_CI_IN_H(1.0),17/12/24 11:00:00,Annual,Percentage of households,Total,Slovenia,2009,63.94,,
ESTAT:ISOC_CI_IN_H(1.0),17/12/24 11:00:00,Annual,Percentage of households,Total,Slovenia,2010,68.13,,
ESTAT:ISOC_CI_IN_H(1.0),17/12/24 11:00:00,Annual,Percentage of households,Total,Slovenia,2011,72.60,,
ESTAT:ISOC_CI_IN_H(1.0),17/12/24 11:00:00,Annual,Percentage of households,Total,Slovenia,2012,73.94,,
ESTAT:ISOC_CI_IN_H(1.0),17/12/24 11:00:00,Annual,Percentage of households,Total,Slovenia,2013,75.62,,
ESTAT:ISOC_CI_IN_H(1.0),17/12/24 11:00:00,Annual,Percentage of households,Total,Slovenia,2014,76.80,,
ESTAT:ISOC_CI_IN_H(1.0),17/12/24 11:00:00,Annual,Percentage of households,Total,Slovenia,2015,77.64,,
ESTAT:ISOC_CI_IN_H(1.0),17/12/24 11:00:00,Annual,Percentage of households,Total,Slovenia,2016,78.42,,
ESTAT:ISOC_CI_IN_H(1.0),17/12/24 11:00:00,Annual,Percentage of households,Total,Slovenia,2017,81.74,,
ESTAT:ISOC_CI_IN_H(1.0),17/12/24 11:00:00,Annual,Percentage of households,Total,Slovenia,2018,86.68,,
ESTAT:ISOC_CI_IN_H(1.0),17/12/24 11:00:00,Annual,Percentage of households,Total,Slovenia,2019,88.96,,
ESTAT:ISOC_CI_IN_H(1.0),17/12/24 11:00:00,Annual,Percentage of households,Total,Slovenia,2020,89.97,,
ESTAT:ISOC_CI_IN_H(1.0),17/12/24 11:00:00,Annual,Percentage of households,Total,Slovenia,2021,93.04,,
ESTAT:ISOC_CI_IN_H(1.0),17/12/24 11:00:00,Annual,Percentage of households,Total,Slovenia,2022,92.60,,
ESTAT:ISOC_CI_IN_H(1.0),17/12/24 11:00:00,Annual,Percentage of households,Total,Slovenia,2023,93.72,,
ESTAT:ISOC_CI_IN_H(1.0),17/12/24 11:00:00,Annual,Percentage of households,Total,Slovenia,2024,94.13,,
ESTAT:ISOC_CI_IN_H(1.0),17/12/24 11:00:00,Annual,Percentage of households,Total,Slovakia,2004,23.34,,
ESTAT:ISOC_CI_IN_H(1.0),17/12/24 11:00:00,Annual,Percentage of households,Total,Slovakia,2005,22.97,,
ESTAT:ISOC_CI_IN_H(1.0),17/12/24 11:00:00,Annual,Percentage of households,Total,Slovakia,2006,26.58,,
ESTAT:ISOC_CI_IN_H(1.0),17/12/24 11:00:00,Annual,Percentage of households,Total,Slovakia,2007,46.11,,
ESTAT:ISOC_CI_IN_H(1.0),17/12/24 11:00:00,Annual,Percentage of households,Total,Slovakia,2008,58.34,,
ESTAT:ISOC_CI_IN_H(1.0),17/12/24 11:00:00,Annual,Percentage of households,Total,Slovakia,2009,62.23,,
ESTAT:ISOC_CI_IN_H(1.0),17/12/24 11:00:00,Annual,Percentage of households,Total,Slovakia,2010,67.48,,
ESTAT:ISOC_CI_IN_H(1.0),17/12/24 11:00:00,Annual,Percentage of households,Total,Slovakia,2011,70.78,,
ESTAT:ISOC_CI_IN_H(1.0),17/12/24 11:00:00,Annual,Percentage of households,Total,Slovakia,2012,75.44,,
ESTAT:ISOC_CI_IN_H(1.0),17/12/24 11:00:00,Annual,Percentage of households,Total,Slovakia,2013,77.91,,
ESTAT:ISOC_CI_IN_H(1.0),17/12/24 11:00:00,Annual,Percentage of households,Total,Slovakia,2014,78.35,,
ESTAT:ISOC_CI_IN_H(1.0),17/12/24 11:00:00,Annual,Percentage of households,Total,Slovakia,2015,79.48,,
ESTAT:ISOC_CI_IN_H(1.0),17/12/24 11:00:00,Annual,Percentage of households,Total,Slovakia,2016,80.52,,
ESTAT:ISOC_CI_IN_H(1.0),17/12/24 11:00:00,Annual,Percentage of households,Total,Slovakia,2017,81.33,,
ESTAT:ISOC_CI_IN_H(1.0),17/12/24 11:00:00,Annual,Percentage of households,Total,Slovakia,2018,80.84,,
ESTAT:ISOC_CI_IN_H(1.0),17/12/24 11:00:00,Annual,Percentage of households,Total,Slovakia,2019,82.19,,
ESTAT:ISOC_CI_IN_H(1.0),17/12/24 11:00:00,Annual,Percentage of households,Total,Slovakia,2020,85.78,,
ESTAT:ISOC_CI_IN_H(1.0),17/12/24 11:00:00,Annual,Percentage of households,Total,Slovakia,2021,89.96,,
ESTAT:ISOC_CI_IN_H(1.0),17/12/24 11:00:00,Annual,Percentage of households,Total,Slovakia,2022,90.65,,
ESTAT:ISOC_CI_IN_H(1.0),17/12/24 11:00:00,Annual,Percentage of households,Total,Slovakia,2023,90.60,,
ESTAT:ISOC_CI_IN_H(1.0),17/12/24 11:00:00,Annual,Percentage of households,Total,Slovakia,2024,90.54,,
ESTAT:ISOC_CI_IN_H(1.0),17/12/24 11:00:00,Annual,Percentage of households,Total,Trkiye,2004,7.02,,
ESTAT:ISOC_CI_IN_H(1.0),17/12/24 11:00:00,Annual,Percentage of households,Total,Trkiye,2005,7.66,,
ESTAT:ISOC_CI_IN_H(1.0),17/12/24 11:00:00,Annual,Percentage of households,Total,Trkiye,2007,19.71,,
ESTAT:ISOC_CI_IN_H(1.0),17/12/24 11:00:00,Annual,Percentage of households,Total,Trkiye,2008,25.41,,
ESTAT:ISOC_CI_IN_H(1.0),17/12/24 11:00:00,Annual,Percentage of households,Total,Trkiye,2009,30.03,,
ESTAT:ISOC_CI_IN_H(1.0),17/12/24 11:00:00,Annual,Percentage of households,Total,Trkiye,2010,41.63,,
ESTAT:ISOC_CI_IN_H(1.0),17/12/24 11:00:00,Annual,Percentage of households,Total,Trkiye,2012,47.20,,
ESTAT:ISOC_CI_IN_H(1.0),17/12/24 11:00:00,Annual,Percentage of households,Total,Trkiye,2013,49.08,,
ESTAT:ISOC_CI_IN_H(1.0),17/12/24 11:00:00,Annual,Percentage of households,Total,Trkiye,2014,60.24,,
ESTAT:ISOC_CI_IN_H(1.0),17/12/24 11:00:00,Annual,Percentage of households,Total,Trkiye,2015,69.54,,
ESTAT:ISOC_CI_IN_H(1.0),17/12/24 11:00:00,Annual,Percentage of households,Total,Trkiye,2016,76.34,,
ESTAT:ISOC_CI_IN_H(1.0),17/12/24 11:00:00,Annual,Percentage of households,Total,Trkiye,2017,80.74,,
ESTAT:ISOC_CI_IN_H(1.0),17/12/24 11:00:00,Annual,Percentage of households,Total,Trkiye,2018,83.79,,
ESTAT:ISOC_CI_IN_H(1.0),17/12/24 11:00:00,Annual,Percentage of households,Total,Trkiye,2019,88.30,,
ESTAT:ISOC_CI_IN_H(1.0),17/12/24 11:00:00,Annual,Percentage of households,Total,Trkiye,2020,90.73,,
ESTAT:ISOC_CI_IN_H(1.0),17/12/24 11:00:00,Annual,Percentage of households,Total,Trkiye,2021,91.98,,
ESTAT:ISOC_CI_IN_H(1.0),17/12/24 11:00:00,Annual,Percentage of households,Total,Trkiye,2022,94.15,,
ESTAT:ISOC_CI_IN_H(1.0),17/12/24 11:00:00,Annual,Percentage of households,Total,Trkiye,2023,95.54,,
ESTAT:ISOC_CI_IN_H(1.0),17/12/24 11:00:00,Annual,Percentage of households,Total,Trkiye,2024,96.45,,
ESTAT:ISOC_CI_IN_H(1.0),17/12/24 11:00:00,Annual,Percentage of households,Total,United Kingdom,2002,49.72,,
ESTAT:ISOC_CI_IN_H(1.0),17/12/24 11:00:00,Annual,Percentage of households,Total,United Kingdom,2003,55.11,,
ESTAT:ISOC_CI_IN_H(1.0),17/12/24 11:00:00,Annual,Percentage of households,Total,United Kingdom,2004,55.90,,
ESTAT:ISOC_CI_IN_H(1.0),17/12/24 11:00:00,Annual,Percentage of households,Total,United Kingdom,2005,60.23,,
ESTAT:ISOC_CI_IN_H(1.0),17/12/24 11:00:00,Annual,Percentage of households,Total,United Kingdom,2006,62.64,,
ESTAT:ISOC_CI_IN_H(1.0),17/12/24 11:00:00,Annual,Percentage of households,Total,United Kingdom,2007,66.72,,
ESTAT:ISOC_CI_IN_H(1.0),17/12/24 11:00:00,Annual,Percentage of households,Total,United Kingdom,2008,71.14,,
ESTAT:ISOC_CI_IN_H(1.0),17/12/24 11:00:00,Annual,Percentage of households,Total,United Kingdom,2009,76.69,,
ESTAT:ISOC_CI_IN_H(1.0),17/12/24 11:00:00,Annual,Percentage of households,Total,United Kingdom,2010,79.61,,
ESTAT:ISOC_CI_IN_H(1.0),17/12/24 11:00:00,Annual,Percentage of households,Total,United Kingdom,2011,82.70,,
ESTAT:ISOC_CI_IN_H(1.0),17/12/24 11:00:00,Annual,Percentage of households,Total,United Kingdom,2012,86.80,,
ESTAT:ISOC_CI_IN_H(1.0),17/12/24 11:00:00,Annual,Percentage of households,Total,United Kingdom,2013,88.45,,
ESTAT:ISOC_CI_IN_H(1.0),17/12/24 11:00:00,Annual,Percentage of households,Total,United Kingdom,2014,90.34,,
ESTAT:ISOC_CI_IN_H(1.0),17/12/24 11:00:00,Annual,Percentage of households,Total,United Kingdom,2015,91.25,,
ESTAT:ISOC_CI_IN_H(1.0),17/12/24 11:00:00,Annual,Percentage of households,Total,United Kingdom,2016,93.48,,
ESTAT:ISOC_CI_IN_H(1.0),17/12/24 11:00:00,Annual,Percentage of households,Total,United Kingdom,2017,93.99,,
ESTAT:ISOC_CI_IN_H(1.0),17/12/24 11:00:00,Annual,Percentage of households,Total,United Kingdom,2018,94.85,,
ESTAT:ISOC_CI_IN_H(1.0),17/12/24 11:00:00,Annual,Percentage of households,Total,United Kingdom,2019,95.85,,
ESTAT:ISOC_CI_IN_H(1.0),17/12/24 11:00:00,Annual,Percentage of households,Total,United Kingdom,2020,97.30,,
ESTAT:ISOC_CI_IN_H(1.0),17/12/24 11:00:00,Annual,Percentage of households,Total,Kosovo*,2017,88.77,,
ESTAT:ISOC_CI_IN_H(1.0),17/12/24 11:00:00,Annual,Percentage of households,Total,Kosovo*,2018,93.20,,
ESTAT:ISOC_CI_IN_H(1.0),17/12/24 11:00:00,Annual,Percentage of households,Total,Kosovo*,2019,93.19,,
ESTAT:ISOC_CI_IN_H(1.0),17/12/24 11:00:00,Annual,Percentage of households,Total,Kosovo*,2020,96.44,,
