DATAFLOW,LAST UPDATE,freq,unit,age,sex,geo,TIME_PERIOD,OBS_VALUE,OBS_FLAG,CONF_STATUS
ESTAT:DEMO_PJAN(1.0),04/11/24 23:00:00,Annual,Number,15 years,Total,Andorra,2019,774,,
ESTAT:DEMO_PJAN(1.0),04/11/24 23:00:00,Annual,Number,15 years,Total,Albania,2014,46020,,
ESTAT:DEMO_PJAN(1.0),04/11/24 23:00:00,Annual,Number,15 years,Total,Albania,2015,47687,,
ESTAT:DEMO_PJAN(1.0),04/11/24 23:00:00,Annual,Number,15 years,Total,Albania,2016,45117,,
ESTAT:DEMO_PJAN(1.0),04/11/24 23:00:00,Annual,Number,15 years,Total,Albania,2017,38084,,
ESTAT:DEMO_PJAN(1.0),04/11/24 23:00:00,Annual,Number,15 years,Total,Albania,2018,42164,,
ESTAT:DEMO_PJAN(1.0),04/11/24 23:00:00,Annual,Number,15 years,Total,Albania,2019,38473,,
ESTAT:DEMO_PJAN(1.0),04/11/24 23:00:00,Annual,Number,15 years,Total,Albania,2020,38153,,
ESTAT:DEMO_PJAN(1.0),04/11/24 23:00:00,Annual,Number,15 years,Total,Albania,2021,36166,,
ESTAT:DEMO_PJAN(1.0),04/11/24 23:00:00,Annual,Number,15 years,Total,Albania,2022,32513,,
ESTAT:DEMO_PJAN(1.0),04/11/24 23:00:00,Annual,Number,15 years,Total,Albania,2023,31623,,
ESTAT:DEMO_PJAN(1.0),04/11/24 23:00:00,Annual,Number,15 years,Total,Armenia,2015,34147,,
ESTAT:DEMO_PJAN(1.0),04/11/24 23:00:00,Annual,Number,15 years,Total,Armenia,2016,34830,,
ESTAT:DEMO_PJAN(1.0),04/11/24 23:00:00,Annual,Number,15 years,Total,Armenia,2017,32993,,
ESTAT:DEMO_PJAN(1.0),04/11/24 23:00:00,Annual,Number,15 years,Total,Armenia,2018,33251,,
ESTAT:DEMO_PJAN(1.0),04/11/24 23:00:00,Annual,Number,15 years,Total,Armenia,2019,35609,,
ESTAT:DEMO_PJAN(1.0),04/11/24 23:00:00,Annual,Number,15 years,Total,Armenia,2020,36059,,
ESTAT:DEMO_PJAN(1.0),04/11/24 23:00:00,Annual,Number,15 years,Total,Armenia,2021,37106,,
ESTAT:DEMO_PJAN(1.0),04/11/24 23:00:00,Annual,Number,15 years,Total,Armenia,2023,39501,,
ESTAT:DEMO_PJAN(1.0),04/11/24 23:00:00,Annual,Number,15 years,Total,Austria,2014,87758,,
ESTAT:DEMO_PJAN(1.0),04/11/24 23:00:00,Annual,Number,15 years,Total,Austria,2015,85197,,
ESTAT:DEMO_PJAN(1.0),04/11/24 23:00:00,Annual,Number,15 years,Total,Austria,2016,87035,,
ESTAT:DEMO_PJAN(1.0),04/11/24 23:00:00,Annual,Number,15 years,Total,Austria,2017,84605,,
ESTAT:DEMO_PJAN(1.0),04/11/24 23:00:00,Annual,Number,15 years,Total,Austria,2018,86985,,
ESTAT:DEMO_PJAN(1.0),04/11/24 23:00:00,Annual,Number,15 years,Total,Austria,2019,84970,,
ESTAT:DEMO_PJAN(1.0),04/11/24 23:00:00,Annual,Number,15 years,Total,Austria,2020,86765,,
ESTAT:DEMO_PJAN(1.0),04/11/24 23:00:00,Annual,Number,15 years,Total,Austria,2021,85794,,
ESTAT:DEMO_PJAN(1.0),04/11/24 23:00:00,Annual,Number,15 years,Total,Austria,2022,86050,,
ESTAT:DEMO_PJAN(1.0),04/11/24 23:00:00,Annual,Number,15 years,Total,Austria,2023,86308,,
ESTAT:DEMO_PJAN(1.0),04/11/24 23:00:00,Annual,Number,15 years,Total,Azerbaijan,2014,138489,,
ESTAT:DEMO_PJAN(1.0),04/11/24 23:00:00,Annual,Number,15 years,Total,Azerbaijan,2015,134215,,
ESTAT:DEMO_PJAN(1.0),04/11/24 23:00:00,Annual,Number,15 years,Total,Azerbaijan,2016,129493,,
ESTAT:DEMO_PJAN(1.0),04/11/24 23:00:00,Annual,Number,15 years,Total,Azerbaijan,2017,124243,,
ESTAT:DEMO_PJAN(1.0),04/11/24 23:00:00,Annual,Number,15 years,Total,Azerbaijan,2018,126904,,
ESTAT:DEMO_PJAN(1.0),04/11/24 23:00:00,Annual,Number,15 years,Total,Azerbaijan,2019,132213,,
ESTAT:DEMO_PJAN(1.0),04/11/24 23:00:00,Annual,Number,15 years,Total,Azerbaijan,2020,121047,,
ESTAT:DEMO_PJAN(1.0),04/11/24 23:00:00,Annual,Number,15 years,Total,Azerbaijan,2021,120733,,
ESTAT:DEMO_PJAN(1.0),04/11/24 23:00:00,Annual,Number,15 years,Total,Azerbaijan,2022,120847,,
ESTAT:DEMO_PJAN(1.0),04/11/24 23:00:00,Annual,Number,15 years,Total,Belgium,2014,123570,,
ESTAT:DEMO_PJAN(1.0),04/11/24 23:00:00,Annual,Number,15 years,Total,Belgium,2015,123316,,
ESTAT:DEMO_PJAN(1.0),04/11/24 23:00:00,Annual,Number,15 years,Total,Belgium,2016,126107,,
ESTAT:DEMO_PJAN(1.0),04/11/24 23:00:00,Annual,Number,15 years,Total,Belgium,2017,124283,,
ESTAT:DEMO_PJAN(1.0),04/11/24 23:00:00,Annual,Number,15 years,Total,Belgium,2018,122693,,
ESTAT:DEMO_PJAN(1.0),04/11/24 23:00:00,Annual,Number,15 years,Total,Belgium,2019,124249,,
ESTAT:DEMO_PJAN(1.0),04/11/24 23:00:00,Annual,Number,15 years,Total,Belgium,2020,128150,,
ESTAT:DEMO_PJAN(1.0),04/11/24 23:00:00,Annual,Number,15 years,Total,Belgium,2021,130380,,
ESTAT:DEMO_PJAN(1.0),04/11/24 23:00:00,Annual,Number,15 years,Total,Belgium,2022,134401,,
ESTAT:DEMO_PJAN(1.0),04/11/24 23:00:00,Annual,Number,15 years,Total,Belgium,2023,137163,,
ESTAT:DEMO_PJAN(1.0),04/11/24 23:00:00,Annual,Number,15 years,Total,Bulgaria,2014,57311,,
ESTAT:DEMO_PJAN(1.0),04/11/24 23:00:00,Annual,Number,15 years,Total,Bulgaria,2015,62079,,
ESTAT:DEMO_PJAN(1.0),04/11/24 23:00:00,Annual,Number,15 years,Total,Bulgaria,2016,62675,,
ESTAT:DEMO_PJAN(1.0),04/11/24 23:00:00,Annual,Number,15 years,Total,Bulgaria,2017,57093,,
ESTAT:DEMO_PJAN(1.0),04/11/24 23:00:00,Annual,Number,15 years,Total,Bulgaria,2018,54591,,
ESTAT:DEMO_PJAN(1.0),04/11/24 23:00:00,Annual,Number,15 years,Total,Bulgaria,2019,56670,,
ESTAT:DEMO_PJAN(1.0),04/11/24 23:00:00,Annual,Number,15 years,Total,Bulgaria,2020,57354,,
ESTAT:DEMO_PJAN(1.0),04/11/24 23:00:00,Annual,Number,15 years,Total,Bulgaria,2021,59489,,
ESTAT:DEMO_PJAN(1.0),04/11/24 23:00:00,Annual,Number,15 years,Total,Bulgaria,2022,61856,,
ESTAT:DEMO_PJAN(1.0),04/11/24 23:00:00,Annual,Number,15 years,Total,Bulgaria,2023,64346,,
ESTAT:DEMO_PJAN(1.0),04/11/24 23:00:00,Annual,Number,15 years,Total,Belarus,2014,91168,,
ESTAT:DEMO_PJAN(1.0),04/11/24 23:00:00,Annual,Number,15 years,Total,Belarus,2015,91390,,
ESTAT:DEMO_PJAN(1.0),04/11/24 23:00:00,Annual,Number,15 years,Total,Belarus,2016,91936,,
ESTAT:DEMO_PJAN(1.0),04/11/24 23:00:00,Annual,Number,15 years,Total,Belarus,2017,89535,,
ESTAT:DEMO_PJAN(1.0),04/11/24 23:00:00,Annual,Number,15 years,Total,Belarus,2018,88176,,
ESTAT:DEMO_PJAN(1.0),04/11/24 23:00:00,Annual,Number,15 years,Total,Belarus,2019,87145,,
ESTAT:DEMO_PJAN(1.0),04/11/24 23:00:00,Annual,Number,15 years,Total,Switzerland,2014,84875,,
ESTAT:DEMO_PJAN(1.0),04/11/24 23:00:00,Annual,Number,15 years,Total,Switzerland,2015,84237,,
ESTAT:DEMO_PJAN(1.0),04/11/24 23:00:00,Annual,Number,15 years,Total,Switzerland,2016,85425,,
ESTAT:DEMO_PJAN(1.0),04/11/24 23:00:00,Annual,Number,15 years,Total,Switzerland,2017,81507,,
ESTAT:DEMO_PJAN(1.0),04/11/24 23:00:00,Annual,Number,15 years,Total,Switzerland,2018,81805,,
ESTAT:DEMO_PJAN(1.0),04/11/24 23:00:00,Annual,Number,15 years,Total,Switzerland,2019,81171,,
ESTAT:DEMO_PJAN(1.0),04/11/24 23:00:00,Annual,Number,15 years,Total,Switzerland,2020,82856,,
ESTAT:DEMO_PJAN(1.0),04/11/24 23:00:00,Annual,Number,15 years,Total,Switzerland,2021,83528,,
ESTAT:DEMO_PJAN(1.0),04/11/24 23:00:00,Annual,Number,15 years,Total,Switzerland,2022,84474,,
ESTAT:DEMO_PJAN(1.0),04/11/24 23:00:00,Annual,Number,15 years,Total,Switzerland,2023,85989,,
ESTAT:DEMO_PJAN(1.0),04/11/24 23:00:00,Annual,Number,15 years,Total,Cyprus,2014,9866,,
ESTAT:DEMO_PJAN(1.0),04/11/24 23:00:00,Annual,Number,15 years,Total,Cyprus,2015,9424,,
ESTAT:DEMO_PJAN(1.0),04/11/24 23:00:00,Annual,Number,15 years,Total,Cyprus,2016,9525,,
ESTAT:DEMO_PJAN(1.0),04/11/24 23:00:00,Annual,Number,15 years,Total,Cyprus,2017,9368,,
ESTAT:DEMO_PJAN(1.0),04/11/24 23:00:00,Annual,Number,15 years,Total,Cyprus,2018,8852,,
ESTAT:DEMO_PJAN(1.0),04/11/24 23:00:00,Annual,Number,15 years,Total,Cyprus,2019,9043,,
ESTAT:DEMO_PJAN(1.0),04/11/24 23:00:00,Annual,Number,15 years,Total,Cyprus,2020,9267,,
ESTAT:DEMO_PJAN(1.0),04/11/24 23:00:00,Annual,Number,15 years,Total,Cyprus,2021,8946,,
ESTAT:DEMO_PJAN(1.0),04/11/24 23:00:00,Annual,Number,15 years,Total,Cyprus,2022,9227,,
ESTAT:DEMO_PJAN(1.0),04/11/24 23:00:00,Annual,Number,15 years,Total,Cyprus,2023,9287,,
ESTAT:DEMO_PJAN(1.0),04/11/24 23:00:00,Annual,Number,15 years,Total,Czechia,2014,90391,,
ESTAT:DEMO_PJAN(1.0),04/11/24 23:00:00,Annual,Number,15 years,Total,Czechia,2015,89606,,
ESTAT:DEMO_PJAN(1.0),04/11/24 23:00:00,Annual,Number,15 years,Total,Czechia,2016,91183,,
ESTAT:DEMO_PJAN(1.0),04/11/24 23:00:00,Annual,Number,15 years,Total,Czechia,2017,92013,,
ESTAT:DEMO_PJAN(1.0),04/11/24 23:00:00,Annual,Number,15 years,Total,Czechia,2018,93977,,
ESTAT:DEMO_PJAN(1.0),04/11/24 23:00:00,Annual,Number,15 years,Total,Czechia,2019,95037,,
ESTAT:DEMO_PJAN(1.0),04/11/24 23:00:00,Annual,Number,15 years,Total,Czechia,2020,99048,,
ESTAT:DEMO_PJAN(1.0),04/11/24 23:00:00,Annual,Number,15 years,Total,Czechia,2021,103131,b,
ESTAT:DEMO_PJAN(1.0),04/11/24 23:00:00,Annual,Number,15 years,Total,Czechia,2022,107071,,
ESTAT:DEMO_PJAN(1.0),04/11/24 23:00:00,Annual,Number,15 years,Total,Czechia,2023,120996,,
ESTAT:DEMO_PJAN(1.0),04/11/24 23:00:00,Annual,Number,15 years,Total,Germany,2014,797607,,
ESTAT:DEMO_PJAN(1.0),04/11/24 23:00:00,Annual,Number,15 years,Total,Germany,2015,786661,,
ESTAT:DEMO_PJAN(1.0),04/11/24 23:00:00,Annual,Number,15 years,Total,Germany,2016,802215,,
ESTAT:DEMO_PJAN(1.0),04/11/24 23:00:00,Annual,Number,15 years,Total,Germany,2017,774861,,
ESTAT:DEMO_PJAN(1.0),04/11/24 23:00:00,Annual,Number,15 years,Total,Germany,2018,760238,,
ESTAT:DEMO_PJAN(1.0),04/11/24 23:00:00,Annual,Number,15 years,Total,Germany,2019,752351,,
ESTAT:DEMO_PJAN(1.0),04/11/24 23:00:00,Annual,Number,15 years,Total,Germany,2020,756823,,
ESTAT:DEMO_PJAN(1.0),04/11/24 23:00:00,Annual,Number,15 years,Total,Germany,2021,744218,,
ESTAT:DEMO_PJAN(1.0),04/11/24 23:00:00,Annual,Number,15 years,Total,Germany,2022,740018,,
ESTAT:DEMO_PJAN(1.0),04/11/24 23:00:00,Annual,Number,15 years,Total,Germany,2023,779567,,
ESTAT:DEMO_PJAN(1.0),04/11/24 23:00:00,Annual,Number,15 years,Total,Germany including former GDR,2014,797607,,
ESTAT:DEMO_PJAN(1.0),04/11/24 23:00:00,Annual,Number,15 years,Total,Germany including former GDR,2015,786661,,
ESTAT:DEMO_PJAN(1.0),04/11/24 23:00:00,Annual,Number,15 years,Total,Germany including former GDR,2016,802215,,
ESTAT:DEMO_PJAN(1.0),04/11/24 23:00:00,Annual,Number,15 years,Total,Germany including former GDR,2017,774861,,
ESTAT:DEMO_PJAN(1.0),04/11/24 23:00:00,Annual,Number,15 years,Total,Germany including former GDR,2018,760238,,
ESTAT:DEMO_PJAN(1.0),04/11/24 23:00:00,Annual,Number,15 years,Total,Germany including former GDR,2019,752351,,
ESTAT:DEMO_PJAN(1.0),04/11/24 23:00:00,Annual,Number,15 years,Total,Germany including former GDR,2020,756823,,
ESTAT:DEMO_PJAN(1.0),04/11/24 23:00:00,Annual,Number,15 years,Total,Germany including former GDR,2021,744218,,
ESTAT:DEMO_PJAN(1.0),04/11/24 23:00:00,Annual,Number,15 years,Total,Germany including former GDR,2022,740018,,
ESTAT:DEMO_PJAN(1.0),04/11/24 23:00:00,Annual,Number,15 years,Total,Germany including former GDR,2023,779567,,
ESTAT:DEMO_PJAN(1.0),04/11/24 23:00:00,Annual,Number,15 years,Total,Denmark,2014,68174,,
ESTAT:DEMO_PJAN(1.0),04/11/24 23:00:00,Annual,Number,15 years,Total,Denmark,2015,68119,,
ESTAT:DEMO_PJAN(1.0),04/11/24 23:00:00,Annual,Number,15 years,Total,Denmark,2016,69127,,
ESTAT:DEMO_PJAN(1.0),04/11/24 23:00:00,Annual,Number,15 years,Total,Denmark,2017,67555,,
ESTAT:DEMO_PJAN(1.0),04/11/24 23:00:00,Annual,Number,15 years,Total,Denmark,2018,66614,,
ESTAT:DEMO_PJAN(1.0),04/11/24 23:00:00,Annual,Number,15 years,Total,Denmark,2019,67512,,
ESTAT:DEMO_PJAN(1.0),04/11/24 23:00:00,Annual,Number,15 years,Total,Denmark,2020,67768,,
ESTAT:DEMO_PJAN(1.0),04/11/24 23:00:00,Annual,Number,15 years,Total,Denmark,2021,67877,,
ESTAT:DEMO_PJAN(1.0),04/11/24 23:00:00,Annual,Number,15 years,Total,Denmark,2022,69009,,
ESTAT:DEMO_PJAN(1.0),04/11/24 23:00:00,Annual,Number,15 years,Total,Denmark,2023,69038,,
ESTAT:DEMO_PJAN(1.0),04/11/24 23:00:00,Annual,Number,15 years,Total,Euro area - 19 countries  (2015-2022),2014,3513018,be,
ESTAT:DEMO_PJAN(1.0),04/11/24 23:00:00,Annual,Number,15 years,Total,Euro area - 19 countries  (2015-2022),2015,3524424,be,
ESTAT:DEMO_PJAN(1.0),04/11/24 23:00:00,Annual,Number,15 years,Total,Euro area - 19 countries  (2015-2022),2016,3612694,,
ESTAT:DEMO_PJAN(1.0),04/11/24 23:00:00,Annual,Number,15 years,Total,Euro area - 19 countries  (2015-2022),2017,3540135,b,
ESTAT:DEMO_PJAN(1.0),04/11/24 23:00:00,Annual,Number,15 years,Total,Euro area - 19 countries  (2015-2022),2018,3511675,,
ESTAT:DEMO_PJAN(1.0),04/11/24 23:00:00,Annual,Number,15 years,Total,Euro area - 19 countries  (2015-2022),2019,3525313,b,
ESTAT:DEMO_PJAN(1.0),04/11/24 23:00:00,Annual,Number,15 years,Total,Euro area - 19 countries  (2015-2022),2020,3555601,,
ESTAT:DEMO_PJAN(1.0),04/11/24 23:00:00,Annual,Number,15 years,Total,Euro area - 19 countries  (2015-2022),2021,3559689,,
ESTAT:DEMO_PJAN(1.0),04/11/24 23:00:00,Annual,Number,15 years,Total,Euro area - 19 countries  (2015-2022),2022,3599359,p,
ESTAT:DEMO_PJAN(1.0),04/11/24 23:00:00,Annual,Number,15 years,Total,Euro area - 19 countries  (2015-2022),2023,3657381,p,
ESTAT:DEMO_PJAN(1.0),04/11/24 23:00:00,Annual,Number,15 years,Total,Euro area – 20 countries (from 2023),2014,3559658,be,
ESTAT:DEMO_PJAN(1.0),04/11/24 23:00:00,Annual,Number,15 years,Total,Euro area – 20 countries (from 2023),2015,3568408,be,
ESTAT:DEMO_PJAN(1.0),04/11/24 23:00:00,Annual,Number,15 years,Total,Euro area – 20 countries (from 2023),2016,3654713,,
ESTAT:DEMO_PJAN(1.0),04/11/24 23:00:00,Annual,Number,15 years,Total,Euro area – 20 countries (from 2023),2017,3579390,b,
ESTAT:DEMO_PJAN(1.0),04/11/24 23:00:00,Annual,Number,15 years,Total,Euro area – 20 countries (from 2023),2018,3550008,,
ESTAT:DEMO_PJAN(1.0),04/11/24 23:00:00,Annual,Number,15 years,Total,Euro area – 20 countries (from 2023),2019,3563080,b,
ESTAT:DEMO_PJAN(1.0),04/11/24 23:00:00,Annual,Number,15 years,Total,Euro area – 20 countries (from 2023),2020,3593448,,
ESTAT:DEMO_PJAN(1.0),04/11/24 23:00:00,Annual,Number,15 years,Total,Euro area – 20 countries (from 2023),2021,3598845,,
ESTAT:DEMO_PJAN(1.0),04/11/24 23:00:00,Annual,Number,15 years,Total,Euro area – 20 countries (from 2023),2022,3637342,p,
ESTAT:DEMO_PJAN(1.0),04/11/24 23:00:00,Annual,Number,15 years,Total,Euro area – 20 countries (from 2023),2023,3695691,p,
ESTAT:DEMO_PJAN(1.0),04/11/24 23:00:00,Annual,Number,15 years,Total,Estonia,2014,11408,,
ESTAT:DEMO_PJAN(1.0),04/11/24 23:00:00,Annual,Number,15 years,Total,Estonia,2015,11763,b,
ESTAT:DEMO_PJAN(1.0),04/11/24 23:00:00,Annual,Number,15 years,Total,Estonia,2016,12348,,
ESTAT:DEMO_PJAN(1.0),04/11/24 23:00:00,Annual,Number,15 years,Total,Estonia,2017,12047,,
ESTAT:DEMO_PJAN(1.0),04/11/24 23:00:00,Annual,Number,15 years,Total,Estonia,2018,12419,,
ESTAT:DEMO_PJAN(1.0),04/11/24 23:00:00,Annual,Number,15 years,Total,Estonia,2019,12520,,
ESTAT:DEMO_PJAN(1.0),04/11/24 23:00:00,Annual,Number,15 years,Total,Estonia,2020,13360,,
ESTAT:DEMO_PJAN(1.0),04/11/24 23:00:00,Annual,Number,15 years,Total,Estonia,2021,13839,,
ESTAT:DEMO_PJAN(1.0),04/11/24 23:00:00,Annual,Number,15 years,Total,Estonia,2022,14353,,
ESTAT:DEMO_PJAN(1.0),04/11/24 23:00:00,Annual,Number,15 years,Total,Estonia,2023,15857,,
ESTAT:DEMO_PJAN(1.0),04/11/24 23:00:00,Annual,Number,15 years,Total,"European Economic Area (EU27 - 2007-2013 and IS, LI, NO)",2015,5339195,be,
ESTAT:DEMO_PJAN(1.0),04/11/24 23:00:00,Annual,Number,15 years,Total,"European Economic Area (EU27 - 2007-2013 and IS, LI, NO)",2016,5420262,be,
ESTAT:DEMO_PJAN(1.0),04/11/24 23:00:00,Annual,Number,15 years,Total,"European Economic Area (EU27 - 2007-2013 and IS, LI, NO)",2017,5303889,be,
ESTAT:DEMO_PJAN(1.0),04/11/24 23:00:00,Annual,Number,15 years,Total,"European Economic Area (EU27 - 2007-2013 and IS, LI, NO)",2018,5260597,e,
ESTAT:DEMO_PJAN(1.0),04/11/24 23:00:00,Annual,Number,15 years,Total,"European Economic Area (EU27 - 2007-2013 and IS, LI, NO)",2019,5300510,b,
ESTAT:DEMO_PJAN(1.0),04/11/24 23:00:00,Annual,Number,15 years,Total,"European Economic Area (EU28 - 2013-2020 and IS, LI, NO)",2015,5383179,be,
ESTAT:DEMO_PJAN(1.0),04/11/24 23:00:00,Annual,Number,15 years,Total,"European Economic Area (EU28 - 2013-2020 and IS, LI, NO)",2016,5462281,be,
ESTAT:DEMO_PJAN(1.0),04/11/24 23:00:00,Annual,Number,15 years,Total,"European Economic Area (EU28 - 2013-2020 and IS, LI, NO)",2017,5343144,be,
ESTAT:DEMO_PJAN(1.0),04/11/24 23:00:00,Annual,Number,15 years,Total,"European Economic Area (EU28 - 2013-2020 and IS, LI, NO)",2018,5298930,e,
ESTAT:DEMO_PJAN(1.0),04/11/24 23:00:00,Annual,Number,15 years,Total,"European Economic Area (EU28 - 2013-2020 and IS, LI, NO)",2019,5338277,b,
ESTAT:DEMO_PJAN(1.0),04/11/24 23:00:00,Annual,Number,15 years,Total,European Free Trade Association,2015,152924,,
ESTAT:DEMO_PJAN(1.0),04/11/24 23:00:00,Annual,Number,15 years,Total,European Free Trade Association,2016,154539,,
ESTAT:DEMO_PJAN(1.0),04/11/24 23:00:00,Annual,Number,15 years,Total,European Free Trade Association,2017,148441,,
ESTAT:DEMO_PJAN(1.0),04/11/24 23:00:00,Annual,Number,15 years,Total,European Free Trade Association,2018,147761,,
ESTAT:DEMO_PJAN(1.0),04/11/24 23:00:00,Annual,Number,15 years,Total,European Free Trade Association,2019,148498,,
ESTAT:DEMO_PJAN(1.0),04/11/24 23:00:00,Annual,Number,15 years,Total,European Free Trade Association,2020,151189,,
ESTAT:DEMO_PJAN(1.0),04/11/24 23:00:00,Annual,Number,15 years,Total,European Free Trade Association,2021,151686,,
ESTAT:DEMO_PJAN(1.0),04/11/24 23:00:00,Annual,Number,15 years,Total,European Free Trade Association,2022,154609,,
ESTAT:DEMO_PJAN(1.0),04/11/24 23:00:00,Annual,Number,15 years,Total,European Free Trade Association,2023,156853,,
ESTAT:DEMO_PJAN(1.0),04/11/24 23:00:00,Annual,Number,15 years,Total,Greece,2014,107424,,
ESTAT:DEMO_PJAN(1.0),04/11/24 23:00:00,Annual,Number,15 years,Total,Greece,2015,106960,,
ESTAT:DEMO_PJAN(1.0),04/11/24 23:00:00,Annual,Number,15 years,Total,Greece,2016,106651,,
ESTAT:DEMO_PJAN(1.0),04/11/24 23:00:00,Annual,Number,15 years,Total,Greece,2017,107345,,
ESTAT:DEMO_PJAN(1.0),04/11/24 23:00:00,Annual,Number,15 years,Total,Greece,2018,107406,,
ESTAT:DEMO_PJAN(1.0),04/11/24 23:00:00,Annual,Number,15 years,Total,Greece,2019,106777,,
ESTAT:DEMO_PJAN(1.0),04/11/24 23:00:00,Annual,Number,15 years,Total,Greece,2020,107316,,
ESTAT:DEMO_PJAN(1.0),04/11/24 23:00:00,Annual,Number,15 years,Total,Greece,2021,108407,,
ESTAT:DEMO_PJAN(1.0),04/11/24 23:00:00,Annual,Number,15 years,Total,Greece,2022,107630,b,
ESTAT:DEMO_PJAN(1.0),04/11/24 23:00:00,Annual,Number,15 years,Total,Greece,2023,108936,,
ESTAT:DEMO_PJAN(1.0),04/11/24 23:00:00,Annual,Number,15 years,Total,Spain,2014,426066,,
ESTAT:DEMO_PJAN(1.0),04/11/24 23:00:00,Annual,Number,15 years,Total,Spain,2015,439140,,
ESTAT:DEMO_PJAN(1.0),04/11/24 23:00:00,Annual,Number,15 years,Total,Spain,2016,450465,,
ESTAT:DEMO_PJAN(1.0),04/11/24 23:00:00,Annual,Number,15 years,Total,Spain,2017,451784,,
ESTAT:DEMO_PJAN(1.0),04/11/24 23:00:00,Annual,Number,15 years,Total,Spain,2018,456605,,
ESTAT:DEMO_PJAN(1.0),04/11/24 23:00:00,Annual,Number,15 years,Total,Spain,2019,476672,,
ESTAT:DEMO_PJAN(1.0),04/11/24 23:00:00,Annual,Number,15 years,Total,Spain,2020,488876,,
ESTAT:DEMO_PJAN(1.0),04/11/24 23:00:00,Annual,Number,15 years,Total,Spain,2021,494337,,
ESTAT:DEMO_PJAN(1.0),04/11/24 23:00:00,Annual,Number,15 years,Total,Spain,2022,507660,,
ESTAT:DEMO_PJAN(1.0),04/11/24 23:00:00,Annual,Number,15 years,Total,Spain,2023,517340,,
ESTAT:DEMO_PJAN(1.0),04/11/24 23:00:00,Annual,Number,15 years,Total,European Union - 27 countries (2007-2013),2015,5270508,be,
ESTAT:DEMO_PJAN(1.0),04/11/24 23:00:00,Annual,Number,15 years,Total,European Union - 27 countries (2007-2013),2016,5351148,be,
ESTAT:DEMO_PJAN(1.0),04/11/24 23:00:00,Annual,Number,15 years,Total,European Union - 27 countries (2007-2013),2017,5236955,be,
ESTAT:DEMO_PJAN(1.0),04/11/24 23:00:00,Annual,Number,15 years,Total,European Union - 27 countries (2007-2013),2018,5194641,e,
ESTAT:DEMO_PJAN(1.0),04/11/24 23:00:00,Annual,Number,15 years,Total,European Union - 27 countries (2007-2013),2019,5233183,b,
ESTAT:DEMO_PJAN(1.0),04/11/24 23:00:00,Annual,Number,15 years,Total,European Union - 27 countries (from 2020),2014,4580142,be,
ESTAT:DEMO_PJAN(1.0),04/11/24 23:00:00,Annual,Number,15 years,Total,European Union - 27 countries (from 2020),2015,4578105,be,
ESTAT:DEMO_PJAN(1.0),04/11/24 23:00:00,Annual,Number,15 years,Total,European Union - 27 countries (from 2020),2016,4672996,be,
ESTAT:DEMO_PJAN(1.0),04/11/24 23:00:00,Annual,Number,15 years,Total,European Union - 27 countries (from 2020),2017,4570685,be,
ESTAT:DEMO_PJAN(1.0),04/11/24 23:00:00,Annual,Number,15 years,Total,European Union - 27 countries (from 2020),2018,4528110,e,
ESTAT:DEMO_PJAN(1.0),04/11/24 23:00:00,Annual,Number,15 years,Total,European Union - 27 countries (from 2020),2019,4546016,b,
ESTAT:DEMO_PJAN(1.0),04/11/24 23:00:00,Annual,Number,15 years,Total,European Union - 27 countries (from 2020),2020,4589829,e,
ESTAT:DEMO_PJAN(1.0),04/11/24 23:00:00,Annual,Number,15 years,Total,European Union - 27 countries (from 2020),2021,4605689,bep,
ESTAT:DEMO_PJAN(1.0),04/11/24 23:00:00,Annual,Number,15 years,Total,European Union - 27 countries (from 2020),2022,4677813,ep,
ESTAT:DEMO_PJAN(1.0),04/11/24 23:00:00,Annual,Number,15 years,Total,European Union - 27 countries (from 2020),2023,4767564,ep,
ESTAT:DEMO_PJAN(1.0),04/11/24 23:00:00,Annual,Number,15 years,Total,European Union - 28 countries (2013-2020),2015,5314492,be,
ESTAT:DEMO_PJAN(1.0),04/11/24 23:00:00,Annual,Number,15 years,Total,European Union - 28 countries (2013-2020),2016,5393167,be,
ESTAT:DEMO_PJAN(1.0),04/11/24 23:00:00,Annual,Number,15 years,Total,European Union - 28 countries (2013-2020),2017,5276210,be,
ESTAT:DEMO_PJAN(1.0),04/11/24 23:00:00,Annual,Number,15 years,Total,European Union - 28 countries (2013-2020),2018,5232974,e,
ESTAT:DEMO_PJAN(1.0),04/11/24 23:00:00,Annual,Number,15 years,Total,European Union - 28 countries (2013-2020),2019,5270950,b,
ESTAT:DEMO_PJAN(1.0),04/11/24 23:00:00,Annual,Number,15 years,Total,Finland,2014,58526,,
ESTAT:DEMO_PJAN(1.0),04/11/24 23:00:00,Annual,Number,15 years,Total,Finland,2015,59307,,
ESTAT:DEMO_PJAN(1.0),04/11/24 23:00:00,Annual,Number,15 years,Total,Finland,2016,58777,,
ESTAT:DEMO_PJAN(1.0),04/11/24 23:00:00,Annual,Number,15 years,Total,Finland,2017,58325,,
ESTAT:DEMO_PJAN(1.0),04/11/24 23:00:00,Annual,Number,15 years,Total,Finland,2018,57980,,
ESTAT:DEMO_PJAN(1.0),04/11/24 23:00:00,Annual,Number,15 years,Total,Finland,2019,59122,,
ESTAT:DEMO_PJAN(1.0),04/11/24 23:00:00,Annual,Number,15 years,Total,Finland,2020,60472,,
ESTAT:DEMO_PJAN(1.0),04/11/24 23:00:00,Annual,Number,15 years,Total,Finland,2021,60495,,
ESTAT:DEMO_PJAN(1.0),04/11/24 23:00:00,Annual,Number,15 years,Total,Finland,2022,62142,,
ESTAT:DEMO_PJAN(1.0),04/11/24 23:00:00,Annual,Number,15 years,Total,Finland,2023,62270,,
ESTAT:DEMO_PJAN(1.0),04/11/24 23:00:00,Annual,Number,15 years,Total,France,2014,813658,b,
ESTAT:DEMO_PJAN(1.0),04/11/24 23:00:00,Annual,Number,15 years,Total,France,2015,821526,,
ESTAT:DEMO_PJAN(1.0),04/11/24 23:00:00,Annual,Number,15 years,Total,France,2016,859945,,
ESTAT:DEMO_PJAN(1.0),04/11/24 23:00:00,Annual,Number,15 years,Total,France,2017,848299,,
ESTAT:DEMO_PJAN(1.0),04/11/24 23:00:00,Annual,Number,15 years,Total,France,2018,835597,p,
ESTAT:DEMO_PJAN(1.0),04/11/24 23:00:00,Annual,Number,15 years,Total,France,2019,831456,,
ESTAT:DEMO_PJAN(1.0),04/11/24 23:00:00,Annual,Number,15 years,Total,France,2020,836108,,
ESTAT:DEMO_PJAN(1.0),04/11/24 23:00:00,Annual,Number,15 years,Total,France,2021,848123,,
ESTAT:DEMO_PJAN(1.0),04/11/24 23:00:00,Annual,Number,15 years,Total,France,2022,867840,p,
ESTAT:DEMO_PJAN(1.0),04/11/24 23:00:00,Annual,Number,15 years,Total,France,2023,861713,p,
ESTAT:DEMO_PJAN(1.0),04/11/24 23:00:00,Annual,Number,15 years,Total,Georgia,2014,49841,,
ESTAT:DEMO_PJAN(1.0),04/11/24 23:00:00,Annual,Number,15 years,Total,Georgia,2015,41300,b,
ESTAT:DEMO_PJAN(1.0),04/11/24 23:00:00,Annual,Number,15 years,Total,Georgia,2016,42000,,
ESTAT:DEMO_PJAN(1.0),04/11/24 23:00:00,Annual,Number,15 years,Total,Georgia,2017,41100,,
ESTAT:DEMO_PJAN(1.0),04/11/24 23:00:00,Annual,Number,15 years,Total,Georgia,2018,40849,,
ESTAT:DEMO_PJAN(1.0),04/11/24 23:00:00,Annual,Number,15 years,Total,Georgia,2019,40350,,
ESTAT:DEMO_PJAN(1.0),04/11/24 23:00:00,Annual,Number,15 years,Total,Georgia,2020,40693,,
ESTAT:DEMO_PJAN(1.0),04/11/24 23:00:00,Annual,Number,15 years,Total,Georgia,2021,41471,,
ESTAT:DEMO_PJAN(1.0),04/11/24 23:00:00,Annual,Number,15 years,Total,Georgia,2022,42414,,
ESTAT:DEMO_PJAN(1.0),04/11/24 23:00:00,Annual,Number,15 years,Total,Georgia,2023,44502,,
ESTAT:DEMO_PJAN(1.0),04/11/24 23:00:00,Annual,Number,15 years,Total,Croatia,2014,46640,,
ESTAT:DEMO_PJAN(1.0),04/11/24 23:00:00,Annual,Number,15 years,Total,Croatia,2015,43984,,
ESTAT:DEMO_PJAN(1.0),04/11/24 23:00:00,Annual,Number,15 years,Total,Croatia,2016,42019,,
ESTAT:DEMO_PJAN(1.0),04/11/24 23:00:00,Annual,Number,15 years,Total,Croatia,2017,39255,,
ESTAT:DEMO_PJAN(1.0),04/11/24 23:00:00,Annual,Number,15 years,Total,Croatia,2018,38333,,
ESTAT:DEMO_PJAN(1.0),04/11/24 23:00:00,Annual,Number,15 years,Total,Croatia,2019,37767,,
ESTAT:DEMO_PJAN(1.0),04/11/24 23:00:00,Annual,Number,15 years,Total,Croatia,2020,37847,,
ESTAT:DEMO_PJAN(1.0),04/11/24 23:00:00,Annual,Number,15 years,Total,Croatia,2021,39156,,
ESTAT:DEMO_PJAN(1.0),04/11/24 23:00:00,Annual,Number,15 years,Total,Croatia,2022,37983,,
ESTAT:DEMO_PJAN(1.0),04/11/24 23:00:00,Annual,Number,15 years,Total,Croatia,2023,38310,,
ESTAT:DEMO_PJAN(1.0),04/11/24 23:00:00,Annual,Number,15 years,Total,Hungary,2014,97339,,
ESTAT:DEMO_PJAN(1.0),04/11/24 23:00:00,Annual,Number,15 years,Total,Hungary,2015,94890,,
ESTAT:DEMO_PJAN(1.0),04/11/24 23:00:00,Annual,Number,15 years,Total,Hungary,2016,98541,,
ESTAT:DEMO_PJAN(1.0),04/11/24 23:00:00,Annual,Number,15 years,Total,Hungary,2017,97911,,
ESTAT:DEMO_PJAN(1.0),04/11/24 23:00:00,Annual,Number,15 years,Total,Hungary,2018,97684,,
ESTAT:DEMO_PJAN(1.0),04/11/24 23:00:00,Annual,Number,15 years,Total,Hungary,2019,95526,,
ESTAT:DEMO_PJAN(1.0),04/11/24 23:00:00,Annual,Number,15 years,Total,Hungary,2020,95993,,
ESTAT:DEMO_PJAN(1.0),04/11/24 23:00:00,Annual,Number,15 years,Total,Hungary,2021,99554,,
ESTAT:DEMO_PJAN(1.0),04/11/24 23:00:00,Annual,Number,15 years,Total,Hungary,2022,102868,,
ESTAT:DEMO_PJAN(1.0),04/11/24 23:00:00,Annual,Number,15 years,Total,Hungary,2023,97005,,
ESTAT:DEMO_PJAN(1.0),04/11/24 23:00:00,Annual,Number,15 years,Total,Ireland,2014,60593,,
ESTAT:DEMO_PJAN(1.0),04/11/24 23:00:00,Annual,Number,15 years,Total,Ireland,2015,60624,,
ESTAT:DEMO_PJAN(1.0),04/11/24 23:00:00,Annual,Number,15 years,Total,Ireland,2016,61222,,
ESTAT:DEMO_PJAN(1.0),04/11/24 23:00:00,Annual,Number,15 years,Total,Ireland,2017,62491,,
ESTAT:DEMO_PJAN(1.0),04/11/24 23:00:00,Annual,Number,15 years,Total,Ireland,2018,64323,,
ESTAT:DEMO_PJAN(1.0),04/11/24 23:00:00,Annual,Number,15 years,Total,Ireland,2019,64873,,
ESTAT:DEMO_PJAN(1.0),04/11/24 23:00:00,Annual,Number,15 years,Total,Ireland,2020,66100,,
ESTAT:DEMO_PJAN(1.0),04/11/24 23:00:00,Annual,Number,15 years,Total,Ireland,2021,66280,,
ESTAT:DEMO_PJAN(1.0),04/11/24 23:00:00,Annual,Number,15 years,Total,Ireland,2022,68766,,
ESTAT:DEMO_PJAN(1.0),04/11/24 23:00:00,Annual,Number,15 years,Total,Ireland,2023,74018,,
ESTAT:DEMO_PJAN(1.0),04/11/24 23:00:00,Annual,Number,15 years,Total,Iceland,2014,4324,,
ESTAT:DEMO_PJAN(1.0),04/11/24 23:00:00,Annual,Number,15 years,Total,Iceland,2015,4254,,
ESTAT:DEMO_PJAN(1.0),04/11/24 23:00:00,Annual,Number,15 years,Total,Iceland,2016,4411,,
ESTAT:DEMO_PJAN(1.0),04/11/24 23:00:00,Annual,Number,15 years,Total,Iceland,2017,4232,,
ESTAT:DEMO_PJAN(1.0),04/11/24 23:00:00,Annual,Number,15 years,Total,Iceland,2018,4206,,
ESTAT:DEMO_PJAN(1.0),04/11/24 23:00:00,Annual,Number,15 years,Total,Iceland,2019,4329,,
ESTAT:DEMO_PJAN(1.0),04/11/24 23:00:00,Annual,Number,15 years,Total,Iceland,2020,4521,,
ESTAT:DEMO_PJAN(1.0),04/11/24 23:00:00,Annual,Number,15 years,Total,Iceland,2021,4505,,
ESTAT:DEMO_PJAN(1.0),04/11/24 23:00:00,Annual,Number,15 years,Total,Iceland,2022,4662,,
ESTAT:DEMO_PJAN(1.0),04/11/24 23:00:00,Annual,Number,15 years,Total,Iceland,2023,4832,,
ESTAT:DEMO_PJAN(1.0),04/11/24 23:00:00,Annual,Number,15 years,Total,Italy,2014,567577,,
ESTAT:DEMO_PJAN(1.0),04/11/24 23:00:00,Annual,Number,15 years,Total,Italy,2015,568252,,
ESTAT:DEMO_PJAN(1.0),04/11/24 23:00:00,Annual,Number,15 years,Total,Italy,2016,579057,,
ESTAT:DEMO_PJAN(1.0),04/11/24 23:00:00,Annual,Number,15 years,Total,Italy,2017,567907,,
ESTAT:DEMO_PJAN(1.0),04/11/24 23:00:00,Annual,Number,15 years,Total,Italy,2018,562182,,
ESTAT:DEMO_PJAN(1.0),04/11/24 23:00:00,Annual,Number,15 years,Total,Italy,2019,566861,b,
ESTAT:DEMO_PJAN(1.0),04/11/24 23:00:00,Annual,Number,15 years,Total,Italy,2020,572210,,
ESTAT:DEMO_PJAN(1.0),04/11/24 23:00:00,Annual,Number,15 years,Total,Italy,2021,570115,,
ESTAT:DEMO_PJAN(1.0),04/11/24 23:00:00,Annual,Number,15 years,Total,Italy,2022,575894,,
ESTAT:DEMO_PJAN(1.0),04/11/24 23:00:00,Annual,Number,15 years,Total,Italy,2023,576880,,
ESTAT:DEMO_PJAN(1.0),04/11/24 23:00:00,Annual,Number,15 years,Total,Liechtenstein,2014,404,,
ESTAT:DEMO_PJAN(1.0),04/11/24 23:00:00,Annual,Number,15 years,Total,Liechtenstein,2015,408,,
ESTAT:DEMO_PJAN(1.0),04/11/24 23:00:00,Annual,Number,15 years,Total,Liechtenstein,2016,415,,
ESTAT:DEMO_PJAN(1.0),04/11/24 23:00:00,Annual,Number,15 years,Total,Liechtenstein,2017,387,,
ESTAT:DEMO_PJAN(1.0),04/11/24 23:00:00,Annual,Number,15 years,Total,Liechtenstein,2018,396,,
ESTAT:DEMO_PJAN(1.0),04/11/24 23:00:00,Annual,Number,15 years,Total,Liechtenstein,2019,352,,
ESTAT:DEMO_PJAN(1.0),04/11/24 23:00:00,Annual,Number,15 years,Total,Liechtenstein,2020,404,,
ESTAT:DEMO_PJAN(1.0),04/11/24 23:00:00,Annual,Number,15 years,Total,Liechtenstein,2021,397,,
ESTAT:DEMO_PJAN(1.0),04/11/24 23:00:00,Annual,Number,15 years,Total,Liechtenstein,2022,389,,
ESTAT:DEMO_PJAN(1.0),04/11/24 23:00:00,Annual,Number,15 years,Total,Liechtenstein,2023,386,,
ESTAT:DEMO_PJAN(1.0),04/11/24 23:00:00,Annual,Number,15 years,Total,Lithuania,2014,33448,,
ESTAT:DEMO_PJAN(1.0),04/11/24 23:00:00,Annual,Number,15 years,Total,Lithuania,2015,32558,,
ESTAT:DEMO_PJAN(1.0),04/11/24 23:00:00,Annual,Number,15 years,Total,Lithuania,2016,30163,,
ESTAT:DEMO_PJAN(1.0),04/11/24 23:00:00,Annual,Number,15 years,Total,Lithuania,2017,27614,,
ESTAT:DEMO_PJAN(1.0),04/11/24 23:00:00,Annual,Number,15 years,Total,Lithuania,2018,25885,,
ESTAT:DEMO_PJAN(1.0),04/11/24 23:00:00,Annual,Number,15 years,Total,Lithuania,2019,26229,,
ESTAT:DEMO_PJAN(1.0),04/11/24 23:00:00,Annual,Number,15 years,Total,Lithuania,2020,25784,,
ESTAT:DEMO_PJAN(1.0),04/11/24 23:00:00,Annual,Number,15 years,Total,Lithuania,2021,25989,,
ESTAT:DEMO_PJAN(1.0),04/11/24 23:00:00,Annual,Number,15 years,Total,Lithuania,2022,26336,,
ESTAT:DEMO_PJAN(1.0),04/11/24 23:00:00,Annual,Number,15 years,Total,Lithuania,2023,27451,,
ESTAT:DEMO_PJAN(1.0),04/11/24 23:00:00,Annual,Number,15 years,Total,Luxembourg,2014,6327,,
ESTAT:DEMO_PJAN(1.0),04/11/24 23:00:00,Annual,Number,15 years,Total,Luxembourg,2015,6362,,
ESTAT:DEMO_PJAN(1.0),04/11/24 23:00:00,Annual,Number,15 years,Total,Luxembourg,2016,6711,,
ESTAT:DEMO_PJAN(1.0),04/11/24 23:00:00,Annual,Number,15 years,Total,Luxembourg,2017,6393,b,
ESTAT:DEMO_PJAN(1.0),04/11/24 23:00:00,Annual,Number,15 years,Total,Luxembourg,2018,6378,,
ESTAT:DEMO_PJAN(1.0),04/11/24 23:00:00,Annual,Number,15 years,Total,Luxembourg,2019,6343,,
ESTAT:DEMO_PJAN(1.0),04/11/24 23:00:00,Annual,Number,15 years,Total,Luxembourg,2020,6528,,
ESTAT:DEMO_PJAN(1.0),04/11/24 23:00:00,Annual,Number,15 years,Total,Luxembourg,2021,6534,,
ESTAT:DEMO_PJAN(1.0),04/11/24 23:00:00,Annual,Number,15 years,Total,Luxembourg,2022,6714,,
ESTAT:DEMO_PJAN(1.0),04/11/24 23:00:00,Annual,Number,15 years,Total,Luxembourg,2023,6887,,
ESTAT:DEMO_PJAN(1.0),04/11/24 23:00:00,Annual,Number,15 years,Total,Latvia,2014,16607,,
ESTAT:DEMO_PJAN(1.0),04/11/24 23:00:00,Annual,Number,15 years,Total,Latvia,2015,17494,,
ESTAT:DEMO_PJAN(1.0),04/11/24 23:00:00,Annual,Number,15 years,Total,Latvia,2016,18302,,
ESTAT:DEMO_PJAN(1.0),04/11/24 23:00:00,Annual,Number,15 years,Total,Latvia,2017,17542,,
ESTAT:DEMO_PJAN(1.0),04/11/24 23:00:00,Annual,Number,15 years,Total,Latvia,2018,17942,,
ESTAT:DEMO_PJAN(1.0),04/11/24 23:00:00,Annual,Number,15 years,Total,Latvia,2019,18548,,
ESTAT:DEMO_PJAN(1.0),04/11/24 23:00:00,Annual,Number,15 years,Total,Latvia,2020,18043,,
ESTAT:DEMO_PJAN(1.0),04/11/24 23:00:00,Annual,Number,15 years,Total,Latvia,2021,19204,,
ESTAT:DEMO_PJAN(1.0),04/11/24 23:00:00,Annual,Number,15 years,Total,Latvia,2022,19860,,
ESTAT:DEMO_PJAN(1.0),04/11/24 23:00:00,Annual,Number,15 years,Total,Latvia,2023,21314,,
ESTAT:DEMO_PJAN(1.0),04/11/24 23:00:00,Annual,Number,15 years,Total,Moldova,2014,40770,,
ESTAT:DEMO_PJAN(1.0),04/11/24 23:00:00,Annual,Number,15 years,Total,Moldova,2015,39163,,
ESTAT:DEMO_PJAN(1.0),04/11/24 23:00:00,Annual,Number,15 years,Total,Moldova,2016,31548,e,
ESTAT:DEMO_PJAN(1.0),04/11/24 23:00:00,Annual,Number,15 years,Total,Moldova,2017,31404,e,
ESTAT:DEMO_PJAN(1.0),04/11/24 23:00:00,Annual,Number,15 years,Total,Moldova,2018,28763,e,
ESTAT:DEMO_PJAN(1.0),04/11/24 23:00:00,Annual,Number,15 years,Total,Moldova,2019,28855,e,
ESTAT:DEMO_PJAN(1.0),04/11/24 23:00:00,Annual,Number,15 years,Total,Moldova,2020,28027,e,
ESTAT:DEMO_PJAN(1.0),04/11/24 23:00:00,Annual,Number,15 years,Total,Moldova,2021,28974,e,
ESTAT:DEMO_PJAN(1.0),04/11/24 23:00:00,Annual,Number,15 years,Total,Moldova,2022,28875,e,
ESTAT:DEMO_PJAN(1.0),04/11/24 23:00:00,Annual,Number,15 years,Total,Moldova,2023,29988,ep,
ESTAT:DEMO_PJAN(1.0),04/11/24 23:00:00,Annual,Number,15 years,Total,Montenegro,2014,8439,,
ESTAT:DEMO_PJAN(1.0),04/11/24 23:00:00,Annual,Number,15 years,Total,Montenegro,2015,7961,,
ESTAT:DEMO_PJAN(1.0),04/11/24 23:00:00,Annual,Number,15 years,Total,Montenegro,2016,8192,,
ESTAT:DEMO_PJAN(1.0),04/11/24 23:00:00,Annual,Number,15 years,Total,Montenegro,2017,8267,,
ESTAT:DEMO_PJAN(1.0),04/11/24 23:00:00,Annual,Number,15 years,Total,Montenegro,2018,8213,,
ESTAT:DEMO_PJAN(1.0),04/11/24 23:00:00,Annual,Number,15 years,Total,Montenegro,2019,7855,,
ESTAT:DEMO_PJAN(1.0),04/11/24 23:00:00,Annual,Number,15 years,Total,Montenegro,2020,7409,,
ESTAT:DEMO_PJAN(1.0),04/11/24 23:00:00,Annual,Number,15 years,Total,Montenegro,2021,7315,,
ESTAT:DEMO_PJAN(1.0),04/11/24 23:00:00,Annual,Number,15 years,Total,Montenegro,2022,7319,,
ESTAT:DEMO_PJAN(1.0),04/11/24 23:00:00,Annual,Number,15 years,Total,Montenegro,2023,7479,,
ESTAT:DEMO_PJAN(1.0),04/11/24 23:00:00,Annual,Number,15 years,Total,North Macedonia,2014,25547,,
ESTAT:DEMO_PJAN(1.0),04/11/24 23:00:00,Annual,Number,15 years,Total,North Macedonia,2015,24046,,
ESTAT:DEMO_PJAN(1.0),04/11/24 23:00:00,Annual,Number,15 years,Total,North Macedonia,2016,25482,,
ESTAT:DEMO_PJAN(1.0),04/11/24 23:00:00,Annual,Number,15 years,Total,North Macedonia,2017,24215,,
ESTAT:DEMO_PJAN(1.0),04/11/24 23:00:00,Annual,Number,15 years,Total,North Macedonia,2018,22826,,
ESTAT:DEMO_PJAN(1.0),04/11/24 23:00:00,Annual,Number,15 years,Total,North Macedonia,2019,23177,,
ESTAT:DEMO_PJAN(1.0),04/11/24 23:00:00,Annual,Number,15 years,Total,North Macedonia,2020,22951,,
ESTAT:DEMO_PJAN(1.0),04/11/24 23:00:00,Annual,Number,15 years,Total,North Macedonia,2021,22023,,
ESTAT:DEMO_PJAN(1.0),04/11/24 23:00:00,Annual,Number,15 years,Total,North Macedonia,2022,20026,b,
ESTAT:DEMO_PJAN(1.0),04/11/24 23:00:00,Annual,Number,15 years,Total,North Macedonia,2023,20330,,
ESTAT:DEMO_PJAN(1.0),04/11/24 23:00:00,Annual,Number,15 years,Total,Malta,2014,4651,,
ESTAT:DEMO_PJAN(1.0),04/11/24 23:00:00,Annual,Number,15 years,Total,Malta,2015,4534,,
ESTAT:DEMO_PJAN(1.0),04/11/24 23:00:00,Annual,Number,15 years,Total,Malta,2016,4795,,
ESTAT:DEMO_PJAN(1.0),04/11/24 23:00:00,Annual,Number,15 years,Total,Malta,2017,4402,,
ESTAT:DEMO_PJAN(1.0),04/11/24 23:00:00,Annual,Number,15 years,Total,Malta,2018,4394,,
ESTAT:DEMO_PJAN(1.0),04/11/24 23:00:00,Annual,Number,15 years,Total,Malta,2019,4530,,
ESTAT:DEMO_PJAN(1.0),04/11/24 23:00:00,Annual,Number,15 years,Total,Malta,2020,4366,,
ESTAT:DEMO_PJAN(1.0),04/11/24 23:00:00,Annual,Number,15 years,Total,Malta,2021,4235,,
ESTAT:DEMO_PJAN(1.0),04/11/24 23:00:00,Annual,Number,15 years,Total,Malta,2022,4268,,
ESTAT:DEMO_PJAN(1.0),04/11/24 23:00:00,Annual,Number,15 years,Total,Malta,2023,4343,,
ESTAT:DEMO_PJAN(1.0),04/11/24 23:00:00,Annual,Number,15 years,Total,Netherlands,2014,201670,,
ESTAT:DEMO_PJAN(1.0),04/11/24 23:00:00,Annual,Number,15 years,Total,Netherlands,2015,203234,,
ESTAT:DEMO_PJAN(1.0),04/11/24 23:00:00,Annual,Number,15 years,Total,Netherlands,2016,208704,,
ESTAT:DEMO_PJAN(1.0),04/11/24 23:00:00,Annual,Number,15 years,Total,Netherlands,2017,205650,,
ESTAT:DEMO_PJAN(1.0),04/11/24 23:00:00,Annual,Number,15 years,Total,Netherlands,2018,204774,,
ESTAT:DEMO_PJAN(1.0),04/11/24 23:00:00,Annual,Number,15 years,Total,Netherlands,2019,204306,,
ESTAT:DEMO_PJAN(1.0),04/11/24 23:00:00,Annual,Number,15 years,Total,Netherlands,2020,198577,,
ESTAT:DEMO_PJAN(1.0),04/11/24 23:00:00,Annual,Number,15 years,Total,Netherlands,2021,193570,,
ESTAT:DEMO_PJAN(1.0),04/11/24 23:00:00,Annual,Number,15 years,Total,Netherlands,2022,192725,,
ESTAT:DEMO_PJAN(1.0),04/11/24 23:00:00,Annual,Number,15 years,Total,Netherlands,2023,192092,,
ESTAT:DEMO_PJAN(1.0),04/11/24 23:00:00,Annual,Number,15 years,Total,Norway,2014,63016,,
ESTAT:DEMO_PJAN(1.0),04/11/24 23:00:00,Annual,Number,15 years,Total,Norway,2015,64025,,
ESTAT:DEMO_PJAN(1.0),04/11/24 23:00:00,Annual,Number,15 years,Total,Norway,2016,64288,,
ESTAT:DEMO_PJAN(1.0),04/11/24 23:00:00,Annual,Number,15 years,Total,Norway,2017,62315,,
ESTAT:DEMO_PJAN(1.0),04/11/24 23:00:00,Annual,Number,15 years,Total,Norway,2018,61354,,
ESTAT:DEMO_PJAN(1.0),04/11/24 23:00:00,Annual,Number,15 years,Total,Norway,2019,62646,,
ESTAT:DEMO_PJAN(1.0),04/11/24 23:00:00,Annual,Number,15 years,Total,Norway,2020,63408,,
ESTAT:DEMO_PJAN(1.0),04/11/24 23:00:00,Annual,Number,15 years,Total,Norway,2021,63256,,
ESTAT:DEMO_PJAN(1.0),04/11/24 23:00:00,Annual,Number,15 years,Total,Norway,2022,65084,,
ESTAT:DEMO_PJAN(1.0),04/11/24 23:00:00,Annual,Number,15 years,Total,Norway,2023,65646,,
ESTAT:DEMO_PJAN(1.0),04/11/24 23:00:00,Annual,Number,15 years,Total,Poland,2014,388536,,
ESTAT:DEMO_PJAN(1.0),04/11/24 23:00:00,Annual,Number,15 years,Total,Poland,2015,377049,,
ESTAT:DEMO_PJAN(1.0),04/11/24 23:00:00,Annual,Number,15 years,Total,Poland,2016,373486,,
ESTAT:DEMO_PJAN(1.0),04/11/24 23:00:00,Annual,Number,15 years,Total,Poland,2017,363557,,
ESTAT:DEMO_PJAN(1.0),04/11/24 23:00:00,Annual,Number,15 years,Total,Poland,2018,350653,,
ESTAT:DEMO_PJAN(1.0),04/11/24 23:00:00,Annual,Number,15 years,Total,Poland,2019,347181,,
ESTAT:DEMO_PJAN(1.0),04/11/24 23:00:00,Annual,Number,15 years,Total,Poland,2020,353376,,
ESTAT:DEMO_PJAN(1.0),04/11/24 23:00:00,Annual,Number,15 years,Total,Poland,2021,345861,bep,
ESTAT:DEMO_PJAN(1.0),04/11/24 23:00:00,Annual,Number,15 years,Total,Poland,2022,359904,ep,
ESTAT:DEMO_PJAN(1.0),04/11/24 23:00:00,Annual,Number,15 years,Total,Poland,2023,378888,ep,
ESTAT:DEMO_PJAN(1.0),04/11/24 23:00:00,Annual,Number,15 years,Total,Portugal,2014,110882,,
ESTAT:DEMO_PJAN(1.0),04/11/24 23:00:00,Annual,Number,15 years,Total,Portugal,2015,114043,,
ESTAT:DEMO_PJAN(1.0),04/11/24 23:00:00,Annual,Number,15 years,Total,Portugal,2016,116684,,
ESTAT:DEMO_PJAN(1.0),04/11/24 23:00:00,Annual,Number,15 years,Total,Portugal,2017,107367,,
ESTAT:DEMO_PJAN(1.0),04/11/24 23:00:00,Annual,Number,15 years,Total,Portugal,2018,107900,,
ESTAT:DEMO_PJAN(1.0),04/11/24 23:00:00,Annual,Number,15 years,Total,Portugal,2019,106846,,
ESTAT:DEMO_PJAN(1.0),04/11/24 23:00:00,Annual,Number,15 years,Total,Portugal,2020,104118,,
ESTAT:DEMO_PJAN(1.0),04/11/24 23:00:00,Annual,Number,15 years,Total,Portugal,2021,105661,,
ESTAT:DEMO_PJAN(1.0),04/11/24 23:00:00,Annual,Number,15 years,Total,Portugal,2022,102213,,
ESTAT:DEMO_PJAN(1.0),04/11/24 23:00:00,Annual,Number,15 years,Total,Portugal,2023,100892,,
ESTAT:DEMO_PJAN(1.0),04/11/24 23:00:00,Annual,Number,15 years,Total,Romania,2014,219547,,
ESTAT:DEMO_PJAN(1.0),04/11/24 23:00:00,Annual,Number,15 years,Total,Romania,2015,218728,,
ESTAT:DEMO_PJAN(1.0),04/11/24 23:00:00,Annual,Number,15 years,Total,Romania,2016,220203,,
ESTAT:DEMO_PJAN(1.0),04/11/24 23:00:00,Annual,Number,15 years,Total,Romania,2017,208274,,
ESTAT:DEMO_PJAN(1.0),04/11/24 23:00:00,Annual,Number,15 years,Total,Romania,2018,204009,,
ESTAT:DEMO_PJAN(1.0),04/11/24 23:00:00,Annual,Number,15 years,Total,Romania,2019,206633,,
ESTAT:DEMO_PJAN(1.0),04/11/24 23:00:00,Annual,Number,15 years,Total,Romania,2020,205898,e,
ESTAT:DEMO_PJAN(1.0),04/11/24 23:00:00,Annual,Number,15 years,Total,Romania,2021,213014,e,
ESTAT:DEMO_PJAN(1.0),04/11/24 23:00:00,Annual,Number,15 years,Total,Romania,2022,217452,e,
ESTAT:DEMO_PJAN(1.0),04/11/24 23:00:00,Annual,Number,15 years,Total,Romania,2023,218043,e,
ESTAT:DEMO_PJAN(1.0),04/11/24 23:00:00,Annual,Number,15 years,Total,Serbia,2014,70027,,
ESTAT:DEMO_PJAN(1.0),04/11/24 23:00:00,Annual,Number,15 years,Total,Serbia,2015,68023,,
ESTAT:DEMO_PJAN(1.0),04/11/24 23:00:00,Annual,Number,15 years,Total,Serbia,2016,67810,,
ESTAT:DEMO_PJAN(1.0),04/11/24 23:00:00,Annual,Number,15 years,Total,Serbia,2017,72459,,
ESTAT:DEMO_PJAN(1.0),04/11/24 23:00:00,Annual,Number,15 years,Total,Serbia,2018,71899,,
ESTAT:DEMO_PJAN(1.0),04/11/24 23:00:00,Annual,Number,15 years,Total,Serbia,2019,72281,,
ESTAT:DEMO_PJAN(1.0),04/11/24 23:00:00,Annual,Number,15 years,Total,Serbia,2020,71171,,
ESTAT:DEMO_PJAN(1.0),04/11/24 23:00:00,Annual,Number,15 years,Total,Serbia,2021,69893,,
ESTAT:DEMO_PJAN(1.0),04/11/24 23:00:00,Annual,Number,15 years,Total,Serbia,2022,68160,,
ESTAT:DEMO_PJAN(1.0),04/11/24 23:00:00,Annual,Number,15 years,Total,Serbia,2023,64330,b,
ESTAT:DEMO_PJAN(1.0),04/11/24 23:00:00,Annual,Number,15 years,Total,Russia,2014,1332882,,
ESTAT:DEMO_PJAN(1.0),04/11/24 23:00:00,Annual,Number,15 years,Total,Sweden,2014,99186,,
ESTAT:DEMO_PJAN(1.0),04/11/24 23:00:00,Annual,Number,15 years,Total,Sweden,2015,99226,,
ESTAT:DEMO_PJAN(1.0),04/11/24 23:00:00,Annual,Number,15 years,Total,Sweden,2016,103068,,
ESTAT:DEMO_PJAN(1.0),04/11/24 23:00:00,Annual,Number,15 years,Total,Sweden,2017,104892,,
ESTAT:DEMO_PJAN(1.0),04/11/24 23:00:00,Annual,Number,15 years,Total,Sweden,2018,110574,,
ESTAT:DEMO_PJAN(1.0),04/11/24 23:00:00,Annual,Number,15 years,Total,Sweden,2019,114377,,
ESTAT:DEMO_PJAN(1.0),04/11/24 23:00:00,Annual,Number,15 years,Total,Sweden,2020,116944,,
ESTAT:DEMO_PJAN(1.0),04/11/24 23:00:00,Annual,Number,15 years,Total,Sweden,2021,117918,,
ESTAT:DEMO_PJAN(1.0),04/11/24 23:00:00,Annual,Number,15 years,Total,Sweden,2022,122311,,
ESTAT:DEMO_PJAN(1.0),04/11/24 23:00:00,Annual,Number,15 years,Total,Sweden,2023,123557,,
ESTAT:DEMO_PJAN(1.0),04/11/24 23:00:00,Annual,Number,15 years,Total,Slovenia,2014,18532,,
ESTAT:DEMO_PJAN(1.0),04/11/24 23:00:00,Annual,Number,15 years,Total,Slovenia,2015,18091,,
ESTAT:DEMO_PJAN(1.0),04/11/24 23:00:00,Annual,Number,15 years,Total,Slovenia,2016,18999,,
ESTAT:DEMO_PJAN(1.0),04/11/24 23:00:00,Annual,Number,15 years,Total,Slovenia,2017,18326,,
ESTAT:DEMO_PJAN(1.0),04/11/24 23:00:00,Annual,Number,15 years,Total,Slovenia,2018,18326,,
ESTAT:DEMO_PJAN(1.0),04/11/24 23:00:00,Annual,Number,15 years,Total,Slovenia,2019,18009,,
ESTAT:DEMO_PJAN(1.0),04/11/24 23:00:00,Annual,Number,15 years,Total,Slovenia,2020,18834,,
ESTAT:DEMO_PJAN(1.0),04/11/24 23:00:00,Annual,Number,15 years,Total,Slovenia,2021,19151,,
ESTAT:DEMO_PJAN(1.0),04/11/24 23:00:00,Annual,Number,15 years,Total,Slovenia,2022,20138,,
ESTAT:DEMO_PJAN(1.0),04/11/24 23:00:00,Annual,Number,15 years,Total,Slovenia,2023,21294,,
ESTAT:DEMO_PJAN(1.0),04/11/24 23:00:00,Annual,Number,15 years,Total,Slovakia,2014,56848,,
ESTAT:DEMO_PJAN(1.0),04/11/24 23:00:00,Annual,Number,15 years,Total,Slovakia,2015,55938,,
ESTAT:DEMO_PJAN(1.0),04/11/24 23:00:00,Annual,Number,15 years,Total,Slovakia,2016,54989,,
ESTAT:DEMO_PJAN(1.0),04/11/24 23:00:00,Annual,Number,15 years,Total,Slovakia,2017,51526,,
ESTAT:DEMO_PJAN(1.0),04/11/24 23:00:00,Annual,Number,15 years,Total,Slovakia,2018,50796,,
ESTAT:DEMO_PJAN(1.0),04/11/24 23:00:00,Annual,Number,15 years,Total,Slovakia,2019,51608,,
ESTAT:DEMO_PJAN(1.0),04/11/24 23:00:00,Annual,Number,15 years,Total,Slovakia,2020,53904,,
ESTAT:DEMO_PJAN(1.0),04/11/24 23:00:00,Annual,Number,15 years,Total,Slovakia,2021,54411,,
ESTAT:DEMO_PJAN(1.0),04/11/24 23:00:00,Annual,Number,15 years,Total,Slovakia,2022,53124,,
ESTAT:DEMO_PJAN(1.0),04/11/24 23:00:00,Annual,Number,15 years,Total,Slovakia,2023,53769,,
ESTAT:DEMO_PJAN(1.0),04/11/24 23:00:00,Annual,Number,15 years,Total,San Marino,2018,339,,
ESTAT:DEMO_PJAN(1.0),04/11/24 23:00:00,Annual,Number,15 years,Total,Türkiye,2014,1325991,,
ESTAT:DEMO_PJAN(1.0),04/11/24 23:00:00,Annual,Number,15 years,Total,Türkiye,2015,1335614,,
ESTAT:DEMO_PJAN(1.0),04/11/24 23:00:00,Annual,Number,15 years,Total,Türkiye,2016,1324334,,
ESTAT:DEMO_PJAN(1.0),04/11/24 23:00:00,Annual,Number,15 years,Total,Türkiye,2017,1303667,,
ESTAT:DEMO_PJAN(1.0),04/11/24 23:00:00,Annual,Number,15 years,Total,Türkiye,2018,1219305,,
ESTAT:DEMO_PJAN(1.0),04/11/24 23:00:00,Annual,Number,15 years,Total,Türkiye,2019,1204096,,
ESTAT:DEMO_PJAN(1.0),04/11/24 23:00:00,Annual,Number,15 years,Total,Türkiye,2020,1228816,,
ESTAT:DEMO_PJAN(1.0),04/11/24 23:00:00,Annual,Number,15 years,Total,Türkiye,2021,1248172,,
ESTAT:DEMO_PJAN(1.0),04/11/24 23:00:00,Annual,Number,15 years,Total,Türkiye,2022,1272383,,
ESTAT:DEMO_PJAN(1.0),04/11/24 23:00:00,Annual,Number,15 years,Total,Türkiye,2023,1311439,,
ESTAT:DEMO_PJAN(1.0),04/11/24 23:00:00,Annual,Number,15 years,Total,Ukraine,2014,409399,,
ESTAT:DEMO_PJAN(1.0),04/11/24 23:00:00,Annual,Number,15 years,Total,Ukraine,2015,366788,,
ESTAT:DEMO_PJAN(1.0),04/11/24 23:00:00,Annual,Number,15 years,Total,Ukraine,2016,362018,,
ESTAT:DEMO_PJAN(1.0),04/11/24 23:00:00,Annual,Number,15 years,Total,Ukraine,2017,351424,,
ESTAT:DEMO_PJAN(1.0),04/11/24 23:00:00,Annual,Number,15 years,Total,Ukraine,2018,365209,,
ESTAT:DEMO_PJAN(1.0),04/11/24 23:00:00,Annual,Number,15 years,Total,Ukraine,2019,381780,,
ESTAT:DEMO_PJAN(1.0),04/11/24 23:00:00,Annual,Number,15 years,Total,Ukraine,2020,399758,,
ESTAT:DEMO_PJAN(1.0),04/11/24 23:00:00,Annual,Number,15 years,Total,Ukraine,2021,398426,,
ESTAT:DEMO_PJAN(1.0),04/11/24 23:00:00,Annual,Number,15 years,Total,Ukraine,2022,430492,,
ESTAT:DEMO_PJAN(1.0),04/11/24 23:00:00,Annual,Number,15 years,Total,United Kingdom,2014,748536,,
ESTAT:DEMO_PJAN(1.0),04/11/24 23:00:00,Annual,Number,15 years,Total,United Kingdom,2015,736387,,
ESTAT:DEMO_PJAN(1.0),04/11/24 23:00:00,Annual,Number,15 years,Total,United Kingdom,2016,720171,,
ESTAT:DEMO_PJAN(1.0),04/11/24 23:00:00,Annual,Number,15 years,Total,United Kingdom,2017,705525,,
ESTAT:DEMO_PJAN(1.0),04/11/24 23:00:00,Annual,Number,15 years,Total,United Kingdom,2018,704864,,
ESTAT:DEMO_PJAN(1.0),04/11/24 23:00:00,Annual,Number,15 years,Total,United Kingdom,2019,724934,,
ESTAT:DEMO_PJAN(1.0),04/11/24 23:00:00,Annual,Number,15 years,Total,Kosovo*,2016,33389,p,
ESTAT:DEMO_PJAN(1.0),04/11/24 23:00:00,Annual,Number,15 years,Total,Kosovo*,2017,34191,,
ESTAT:DEMO_PJAN(1.0),04/11/24 23:00:00,Annual,Number,15 years,Total,Kosovo*,2018,34476,,
ESTAT:DEMO_PJAN(1.0),04/11/24 23:00:00,Annual,Number,15 years,Total,Kosovo*,2019,29480,,
ESTAT:DEMO_PJAN(1.0),04/11/24 23:00:00,Annual,Number,15 years,Total,Kosovo*,2020,29214,,
ESTAT:DEMO_PJAN(1.0),04/11/24 23:00:00,Annual,Number,15 years,Total,Kosovo*,2021,28074,,
ESTAT:DEMO_PJAN(1.0),04/11/24 23:00:00,Annual,Number,15 years,Total,Kosovo*,2022,26729,,
