;sex_tag;sex;country;time_period;obs_value
14;F;Females;Austria;2018;19.0
15;F;Females;Austria;2019;25.0
25;F;Females;Belgium;2006;15.0
26;F;Females;Belgium;2007;14.5
28;F;Females;Belgium;2009;12.5
29;F;Females;Belgium;2010;13.4
31;F;Females;Belgium;2012;12.2
32;F;Females;Belgium;2013;10.7
35;F;Females;Belgium;2016;12.7
42;F;Females;Belgium;2023;15.2
61;F;Females;Bulgaria;2022;31.3
62;F;Females;Bulgaria;2023;33.4
70;F;Females;Switzerland;2011;12.7
71;F;Females;Switzerland;2012;12.4
72;F;Females;Switzerland;2013;14.3
74;F;Females;Switzerland;2015;16.5
75;F;Females;Switzerland;2016;14.6
76;F;Females;Switzerland;2017;15.1
77;F;Females;Switzerland;2018;14.0
78;F;Females;Switzerland;2019;14.0
79;F;Females;Switzerland;2020;14.0
81;F;Females;Switzerland;2022;11.0
82;F;Females;Switzerland;2023;10.5
85;F;Females;Cyprus;2006;35.0
87;F;Females;Cyprus;2008;32.8
89;F;Females;Cyprus;2010;38.0
90;F;Females;Cyprus;2011;40.9
91;F;Females;Cyprus;2012;39.3
92;F;Females;Cyprus;2013;34.3
94;F;Females;Cyprus;2015;33.0
95;F;Females;Cyprus;2016;32.6
97;F;Females;Cyprus;2018;24.5
98;F;Females;Cyprus;2019;26.9
99;F;Females;Cyprus;2020;27.5
101;F;Females;Cyprus;2022;30.2
114;F;Females;Czechia;2015;10.8
115;F;Females;Czechia;2016;12.0
117;F;Females;Czechia;2018;10.1
119;F;Females;Czechia;2020;11.1
121;F;Females;Czechia;2022;10.1
122;F;Females;Czechia;2023;13.1
123;F;Females;Germany;2004;16.3
126;F;Females;Germany;2007;19.1
132;F;Females;Germany;2013;13.9
134;F;Females;Germany;2015;13.3
135;F;Females;Germany;2016;13.4
136;F;Females;Germany;2017;13.8
137;F;Females;Germany;2018;13.5
138;F;Females;Germany;2019;13.8
141;F;Females;Germany;2022;15.1
142;F;Females;Germany;2023;15.3
145;F;Females;Denmark;2006;17.9
158;F;Females;Denmark;2019;18.6
159;F;Females;Denmark;2020;32.9
161;F;Females;Denmark;2022;31.3
171;F;Females;Estonia;2012;33.7
178;F;Females;Estonia;2019;19.5
179;F;Females;Estonia;2020;19.4
181;F;Females;Estonia;2022;16.5
182;F;Females;Estonia;2023;28.3
185;F;Females;Greece;2006;40.0
186;F;Females;Greece;2007;40.8
187;F;Females;Greece;2008;40.5
189;F;Females;Greece;2010;39.1
190;F;Females;Greece;2011;35.9
191;F;Females;Greece;2012;37.3
192;F;Females;Greece;2013;33.1
194;F;Females;Greece;2015;34.2
195;F;Females;Greece;2016;26.9
196;F;Females;Greece;2017;21.7
197;F;Females;Greece;2018;21.5
198;F;Females;Greece;2019;27.4
199;F;Females;Greece;2020;30.6
201;F;Females;Greece;2022;22.8
202;F;Females;Greece;2023;31.9
206;F;Females;Spain;2007;23.5
207;F;Females;Spain;2008;25.3
208;F;Females;Spain;2009;25.3
209;F;Females;Spain;2010;23.7
210;F;Females;Spain;2011;25.9
211;F;Females;Spain;2012;17.4
212;F;Females;Spain;2013;17.4
214;F;Females;Spain;2015;23.3
215;F;Females;Spain;2016;20.4
216;F;Females;Spain;2017;19.3
217;F;Females;Spain;2018;20.9
218;F;Females;Spain;2019;22.3
219;F;Females;Spain;2020;20.9
223;F;Females;European Union - 15 countries (1995-2004);2004;26.4
225;F;Females;European Union - 15 countries (1995-2004);2006;23.3
226;F;Females;European Union - 15 countries (1995-2004);2007;24.3
227;F;Females;European Union - 15 countries (1995-2004);2008;21.8
228;F;Females;European Union - 15 countries (1995-2004);2009;20.4
229;F;Females;European Union - 15 countries (1995-2004);2010;19.5
230;F;Females;European Union - 15 countries (1995-2004);2011;20.9
231;F;Females;European Union - 15 countries (1995-2004);2012;18.8
232;F;Females;European Union - 15 countries (1995-2004);2013;17.9
234;F;Females;European Union - 15 countries (1995-2004);2015;18.8
235;F;Females;European Union - 15 countries (1995-2004);2016;16.6
236;F;Females;European Union - 15 countries (1995-2004);2017;17.0
237;F;Females;European Union - 15 countries (1995-2004);2018;16.0
238;F;Females;European Union - 15 countries (1995-2004);2019;18.6
239;F;Females;European Union - 27 countries (from 2020);2004;27.5
241;F;Females;European Union - 27 countries (from 2020);2006;22.1
242;F;Females;European Union - 27 countries (from 2020);2007;22.7
243;F;Females;European Union - 27 countries (from 2020);2008;21.4
244;F;Females;European Union - 27 countries (from 2020);2009;20.2
245;F;Females;European Union - 27 countries (from 2020);2010;19.6
246;F;Females;European Union - 27 countries (from 2020);2011;19.2
247;F;Females;European Union - 27 countries (from 2020);2012;18.3
248;F;Females;European Union - 27 countries (from 2020);2013;17.2
250;F;Females;European Union - 27 countries (from 2020);2015;16.6
251;F;Females;European Union - 27 countries (from 2020);2016;16.0
252;F;Females;European Union - 27 countries (from 2020);2017;15.4
253;F;Females;European Union - 27 countries (from 2020);2018;15.4
254;F;Females;European Union - 27 countries (from 2020);2019;17.2
255;F;Females;European Union - 27 countries (from 2020);2020;17.1
257;F;Females;European Union - 27 countries (from 2020);2022;15.5
258;F;Females;European Union - 27 countries (from 2020);2023;17.4
259;F;Females;European Union - 28 countries (2013-2020);2004;27.4
261;F;Females;European Union - 28 countries (2013-2020);2006;23.3
262;F;Females;European Union - 28 countries (2013-2020);2007;23.8
263;F;Females;European Union - 28 countries (2013-2020);2008;21.8
264;F;Females;European Union - 28 countries (2013-2020);2009;21.0
265;F;Females;European Union - 28 countries (2013-2020);2010;19.5
266;F;Females;European Union - 28 countries (2013-2020);2011;20.3
267;F;Females;European Union - 28 countries (2013-2020);2012;18.8
268;F;Females;European Union - 28 countries (2013-2020);2013;17.8
270;F;Females;European Union - 28 countries (2013-2020);2015;17.5
271;F;Females;European Union - 28 countries (2013-2020);2016;16.1
272;F;Females;European Union - 28 countries (2013-2020);2017;16.2
273;F;Females;European Union - 28 countries (2013-2020);2018;15.4
274;F;Females;European Union - 28 countries (2013-2020);2019;17.5
275;F;Females;Finland;2004;42.7
277;F;Females;Finland;2006;39.4
280;F;Females;Finland;2009;34.8
281;F;Females;Finland;2010;32.2
282;F;Females;Finland;2011;31.8
283;F;Females;Finland;2012;25.9
284;F;Females;Finland;2013;29.7
286;F;Females;Finland;2015;29.4
287;F;Females;Finland;2016;19.9
288;F;Females;Finland;2017;18.6
289;F;Females;Finland;2018;16.3
290;F;Females;Finland;2019;14.2
291;F;Females;Finland;2020;14.1
293;F;Females;Finland;2022;16.6
294;F;Females;Finland;2023;16.1
301;F;Females;France;2010;17.6
310;F;Females;France;2019;22.3
311;F;Females;France;2020;16.6
335;F;Females;Hungary;2004;23.4
337;F;Females;Hungary;2006;20.2
338;F;Females;Hungary;2007;19.1
339;F;Females;Hungary;2008;17.7
340;F;Females;Hungary;2009;15.6
341;F;Females;Hungary;2010;15.7
342;F;Females;Hungary;2011;14.1
343;F;Females;Hungary;2012;14.8
344;F;Females;Hungary;2013;16.1
346;F;Females;Hungary;2015;13.8
347;F;Females;Hungary;2016;14.8
348;F;Females;Hungary;2017;9.6
349;F;Females;Hungary;2018;11.2
350;F;Females;Hungary;2019;13.7
351;F;Females;Hungary;2020;17.1
353;F;Females;Hungary;2022;11.7
354;F;Females;Hungary;2023;14.0
355;F;Females;Ireland;2004;52.0
357;F;Females;Ireland;2006;46.8
359;F;Females;Ireland;2008;40.3
360;F;Females;Ireland;2009;36.7
361;F;Females;Ireland;2010;35.8
362;F;Females;Ireland;2011;33.9
363;F;Females;Ireland;2012;35.2
364;F;Females;Ireland;2013;30.4
366;F;Females;Ireland;2015;27.7
367;F;Females;Ireland;2016;28.8
369;F;Females;Ireland;2018;24.8
370;F;Females;Ireland;2019;22.0
371;F;Females;Ireland;2020;23.2
373;F;Females;Ireland;2022;23.9
374;F;Females;Ireland;2023;23.8
381;F;Females;Iceland;2010;31.6
386;F;Females;Iceland;2015;33.6
387;F;Females;Iceland;2016;27.2
388;F;Females;Iceland;2017;25.8
390;F;Females;Iceland;2019;23.0
396;F;Females;Italy;2006;31.3
397;F;Females;Italy;2007;30.3
398;F;Females;Italy;2008;29.2
399;F;Females;Italy;2009;22.8
400;F;Females;Italy;2010;23.6
401;F;Females;Italy;2011;27.6
402;F;Females;Italy;2012;24.9
403;F;Females;Italy;2013;21.2
405;F;Females;Italy;2015;18.9
406;F;Females;Italy;2016;18.2
407;F;Females;Italy;2017;21.6
409;F;Females;Italy;2019;16.1
410;F;Females;Italy;2020;16.7
412;F;Females;Italy;2022;14.5
413;F;Females;Italy;2023;11.2
430;F;Females;Lithuania;2020;20.7
432;F;Females;Lithuania;2022;15.4
433;F;Females;Lithuania;2023;17.2
449;F;Females;Luxembourg;2019;23.6
452;F;Females;Luxembourg;2022;17.8
457;F;Females;Latvia;2007;23.9
458;F;Females;Latvia;2008;29.1
467;F;Females;Latvia;2017;18.2
469;F;Females;Latvia;2019;24.8
491;F;Females;North Macedonia;2013;30.6
494;F;Females;North Macedonia;2016;27.9
495;F;Females;North Macedonia;2017;23.2
496;F;Females;North Macedonia;2018;19.7
497;F;Females;North Macedonia;2019;23.4
498;F;Females;North Macedonia;2020;23.3
510;F;Females;Malta;2015;19.0
511;F;Females;Malta;2016;16.9
512;F;Females;Malta;2017;23.0
513;F;Females;Malta;2018;23.4
514;F;Females;Malta;2019;18.2
515;F;Females;Malta;2020;14.7
519;F;Females;Netherlands;2004;10.5
522;F;Females;Netherlands;2007;14.4
523;F;Females;Netherlands;2008;11.5
524;F;Females;Netherlands;2009;9.0
525;F;Females;Netherlands;2010;8.7
526;F;Females;Netherlands;2011;8.5
527;F;Females;Netherlands;2012;12.1
530;F;Females;Netherlands;2015;17.1
531;F;Females;Netherlands;2016;11.0
532;F;Females;Netherlands;2017;12.3
533;F;Females;Netherlands;2018;12.6
535;F;Females;Netherlands;2020;13.9
537;F;Females;Netherlands;2022;15.2
538;F;Females;Netherlands;2023;12.9
551;F;Females;Norway;2016;20.7
561;F;Females;Poland;2006;17.1
562;F;Females;Poland;2007;18.3
563;F;Females;Poland;2008;17.0
564;F;Females;Poland;2009;20.1
566;F;Females;Poland;2011;15.7
567;F;Females;Poland;2012;16.3
568;F;Females;Poland;2013;12.9
570;F;Females;Poland;2015;10.8
571;F;Females;Poland;2016;11.2
572;F;Females;Poland;2017;10.4
573;F;Females;Poland;2018;9.6
575;F;Females;Poland;2020;11.9
577;F;Females;Poland;2022;9.7
578;F;Females;Poland;2023;14.6
581;F;Females;Portugal;2006;26.1
582;F;Females;Portugal;2007;29.2
583;F;Females;Portugal;2008;27.2
584;F;Females;Portugal;2009;19.7
585;F;Females;Portugal;2010;25.6
587;F;Females;Portugal;2012;24.3
588;F;Females;Portugal;2013;19.0
590;F;Females;Portugal;2015;24.3
591;F;Females;Portugal;2016;23.7
592;F;Females;Portugal;2017;16.5
593;F;Females;Portugal;2018;14.5
594;F;Females;Portugal;2019;15.6
595;F;Females;Portugal;2020;19.7
598;F;Females;Portugal;2023;14.2
599;F;Females;Romania;2004;42.4
601;F;Females;Romania;2006;37.6
602;F;Females;Romania;2007;30.4
603;F;Females;Romania;2008;33.7
604;F;Females;Romania;2009;39.3
606;F;Females;Romania;2011;27.3
607;F;Females;Romania;2012;30.8
608;F;Females;Romania;2013;30.9
610;F;Females;Romania;2015;27.0
611;F;Females;Romania;2016;27.7
612;F;Females;Romania;2017;25.0
613;F;Females;Romania;2018;26.6
614;F;Females;Romania;2019;26.1
615;F;Females;Romania;2020;27.0
617;F;Females;Romania;2022;29.9
618;F;Females;Romania;2023;29.9
625;F;Females;Serbia;2016;18.9
626;F;Females;Serbia;2017;24.2
627;F;Females;Serbia;2018;27.8
628;F;Females;Serbia;2019;27.9
629;F;Females;Serbia;2020;33.2
631;F;Females;Serbia;2022;24.9
632;F;Females;Serbia;2023;23.3
633;F;Females;Sweden;2004;38.7
636;F;Females;Sweden;2007;31.1
637;F;Females;Sweden;2008;29.2
638;F;Females;Sweden;2009;26.7
639;F;Females;Sweden;2010;24.7
640;F;Females;Sweden;2011;25.9
641;F;Females;Sweden;2012;26.7
642;F;Females;Sweden;2013;25.4
644;F;Females;Sweden;2015;26.3
645;F;Females;Sweden;2016;25.0
646;F;Females;Sweden;2017;22.0
648;F;Females;Sweden;2019;25.3
649;F;Females;Sweden;2020;24.5
651;F;Females;Sweden;2022;24.0
652;F;Females;Sweden;2023;28.7
686;F;Females;Slovakia;2017;15.6
687;F;Females;Slovakia;2018;16.2
689;F;Females;Slovakia;2020;13.2
696;F;Females;Türkiye;2009;26.3
697;F;Females;Türkiye;2010;27.1
698;F;Females;Türkiye;2011;27.5
699;F;Females;Türkiye;2012;25.7
700;F;Females;Türkiye;2013;26.3
702;F;Females;Türkiye;2015;26.4
703;F;Females;Türkiye;2016;23.9
704;F;Females;Türkiye;2017;28.6
705;F;Females;Türkiye;2018;26.7
706;F;Females;Türkiye;2019;25.3
707;F;Females;Türkiye;2020;22.1
709;F;Females;Türkiye;2022;21.0
710;F;Females;Türkiye;2023;23.1
713;F;Females;United Kingdom;2006;28.0
716;F;Females;United Kingdom;2009;24.9
719;F;Females;United Kingdom;2012;22.3
720;F;Females;United Kingdom;2013;21.4
722;F;Females;United Kingdom;2015;23.7
723;F;Females;United Kingdom;2016;16.9
724;F;Females;United Kingdom;2017;21.9
725;F;Females;United Kingdom;2018;15.4
726;F;Females;United Kingdom;2019;19.6
731;M;Males;Austria;2008;89.0
732;M;Males;Austria;2009;88.1
733;M;Males;Austria;2010;86.0
734;M;Males;Austria;2011;83.3
735;M;Males;Austria;2012;83.9
736;M;Males;Austria;2013;88.4
738;M;Males;Austria;2015;86.3
739;M;Males;Austria;2016;85.8
740;M;Males;Austria;2017;89.3
741;M;Males;Austria;2018;81.0
742;M;Males;Austria;2019;75.0
743;M;Males;Austria;2020;85.5
745;M;Males;Austria;2022;85.4
746;M;Males;Austria;2023;81.8
748;M;Males;Bosnia and Herzegovina;2022;71.5
749;M;Males;Bosnia and Herzegovina;2023;81.9
750;M;Males;Belgium;2004;85.0
752;M;Males;Belgium;2006;85.0
753;M;Males;Belgium;2007;85.5
755;M;Males;Belgium;2009;87.5
756;M;Males;Belgium;2010;86.6
758;M;Males;Belgium;2012;87.8
759;M;Males;Belgium;2013;89.3
761;M;Males;Belgium;2015;90.5
762;M;Males;Belgium;2016;87.3
764;M;Males;Belgium;2018;92.6
765;M;Males;Belgium;2019;86.6
766;M;Males;Belgium;2020;89.1
768;M;Males;Belgium;2022;88.7
769;M;Males;Belgium;2023;84.8
781;M;Males;Bulgaria;2015;76.6
782;M;Males;Bulgaria;2016;70.8
783;M;Males;Bulgaria;2017;66.2
784;M;Males;Bulgaria;2018;75.6
786;M;Males;Bulgaria;2020;72.5
788;M;Males;Bulgaria;2022;68.7
789;M;Males;Bulgaria;2023;66.6
790;M;Males;Switzerland;2004;90.5
792;M;Males;Switzerland;2006;90.6
793;M;Males;Switzerland;2007;89.4
794;M;Males;Switzerland;2008;89.1
795;M;Males;Switzerland;2009;88.9
797;M;Males;Switzerland;2011;87.3
798;M;Males;Switzerland;2012;87.6
799;M;Males;Switzerland;2013;85.7
801;M;Males;Switzerland;2015;83.5
802;M;Males;Switzerland;2016;85.4
803;M;Males;Switzerland;2017;84.9
804;M;Males;Switzerland;2018;86.0
805;M;Males;Switzerland;2019;86.0
806;M;Males;Switzerland;2020;86.0
808;M;Males;Switzerland;2022;89.0
809;M;Males;Switzerland;2023;89.5
810;M;Males;Cyprus;2004;75.6
812;M;Males;Cyprus;2006;65.0
813;M;Males;Cyprus;2007;73.5
814;M;Males;Cyprus;2008;67.2
816;M;Males;Cyprus;2010;62.0
817;M;Males;Cyprus;2011;59.1
818;M;Males;Cyprus;2012;60.7
819;M;Males;Cyprus;2013;65.7
821;M;Males;Cyprus;2015;67.0
822;M;Males;Cyprus;2016;67.4
823;M;Males;Cyprus;2017;77.1
824;M;Males;Cyprus;2018;75.5
825;M;Males;Cyprus;2019;73.1
826;M;Males;Cyprus;2020;72.5
828;M;Males;Cyprus;2022;69.8
832;M;Males;Czechia;2006;90.4
833;M;Males;Czechia;2007;94.5
834;M;Males;Czechia;2008;93.2
835;M;Males;Czechia;2009;94.0
836;M;Males;Czechia;2010;95.1
838;M;Males;Czechia;2012;96.3
839;M;Males;Czechia;2013;86.9
841;M;Males;Czechia;2015;89.2
842;M;Males;Czechia;2016;88.0
843;M;Males;Czechia;2017;92.8
844;M;Males;Czechia;2018;89.9
845;M;Males;Czechia;2019;92.0
846;M;Males;Czechia;2020;88.9
848;M;Males;Czechia;2022;89.9
849;M;Males;Czechia;2023;86.9
850;M;Males;Germany;2004;83.7
853;M;Males;Germany;2007;80.9
854;M;Males;Germany;2008;86.2
855;M;Males;Germany;2009;88.8
859;M;Males;Germany;2013;86.1
861;M;Males;Germany;2015;86.7
862;M;Males;Germany;2016;86.6
863;M;Males;Germany;2017;86.2
864;M;Males;Germany;2018;86.5
865;M;Males;Germany;2019;86.2
868;M;Males;Germany;2022;84.9
869;M;Males;Germany;2023;84.7
870;M;Males;Denmark;2004;70.7
872;M;Males;Denmark;2006;82.1
875;M;Males;Denmark;2009;80.7
876;M;Males;Denmark;2010;78.4
877;M;Males;Denmark;2011;81.7
878;M;Males;Denmark;2012;83.1
879;M;Males;Denmark;2013;83.1
881;M;Males;Denmark;2015;82.7
884;M;Males;Denmark;2018;83.9
885;M;Males;Denmark;2019;81.4
886;M;Males;Denmark;2020;67.1
888;M;Males;Denmark;2022;68.7
893;M;Males;Estonia;2007;74.8
894;M;Males;Estonia;2008;70.8
895;M;Males;Estonia;2009;69.7
896;M;Males;Estonia;2010;78.1
897;M;Males;Estonia;2011;63.5
898;M;Males;Estonia;2012;66.3
899;M;Males;Estonia;2013;78.5
901;M;Males;Estonia;2015;80.4
902;M;Males;Estonia;2016;83.5
903;M;Males;Estonia;2017;82.3
904;M;Males;Estonia;2018;82.1
905;M;Males;Estonia;2019;80.5
906;M;Males;Estonia;2020;80.6
908;M;Males;Estonia;2022;83.5
909;M;Males;Estonia;2023;71.7
912;M;Males;Greece;2006;60.0
913;M;Males;Greece;2007;59.2
914;M;Males;Greece;2008;59.5
916;M;Males;Greece;2010;60.9
917;M;Males;Greece;2011;64.1
918;M;Males;Greece;2012;62.7
919;M;Males;Greece;2013;66.9
921;M;Males;Greece;2015;65.8
922;M;Males;Greece;2016;73.1
923;M;Males;Greece;2017;78.3
924;M;Males;Greece;2018;78.5
925;M;Males;Greece;2019;72.6
926;M;Males;Greece;2020;69.4
928;M;Males;Greece;2022;77.2
929;M;Males;Greece;2023;68.1
933;M;Males;Spain;2007;76.5
934;M;Males;Spain;2008;74.7
935;M;Males;Spain;2009;74.7
936;M;Males;Spain;2010;76.3
937;M;Males;Spain;2011;74.1
938;M;Males;Spain;2012;82.6
939;M;Males;Spain;2013;82.6
941;M;Males;Spain;2015;76.7
942;M;Males;Spain;2016;79.6
943;M;Males;Spain;2017;80.7
944;M;Males;Spain;2018;79.1
945;M;Males;Spain;2019;77.7
946;M;Males;Spain;2020;79.1
950;M;Males;European Union - 15 countries (1995-2004);2004;73.6
952;M;Males;European Union - 15 countries (1995-2004);2006;76.7
953;M;Males;European Union - 15 countries (1995-2004);2007;75.7
954;M;Males;European Union - 15 countries (1995-2004);2008;78.2
955;M;Males;European Union - 15 countries (1995-2004);2009;79.6
956;M;Males;European Union - 15 countries (1995-2004);2010;80.5
957;M;Males;European Union - 15 countries (1995-2004);2011;79.1
958;M;Males;European Union - 15 countries (1995-2004);2012;81.2
959;M;Males;European Union - 15 countries (1995-2004);2013;82.1
961;M;Males;European Union - 15 countries (1995-2004);2015;81.2
962;M;Males;European Union - 15 countries (1995-2004);2016;83.4
963;M;Males;European Union - 15 countries (1995-2004);2017;83.0
964;M;Males;European Union - 15 countries (1995-2004);2018;84.0
965;M;Males;European Union - 15 countries (1995-2004);2019;81.4
966;M;Males;European Union - 27 countries (from 2020);2004;72.5
968;M;Males;European Union - 27 countries (from 2020);2006;77.9
969;M;Males;European Union - 27 countries (from 2020);2007;77.3
970;M;Males;European Union - 27 countries (from 2020);2008;78.6
971;M;Males;European Union - 27 countries (from 2020);2009;79.8
972;M;Males;European Union - 27 countries (from 2020);2010;80.4
973;M;Males;European Union - 27 countries (from 2020);2011;80.8
974;M;Males;European Union - 27 countries (from 2020);2012;81.7
975;M;Males;European Union - 27 countries (from 2020);2013;82.8
977;M;Males;European Union - 27 countries (from 2020);2015;83.4
978;M;Males;European Union - 27 countries (from 2020);2016;84.0
979;M;Males;European Union - 27 countries (from 2020);2017;84.6
980;M;Males;European Union - 27 countries (from 2020);2018;84.6
981;M;Males;European Union - 27 countries (from 2020);2019;82.8
982;M;Males;European Union - 27 countries (from 2020);2020;82.9
984;M;Males;European Union - 27 countries (from 2020);2022;84.5
985;M;Males;European Union - 27 countries (from 2020);2023;82.6
986;M;Males;European Union - 28 countries (2013-2020);2004;72.6
988;M;Males;European Union - 28 countries (2013-2020);2006;76.7
989;M;Males;European Union - 28 countries (2013-2020);2007;76.2
990;M;Males;European Union - 28 countries (2013-2020);2008;78.2
991;M;Males;European Union - 28 countries (2013-2020);2009;79.0
992;M;Males;European Union - 28 countries (2013-2020);2010;80.5
993;M;Males;European Union - 28 countries (2013-2020);2011;79.7
994;M;Males;European Union - 28 countries (2013-2020);2012;81.2
995;M;Males;European Union - 28 countries (2013-2020);2013;82.2
997;M;Males;European Union - 28 countries (2013-2020);2015;82.5
998;M;Males;European Union - 28 countries (2013-2020);2016;83.9
999;M;Males;European Union - 28 countries (2013-2020);2017;83.8
1000;M;Males;European Union - 28 countries (2013-2020);2018;84.6
1001;M;Males;European Union - 28 countries (2013-2020);2019;82.5
1002;M;Males;Finland;2004;57.3
1004;M;Males;Finland;2006;60.6
1007;M;Males;Finland;2009;65.2
1008;M;Males;Finland;2010;67.8
1009;M;Males;Finland;2011;68.2
1010;M;Males;Finland;2012;74.1
1011;M;Males;Finland;2013;70.3
1013;M;Males;Finland;2015;70.6
1014;M;Males;Finland;2016;80.1
1015;M;Males;Finland;2017;81.4
1016;M;Males;Finland;2018;83.7
1017;M;Males;Finland;2019;85.8
1018;M;Males;Finland;2020;85.9
1020;M;Males;Finland;2022;83.4
1021;M;Males;Finland;2023;83.9
1022;M;Males;France;2004;82.0
1025;M;Males;France;2007;84.6
1026;M;Males;France;2008;86.6
1027;M;Males;France;2009;86.2
1028;M;Males;France;2010;82.4
1029;M;Males;France;2011;84.8
1030;M;Males;France;2012;83.3
1033;M;Males;France;2015;86.2
1034;M;Males;France;2016;86.6
1035;M;Males;France;2017;88.2
1036;M;Males;France;2018;88.1
1037;M;Males;France;2019;77.7
1038;M;Males;France;2020;83.4
1053;M;Males;Croatia;2015;89.7
1054;M;Males;Croatia;2016;93.9
1055;M;Males;Croatia;2017;87.3
1056;M;Males;Croatia;2018;80.7
1058;M;Males;Croatia;2020;84.2
1060;M;Males;Croatia;2022;88.5
1061;M;Males;Croatia;2023;85.2
1062;M;Males;Hungary;2004;76.6
1064;M;Males;Hungary;2006;79.8
1065;M;Males;Hungary;2007;80.9
1066;M;Males;Hungary;2008;82.3
1067;M;Males;Hungary;2009;84.4
1068;M;Males;Hungary;2010;84.3
1069;M;Males;Hungary;2011;85.9
1070;M;Males;Hungary;2012;85.2
1071;M;Males;Hungary;2013;83.9
1073;M;Males;Hungary;2015;86.2
1074;M;Males;Hungary;2016;85.2
1075;M;Males;Hungary;2017;90.4
1076;M;Males;Hungary;2018;88.8
1077;M;Males;Hungary;2019;86.3
1078;M;Males;Hungary;2020;82.9
1080;M;Males;Hungary;2022;88.3
1081;M;Males;Hungary;2023;86.0
1082;M;Males;Ireland;2004;48.0
1084;M;Males;Ireland;2006;53.2
1086;M;Males;Ireland;2008;59.7
1087;M;Males;Ireland;2009;63.3
1088;M;Males;Ireland;2010;64.2
1089;M;Males;Ireland;2011;66.1
1090;M;Males;Ireland;2012;64.8
1091;M;Males;Ireland;2013;69.6
1093;M;Males;Ireland;2015;72.3
1094;M;Males;Ireland;2016;71.2
1096;M;Males;Ireland;2018;75.2
1097;M;Males;Ireland;2019;78.0
1098;M;Males;Ireland;2020;76.8
1100;M;Males;Ireland;2022;76.1
1101;M;Males;Ireland;2023;76.2
1106;M;Males;Iceland;2008;71.4
1107;M;Males;Iceland;2009;75.7
1108;M;Males;Iceland;2010;68.4
1109;M;Males;Iceland;2011;79.5
1110;M;Males;Iceland;2012;77.3
1111;M;Males;Iceland;2013;76.8
1113;M;Males;Iceland;2015;66.4
1114;M;Males;Iceland;2016;72.8
1115;M;Males;Iceland;2017;74.2
1116;M;Males;Iceland;2018;83.0
1117;M;Males;Iceland;2019;77.0
1123;M;Males;Italy;2006;68.7
1124;M;Males;Italy;2007;69.7
1125;M;Males;Italy;2008;70.8
1126;M;Males;Italy;2009;77.2
1127;M;Males;Italy;2010;76.4
1128;M;Males;Italy;2011;72.4
1129;M;Males;Italy;2012;75.1
1130;M;Males;Italy;2013;78.8
1132;M;Males;Italy;2015;81.1
1133;M;Males;Italy;2016;81.8
1134;M;Males;Italy;2017;78.4
1136;M;Males;Italy;2019;83.9
1137;M;Males;Italy;2020;83.3
1139;M;Males;Italy;2022;85.5
1140;M;Males;Italy;2023;88.8
1146;M;Males;Lithuania;2009;80.3
1147;M;Males;Lithuania;2010;77.3
1148;M;Males;Lithuania;2011;80.2
1150;M;Males;Lithuania;2013;82.1
1152;M;Males;Lithuania;2015;90.7
1153;M;Males;Lithuania;2016;80.8
1154;M;Males;Lithuania;2017;81.8
1155;M;Males;Lithuania;2018;85.1
1156;M;Males;Lithuania;2019;84.3
1157;M;Males;Lithuania;2020;79.3
1159;M;Males;Lithuania;2022;84.6
1160;M;Males;Lithuania;2023;82.8
1161;M;Males;Luxembourg;2004;88.1
1163;M;Males;Luxembourg;2006;88.0
1165;M;Males;Luxembourg;2008;97.0
1167;M;Males;Luxembourg;2010;90.8
1168;M;Males;Luxembourg;2011;85.2
1169;M;Males;Luxembourg;2012;90.1
1170;M;Males;Luxembourg;2013;90.7
1173;M;Males;Luxembourg;2016;83.3
1174;M;Males;Luxembourg;2017;84.5
1175;M;Males;Luxembourg;2018;86.1
1176;M;Males;Luxembourg;2019;76.4
1177;M;Males;Luxembourg;2020;86.5
1179;M;Males;Luxembourg;2022;82.2
1180;M;Males;Luxembourg;2023;83.2
1183;M;Males;Latvia;2006;82.4
1184;M;Males;Latvia;2007;76.1
1185;M;Males;Latvia;2008;70.9
1187;M;Males;Latvia;2010;73.5
1188;M;Males;Latvia;2011;73.1
1189;M;Males;Latvia;2012;66.0
1190;M;Males;Latvia;2013;63.5
1192;M;Males;Latvia;2015;85.0
1193;M;Males;Latvia;2016;80.5
1194;M;Males;Latvia;2017;81.8
1195;M;Males;Latvia;2018;90.6
1196;M;Males;Latvia;2019;75.2
1197;M;Males;Latvia;2020;93.6
1199;M;Males;Latvia;2022;91.0
1200;M;Males;Latvia;2023;77.7
1202;M;Males;Montenegro;2012;77.2
1205;M;Males;Montenegro;2015;86.4
1207;M;Males;Montenegro;2017;74.5
1208;M;Males;Montenegro;2018;66.8
1210;M;Males;Montenegro;2020;90.2
1211;M;Males;North Macedonia;2006;73.2
1212;M;Males;North Macedonia;2007;73.6
1213;M;Males;North Macedonia;2008;80.2
1214;M;Males;North Macedonia;2009;79.9
1215;M;Males;North Macedonia;2010;86.8
1216;M;Males;North Macedonia;2011;67.3
1217;M;Males;North Macedonia;2012;71.9
1218;M;Males;North Macedonia;2013;69.4
1220;M;Males;North Macedonia;2015;84.5
1221;M;Males;North Macedonia;2016;72.1
1222;M;Males;North Macedonia;2017;76.8
1223;M;Males;North Macedonia;2018;80.3
1224;M;Males;North Macedonia;2019;76.6
1225;M;Males;North Macedonia;2020;76.7
1228;M;Males;Malta;2006;82.6
1229;M;Males;Malta;2007;87.6
1230;M;Males;Malta;2008;88.4
1231;M;Males;Malta;2009;80.5
1232;M;Males;Malta;2010;77.4
1234;M;Males;Malta;2012;86.3
1235;M;Males;Malta;2013;86.3
1237;M;Males;Malta;2015;81.0
1238;M;Males;Malta;2016;83.1
1239;M;Males;Malta;2017;77.0
1240;M;Males;Malta;2018;76.6
1241;M;Males;Malta;2019;81.8
1242;M;Males;Malta;2020;85.3
1244;M;Males;Malta;2022;79.0
1245;M;Males;Malta;2023;84.0
1246;M;Males;Netherlands;2004;89.5
1249;M;Males;Netherlands;2007;85.6
1250;M;Males;Netherlands;2008;88.5
1251;M;Males;Netherlands;2009;91.0
1252;M;Males;Netherlands;2010;91.3
1253;M;Males;Netherlands;2011;91.5
1254;M;Males;Netherlands;2012;87.9
1257;M;Males;Netherlands;2015;82.9
1258;M;Males;Netherlands;2016;89.0
1259;M;Males;Netherlands;2017;87.7
1260;M;Males;Netherlands;2018;87.4
1262;M;Males;Netherlands;2020;86.1
1264;M;Males;Netherlands;2022;84.8
1265;M;Males;Netherlands;2023;87.1
1277;M;Males;Norway;2015;78.3
1278;M;Males;Norway;2016;79.3
1279;M;Males;Norway;2017;83.5
1280;M;Males;Norway;2018;88.6
1281;M;Males;Norway;2019;89.8
1282;M;Males;Norway;2020;85.2
1284;M;Males;Norway;2022;85.2
1285;M;Males;Norway;2023;82.3
1288;M;Males;Poland;2006;82.9
1289;M;Males;Poland;2007;81.7
1290;M;Males;Poland;2008;83.0
1291;M;Males;Poland;2009;79.9
1293;M;Males;Poland;2011;84.3
1294;M;Males;Poland;2012;83.7
1295;M;Males;Poland;2013;87.1
1297;M;Males;Poland;2015;89.2
1298;M;Males;Poland;2016;88.8
1299;M;Males;Poland;2017;89.6
1300;M;Males;Poland;2018;90.4
1302;M;Males;Poland;2020;88.1
1304;M;Males;Poland;2022;90.3
1305;M;Males;Poland;2023;85.4
1308;M;Males;Portugal;2006;73.9
1309;M;Males;Portugal;2007;70.8
1310;M;Males;Portugal;2008;72.8
1311;M;Males;Portugal;2009;80.3
1312;M;Males;Portugal;2010;74.4
1314;M;Males;Portugal;2012;75.7
1315;M;Males;Portugal;2013;81.0
1317;M;Males;Portugal;2015;75.7
1318;M;Males;Portugal;2016;76.3
1319;M;Males;Portugal;2017;83.5
1320;M;Males;Portugal;2018;85.5
1321;M;Males;Portugal;2019;84.4
1322;M;Males;Portugal;2020;80.3
1324;M;Males;Portugal;2022;87.0
1325;M;Males;Portugal;2023;85.8
1326;M;Males;Romania;2004;57.6
1328;M;Males;Romania;2006;62.4
1329;M;Males;Romania;2007;69.6
1330;M;Males;Romania;2008;66.3
1331;M;Males;Romania;2009;60.7
1333;M;Males;Romania;2011;72.7
1334;M;Males;Romania;2012;69.2
1335;M;Males;Romania;2013;69.1
1337;M;Males;Romania;2015;73.0
1338;M;Males;Romania;2016;72.3
1339;M;Males;Romania;2017;75.0
1340;M;Males;Romania;2018;73.4
1341;M;Males;Romania;2019;73.9
1342;M;Males;Romania;2020;73.0
1344;M;Males;Romania;2022;70.1
1345;M;Males;Romania;2023;70.1
1348;M;Males;Serbia;2012;76.5
1349;M;Males;Serbia;2013;78.3
1351;M;Males;Serbia;2015;80.8
1352;M;Males;Serbia;2016;81.1
1353;M;Males;Serbia;2017;75.8
1354;M;Males;Serbia;2018;72.2
1355;M;Males;Serbia;2019;72.1
1356;M;Males;Serbia;2020;66.8
1358;M;Males;Serbia;2022;75.1
1359;M;Males;Serbia;2023;76.7
1360;M;Males;Sweden;2004;61.3
1363;M;Males;Sweden;2007;68.9
1364;M;Males;Sweden;2008;70.8
1365;M;Males;Sweden;2009;73.3
1366;M;Males;Sweden;2010;75.3
1367;M;Males;Sweden;2011;74.1
1368;M;Males;Sweden;2012;73.3
1369;M;Males;Sweden;2013;74.6
1371;M;Males;Sweden;2015;73.7
1372;M;Males;Sweden;2016;75.0
1373;M;Males;Sweden;2017;78.0
1375;M;Males;Sweden;2019;74.7
1376;M;Males;Sweden;2020;75.5
1378;M;Males;Sweden;2022;76.0
1379;M;Males;Sweden;2023;71.3
1388;M;Males;Slovenia;2012;97.6
1391;M;Males;Slovenia;2015;85.0
1392;M;Males;Slovenia;2016;86.8
1393;M;Males;Slovenia;2017;88.8
1394;M;Males;Slovenia;2018;83.4
1395;M;Males;Slovenia;2019;80.0
1396;M;Males;Slovenia;2020;90.3
1398;M;Males;Slovenia;2022;93.0
1402;M;Males;Slovakia;2006;66.6
1403;M;Males;Slovakia;2007;79.6
1404;M;Males;Slovakia;2008;84.0
1405;M;Males;Slovakia;2009;86.5
1406;M;Males;Slovakia;2010;88.1
1408;M;Males;Slovakia;2012;76.7
1409;M;Males;Slovakia;2013;85.7
1411;M;Males;Slovakia;2015;91.2
1412;M;Males;Slovakia;2016;88.4
1413;M;Males;Slovakia;2017;84.4
1414;M;Males;Slovakia;2018;83.8
1415;M;Males;Slovakia;2019;86.6
1416;M;Males;Slovakia;2020;86.8
1418;M;Males;Slovakia;2022;88.5
1419;M;Males;Slovakia;2023;88.8
1423;M;Males;Türkiye;2009;73.7
1424;M;Males;Türkiye;2010;72.9
1425;M;Males;Türkiye;2011;72.5
1426;M;Males;Türkiye;2012;74.3
1427;M;Males;Türkiye;2013;73.7
1429;M;Males;Türkiye;2015;73.6
1430;M;Males;Türkiye;2016;76.1
1431;M;Males;Türkiye;2017;71.4
1432;M;Males;Türkiye;2018;73.3
1433;M;Males;Türkiye;2019;74.7
1434;M;Males;Türkiye;2020;77.9
1436;M;Males;Türkiye;2022;79.0
1437;M;Males;Türkiye;2023;76.9
1440;M;Males;United Kingdom;2006;72.0
1443;M;Males;United Kingdom;2009;75.1
1446;M;Males;United Kingdom;2012;77.7
1447;M;Males;United Kingdom;2013;78.6
1449;M;Males;United Kingdom;2015;76.3
1450;M;Males;United Kingdom;2016;83.1
1451;M;Males;United Kingdom;2017;78.1
1452;M;Males;United Kingdom;2018;84.6
1453;M;Males;United Kingdom;2019;80.4
1458;T;Total;Austria;2008;100.0
1459;T;Total;Austria;2009;100.0
1460;T;Total;Austria;2010;100.0
1461;T;Total;Austria;2011;100.0
1462;T;Total;Austria;2012;100.0
1463;T;Total;Austria;2013;100.0
1465;T;Total;Austria;2015;100.0
1466;T;Total;Austria;2016;100.0
1467;T;Total;Austria;2017;100.0
1468;T;Total;Austria;2018;100.0
1469;T;Total;Austria;2019;100.0
1470;T;Total;Austria;2020;100.0
1472;T;Total;Austria;2022;100.0
1473;T;Total;Austria;2023;100.0
1475;T;Total;Bosnia and Herzegovina;2022;100.0
1476;T;Total;Bosnia and Herzegovina;2023;100.0
1477;T;Total;Belgium;2004;100.0
1479;T;Total;Belgium;2006;100.0
1480;T;Total;Belgium;2007;100.0
1482;T;Total;Belgium;2009;100.0
1483;T;Total;Belgium;2010;100.0
1485;T;Total;Belgium;2012;100.0
1486;T;Total;Belgium;2013;100.0
1488;T;Total;Belgium;2015;100.0
1489;T;Total;Belgium;2016;100.0
1491;T;Total;Belgium;2018;100.0
1492;T;Total;Belgium;2019;100.0
1493;T;Total;Belgium;2020;100.0
1495;T;Total;Belgium;2022;100.0
1496;T;Total;Belgium;2023;100.0
1506;T;Total;Bulgaria;2013;100.0
1508;T;Total;Bulgaria;2015;100.0
1509;T;Total;Bulgaria;2016;100.0
1510;T;Total;Bulgaria;2017;100.0
1511;T;Total;Bulgaria;2018;100.0
1513;T;Total;Bulgaria;2020;100.0
1515;T;Total;Bulgaria;2022;100.0
1516;T;Total;Bulgaria;2023;100.0
1517;T;Total;Switzerland;2004;100.0
1519;T;Total;Switzerland;2006;100.0
1520;T;Total;Switzerland;2007;100.0
1521;T;Total;Switzerland;2008;100.0
1522;T;Total;Switzerland;2009;100.0
1524;T;Total;Switzerland;2011;100.0
1525;T;Total;Switzerland;2012;100.0
1526;T;Total;Switzerland;2013;100.0
1528;T;Total;Switzerland;2015;100.0
1529;T;Total;Switzerland;2016;100.0
1530;T;Total;Switzerland;2017;100.0
1531;T;Total;Switzerland;2018;100.0
1532;T;Total;Switzerland;2019;100.0
1533;T;Total;Switzerland;2020;100.0
1535;T;Total;Switzerland;2022;100.0
1536;T;Total;Switzerland;2023;100.0
1537;T;Total;Cyprus;2004;100.0
1539;T;Total;Cyprus;2006;100.0
1540;T;Total;Cyprus;2007;100.0
1541;T;Total;Cyprus;2008;100.0
1543;T;Total;Cyprus;2010;100.0
1544;T;Total;Cyprus;2011;100.0
1545;T;Total;Cyprus;2012;100.0
1546;T;Total;Cyprus;2013;100.0
1548;T;Total;Cyprus;2015;100.0
1549;T;Total;Cyprus;2016;100.0
1550;T;Total;Cyprus;2017;100.0
1551;T;Total;Cyprus;2018;100.0
1552;T;Total;Cyprus;2019;100.0
1553;T;Total;Cyprus;2020;100.0
1555;T;Total;Cyprus;2022;100.0
1559;T;Total;Czechia;2006;100.0
1560;T;Total;Czechia;2007;100.0
1561;T;Total;Czechia;2008;100.0
1562;T;Total;Czechia;2009;100.0
1563;T;Total;Czechia;2010;100.0
1565;T;Total;Czechia;2012;100.0
1566;T;Total;Czechia;2013;100.0
1568;T;Total;Czechia;2015;100.0
1569;T;Total;Czechia;2016;100.0
1570;T;Total;Czechia;2017;100.0
1571;T;Total;Czechia;2018;100.0
1572;T;Total;Czechia;2019;100.0
1573;T;Total;Czechia;2020;100.0
1575;T;Total;Czechia;2022;100.0
1576;T;Total;Czechia;2023;100.0
1577;T;Total;Germany;2004;100.0
1580;T;Total;Germany;2007;100.0
1581;T;Total;Germany;2008;100.0
1582;T;Total;Germany;2009;100.0
1586;T;Total;Germany;2013;100.0
1588;T;Total;Germany;2015;100.0
1589;T;Total;Germany;2016;100.0
1590;T;Total;Germany;2017;100.0
1591;T;Total;Germany;2018;100.0
1592;T;Total;Germany;2019;100.0
1595;T;Total;Germany;2022;100.0
1596;T;Total;Germany;2023;100.0
1597;T;Total;Denmark;2004;100.0
1599;T;Total;Denmark;2006;100.0
1602;T;Total;Denmark;2009;100.0
1603;T;Total;Denmark;2010;100.0
1604;T;Total;Denmark;2011;100.0
1605;T;Total;Denmark;2012;100.0
1606;T;Total;Denmark;2013;100.0
1608;T;Total;Denmark;2015;100.0
1611;T;Total;Denmark;2018;100.0
1612;T;Total;Denmark;2019;100.0
1613;T;Total;Denmark;2020;100.0
1615;T;Total;Denmark;2022;100.0
1619;T;Total;Estonia;2006;100.0
1620;T;Total;Estonia;2007;100.0
1621;T;Total;Estonia;2008;100.0
1622;T;Total;Estonia;2009;100.0
1623;T;Total;Estonia;2010;100.0
1624;T;Total;Estonia;2011;100.0
1625;T;Total;Estonia;2012;100.0
1626;T;Total;Estonia;2013;100.0
1628;T;Total;Estonia;2015;100.0
1629;T;Total;Estonia;2016;100.0
1630;T;Total;Estonia;2017;100.0
1631;T;Total;Estonia;2018;100.0
1632;T;Total;Estonia;2019;100.0
1633;T;Total;Estonia;2020;100.0
1635;T;Total;Estonia;2022;100.0
1636;T;Total;Estonia;2023;100.0
1639;T;Total;Greece;2006;100.0
1640;T;Total;Greece;2007;100.0
1641;T;Total;Greece;2008;100.0
1643;T;Total;Greece;2010;100.0
1644;T;Total;Greece;2011;100.0
1645;T;Total;Greece;2012;100.0
1646;T;Total;Greece;2013;100.0
1648;T;Total;Greece;2015;100.0
1649;T;Total;Greece;2016;100.0
1650;T;Total;Greece;2017;100.0
1651;T;Total;Greece;2018;100.0
1652;T;Total;Greece;2019;100.0
1653;T;Total;Greece;2020;100.0
1655;T;Total;Greece;2022;100.0
1656;T;Total;Greece;2023;100.0
1660;T;Total;Spain;2007;100.0
1661;T;Total;Spain;2008;100.0
1662;T;Total;Spain;2009;100.0
1663;T;Total;Spain;2010;100.0
1664;T;Total;Spain;2011;100.0
1665;T;Total;Spain;2012;100.0
1666;T;Total;Spain;2013;100.0
1668;T;Total;Spain;2015;100.0
1669;T;Total;Spain;2016;100.0
1670;T;Total;Spain;2017;100.0
1671;T;Total;Spain;2018;100.0
1672;T;Total;Spain;2019;100.0
1673;T;Total;Spain;2020;100.0
1677;T;Total;European Union - 15 countries (1995-2004);2004;100.0
1679;T;Total;European Union - 15 countries (1995-2004);2006;100.0
1680;T;Total;European Union - 15 countries (1995-2004);2007;100.0
1681;T;Total;European Union - 15 countries (1995-2004);2008;100.0
1682;T;Total;European Union - 15 countries (1995-2004);2009;100.0
1683;T;Total;European Union - 15 countries (1995-2004);2010;100.0
1684;T;Total;European Union - 15 countries (1995-2004);2011;100.0
1685;T;Total;European Union - 15 countries (1995-2004);2012;100.0
1686;T;Total;European Union - 15 countries (1995-2004);2013;100.0
1688;T;Total;European Union - 15 countries (1995-2004);2015;100.0
1689;T;Total;European Union - 15 countries (1995-2004);2016;100.0
1690;T;Total;European Union - 15 countries (1995-2004);2017;100.0
1691;T;Total;European Union - 15 countries (1995-2004);2018;100.0
1692;T;Total;European Union - 15 countries (1995-2004);2019;100.0
1693;T;Total;European Union - 27 countries (from 2020);2004;100.0
1695;T;Total;European Union - 27 countries (from 2020);2006;100.0
1696;T;Total;European Union - 27 countries (from 2020);2007;100.0
1697;T;Total;European Union - 27 countries (from 2020);2008;100.0
1698;T;Total;European Union - 27 countries (from 2020);2009;100.0
1699;T;Total;European Union - 27 countries (from 2020);2010;100.0
1700;T;Total;European Union - 27 countries (from 2020);2011;100.0
1701;T;Total;European Union - 27 countries (from 2020);2012;100.0
1702;T;Total;European Union - 27 countries (from 2020);2013;100.0
1704;T;Total;European Union - 27 countries (from 2020);2015;100.0
1705;T;Total;European Union - 27 countries (from 2020);2016;100.0
1706;T;Total;European Union - 27 countries (from 2020);2017;100.0
1707;T;Total;European Union - 27 countries (from 2020);2018;100.0
1708;T;Total;European Union - 27 countries (from 2020);2019;100.0
1709;T;Total;European Union - 27 countries (from 2020);2020;100.0
1711;T;Total;European Union - 27 countries (from 2020);2022;100.0
1712;T;Total;European Union - 27 countries (from 2020);2023;100.0
1713;T;Total;European Union - 28 countries (2013-2020);2004;100.0
1715;T;Total;European Union - 28 countries (2013-2020);2006;100.0
1716;T;Total;European Union - 28 countries (2013-2020);2007;100.0
1717;T;Total;European Union - 28 countries (2013-2020);2008;100.0
1718;T;Total;European Union - 28 countries (2013-2020);2009;100.0
1719;T;Total;European Union - 28 countries (2013-2020);2010;100.0
1720;T;Total;European Union - 28 countries (2013-2020);2011;100.0
1721;T;Total;European Union - 28 countries (2013-2020);2012;100.0
1722;T;Total;European Union - 28 countries (2013-2020);2013;100.0
1724;T;Total;European Union - 28 countries (2013-2020);2015;100.0
1725;T;Total;European Union - 28 countries (2013-2020);2016;100.0
1726;T;Total;European Union - 28 countries (2013-2020);2017;100.0
1727;T;Total;European Union - 28 countries (2013-2020);2018;100.0
1728;T;Total;European Union - 28 countries (2013-2020);2019;100.0
1729;T;Total;Finland;2004;100.0
1731;T;Total;Finland;2006;100.0
1734;T;Total;Finland;2009;100.0
1735;T;Total;Finland;2010;100.0
1736;T;Total;Finland;2011;100.0
1737;T;Total;Finland;2012;100.0
1738;T;Total;Finland;2013;100.0
1740;T;Total;Finland;2015;100.0
1741;T;Total;Finland;2016;100.0
1742;T;Total;Finland;2017;100.0
1743;T;Total;Finland;2018;100.0
1744;T;Total;Finland;2019;100.0
1745;T;Total;Finland;2020;100.0
1747;T;Total;Finland;2022;100.0
1748;T;Total;Finland;2023;100.0
1749;T;Total;France;2004;100.0
1752;T;Total;France;2007;100.0
1753;T;Total;France;2008;100.0
1754;T;Total;France;2009;100.0
1755;T;Total;France;2010;100.0
1756;T;Total;France;2011;100.0
1757;T;Total;France;2012;100.0
1760;T;Total;France;2015;100.0
1761;T;Total;France;2016;100.0
1762;T;Total;France;2017;100.0
1763;T;Total;France;2018;100.0
1764;T;Total;France;2019;100.0
1765;T;Total;France;2020;100.0
1776;T;Total;Croatia;2011;100.0
1777;T;Total;Croatia;2012;100.0
1778;T;Total;Croatia;2013;100.0
1780;T;Total;Croatia;2015;100.0
1781;T;Total;Croatia;2016;100.0
1782;T;Total;Croatia;2017;100.0
1783;T;Total;Croatia;2018;100.0
1785;T;Total;Croatia;2020;100.0
1787;T;Total;Croatia;2022;100.0
1788;T;Total;Croatia;2023;100.0
1789;T;Total;Hungary;2004;100.0
1791;T;Total;Hungary;2006;100.0
1792;T;Total;Hungary;2007;100.0
1793;T;Total;Hungary;2008;100.0
1794;T;Total;Hungary;2009;100.0
1795;T;Total;Hungary;2010;100.0
1796;T;Total;Hungary;2011;100.0
1797;T;Total;Hungary;2012;100.0
1798;T;Total;Hungary;2013;100.0
1800;T;Total;Hungary;2015;100.0
1801;T;Total;Hungary;2016;100.0
1802;T;Total;Hungary;2017;100.0
1803;T;Total;Hungary;2018;100.0
1804;T;Total;Hungary;2019;100.0
1805;T;Total;Hungary;2020;100.0
1807;T;Total;Hungary;2022;100.0
1808;T;Total;Hungary;2023;100.0
1809;T;Total;Ireland;2004;100.0
1811;T;Total;Ireland;2006;100.0
1813;T;Total;Ireland;2008;100.0
1814;T;Total;Ireland;2009;100.0
1815;T;Total;Ireland;2010;100.0
1816;T;Total;Ireland;2011;100.0
1817;T;Total;Ireland;2012;100.0
1818;T;Total;Ireland;2013;100.0
1820;T;Total;Ireland;2015;100.0
1821;T;Total;Ireland;2016;100.0
1823;T;Total;Ireland;2018;100.0
1824;T;Total;Ireland;2019;100.0
1825;T;Total;Ireland;2020;100.0
1827;T;Total;Ireland;2022;100.0
1828;T;Total;Ireland;2023;100.0
1833;T;Total;Iceland;2008;100.0
1834;T;Total;Iceland;2009;100.0
1835;T;Total;Iceland;2010;100.0
1836;T;Total;Iceland;2011;100.0
1837;T;Total;Iceland;2012;100.0
1838;T;Total;Iceland;2013;100.0
1840;T;Total;Iceland;2015;100.0
1841;T;Total;Iceland;2016;100.0
1842;T;Total;Iceland;2017;100.0
1843;T;Total;Iceland;2018;100.0
1844;T;Total;Iceland;2019;100.0
1850;T;Total;Italy;2006;100.0
1851;T;Total;Italy;2007;100.0
1852;T;Total;Italy;2008;100.0
1853;T;Total;Italy;2009;100.0
1854;T;Total;Italy;2010;100.0
1855;T;Total;Italy;2011;100.0
1856;T;Total;Italy;2012;100.0
1857;T;Total;Italy;2013;100.0
1859;T;Total;Italy;2015;100.0
1860;T;Total;Italy;2016;100.0
1861;T;Total;Italy;2017;100.0
1863;T;Total;Italy;2019;100.0
1864;T;Total;Italy;2020;100.0
1866;T;Total;Italy;2022;100.0
1867;T;Total;Italy;2023;100.0
1873;T;Total;Lithuania;2009;100.0
1874;T;Total;Lithuania;2010;100.0
1875;T;Total;Lithuania;2011;100.0
1876;T;Total;Lithuania;2012;100.0
1877;T;Total;Lithuania;2013;100.0
1879;T;Total;Lithuania;2015;100.0
1880;T;Total;Lithuania;2016;100.0
1881;T;Total;Lithuania;2017;100.0
1882;T;Total;Lithuania;2018;100.0
1883;T;Total;Lithuania;2019;100.0
1884;T;Total;Lithuania;2020;100.0
1886;T;Total;Lithuania;2022;100.0
1887;T;Total;Lithuania;2023;100.0
1888;T;Total;Luxembourg;2004;100.0
1890;T;Total;Luxembourg;2006;100.0
1892;T;Total;Luxembourg;2008;100.0
1894;T;Total;Luxembourg;2010;100.0
1895;T;Total;Luxembourg;2011;100.0
1896;T;Total;Luxembourg;2012;100.0
1897;T;Total;Luxembourg;2013;100.0
1900;T;Total;Luxembourg;2016;100.0
1901;T;Total;Luxembourg;2017;100.0
1902;T;Total;Luxembourg;2018;100.0
1903;T;Total;Luxembourg;2019;100.0
1904;T;Total;Luxembourg;2020;100.0
1906;T;Total;Luxembourg;2022;100.0
1907;T;Total;Luxembourg;2023;100.0
1910;T;Total;Latvia;2006;100.0
1911;T;Total;Latvia;2007;100.0
1912;T;Total;Latvia;2008;100.0
1913;T;Total;Latvia;2009;100.0
1914;T;Total;Latvia;2010;100.0
1915;T;Total;Latvia;2011;100.0
1916;T;Total;Latvia;2012;100.0
1917;T;Total;Latvia;2013;100.0
1919;T;Total;Latvia;2015;100.0
1920;T;Total;Latvia;2016;100.0
1921;T;Total;Latvia;2017;100.0
1922;T;Total;Latvia;2018;100.0
1923;T;Total;Latvia;2019;100.0
1924;T;Total;Latvia;2020;100.0
1926;T;Total;Latvia;2022;100.0
1927;T;Total;Latvia;2023;100.0
1928;T;Total;Montenegro;2011;100.0
1929;T;Total;Montenegro;2012;100.0
1930;T;Total;Montenegro;2013;100.0
1932;T;Total;Montenegro;2015;100.0
1933;T;Total;Montenegro;2016;100.0
1934;T;Total;Montenegro;2017;100.0
1935;T;Total;Montenegro;2018;100.0
1936;T;Total;Montenegro;2019;100.0
1937;T;Total;Montenegro;2020;100.0
1938;T;Total;North Macedonia;2006;100.0
1939;T;Total;North Macedonia;2007;100.0
1940;T;Total;North Macedonia;2008;100.0
1941;T;Total;North Macedonia;2009;100.0
1942;T;Total;North Macedonia;2010;100.0
1943;T;Total;North Macedonia;2011;100.0
1944;T;Total;North Macedonia;2012;100.0
1945;T;Total;North Macedonia;2013;100.0
1947;T;Total;North Macedonia;2015;100.0
1948;T;Total;North Macedonia;2016;100.0
1949;T;Total;North Macedonia;2017;100.0
1950;T;Total;North Macedonia;2018;100.0
1951;T;Total;North Macedonia;2019;100.0
1952;T;Total;North Macedonia;2020;100.0
1955;T;Total;Malta;2006;100.0
1956;T;Total;Malta;2007;100.0
1957;T;Total;Malta;2008;100.0
1958;T;Total;Malta;2009;100.0
1959;T;Total;Malta;2010;100.0
1961;T;Total;Malta;2012;100.0
1962;T;Total;Malta;2013;100.0
1964;T;Total;Malta;2015;100.0
1965;T;Total;Malta;2016;100.0
1966;T;Total;Malta;2017;100.0
1967;T;Total;Malta;2018;100.0
1968;T;Total;Malta;2019;100.0
1969;T;Total;Malta;2020;100.0
1971;T;Total;Malta;2022;100.0
1972;T;Total;Malta;2023;100.0
1973;T;Total;Netherlands;2004;100.0
1976;T;Total;Netherlands;2007;100.0
1977;T;Total;Netherlands;2008;100.0
1978;T;Total;Netherlands;2009;100.0
1979;T;Total;Netherlands;2010;100.0
1980;T;Total;Netherlands;2011;100.0
1981;T;Total;Netherlands;2012;100.0
1984;T;Total;Netherlands;2015;100.0
1985;T;Total;Netherlands;2016;100.0
1986;T;Total;Netherlands;2017;100.0
1987;T;Total;Netherlands;2018;100.0
1989;T;Total;Netherlands;2020;100.0
1991;T;Total;Netherlands;2022;100.0
1992;T;Total;Netherlands;2023;100.0
2004;T;Total;Norway;2015;100.0
2005;T;Total;Norway;2016;100.0
2006;T;Total;Norway;2017;100.0
2007;T;Total;Norway;2018;100.0
2008;T;Total;Norway;2019;100.0
2009;T;Total;Norway;2020;100.0
2011;T;Total;Norway;2022;100.0
2012;T;Total;Norway;2023;100.0
2015;T;Total;Poland;2006;100.0
2016;T;Total;Poland;2007;100.0
2017;T;Total;Poland;2008;100.0
2018;T;Total;Poland;2009;100.0
2020;T;Total;Poland;2011;100.0
2021;T;Total;Poland;2012;100.0
2022;T;Total;Poland;2013;100.0
2024;T;Total;Poland;2015;100.0
2025;T;Total;Poland;2016;100.0
2026;T;Total;Poland;2017;100.0
2027;T;Total;Poland;2018;100.0
2029;T;Total;Poland;2020;100.0
2031;T;Total;Poland;2022;100.0
2032;T;Total;Poland;2023;100.0
2035;T;Total;Portugal;2006;100.0
2036;T;Total;Portugal;2007;100.0
2037;T;Total;Portugal;2008;100.0
2038;T;Total;Portugal;2009;100.0
2039;T;Total;Portugal;2010;100.0
2041;T;Total;Portugal;2012;100.0
2042;T;Total;Portugal;2013;100.0
2044;T;Total;Portugal;2015;100.0
2045;T;Total;Portugal;2016;100.0
2046;T;Total;Portugal;2017;100.0
2047;T;Total;Portugal;2018;100.0
2048;T;Total;Portugal;2019;100.0
2049;T;Total;Portugal;2020;100.0
2051;T;Total;Portugal;2022;100.0
2052;T;Total;Portugal;2023;100.0
2053;T;Total;Romania;2004;100.0
2055;T;Total;Romania;2006;100.0
2056;T;Total;Romania;2007;100.0
2057;T;Total;Romania;2008;100.0
2058;T;Total;Romania;2009;100.0
2060;T;Total;Romania;2011;100.0
2061;T;Total;Romania;2012;100.0
2062;T;Total;Romania;2013;100.0
2064;T;Total;Romania;2015;100.0
2065;T;Total;Romania;2016;100.0
2066;T;Total;Romania;2017;100.0
2067;T;Total;Romania;2018;100.0
2068;T;Total;Romania;2019;100.0
2069;T;Total;Romania;2020;100.0
2071;T;Total;Romania;2022;100.0
2072;T;Total;Romania;2023;100.0
2074;T;Total;Serbia;2011;100.0
2075;T;Total;Serbia;2012;100.0
2076;T;Total;Serbia;2013;100.0
2078;T;Total;Serbia;2015;100.0
2079;T;Total;Serbia;2016;100.0
2080;T;Total;Serbia;2017;100.0
2081;T;Total;Serbia;2018;100.0
2082;T;Total;Serbia;2019;100.0
2083;T;Total;Serbia;2020;100.0
2085;T;Total;Serbia;2022;100.0
2086;T;Total;Serbia;2023;100.0
2087;T;Total;Sweden;2004;100.0
2090;T;Total;Sweden;2007;100.0
2091;T;Total;Sweden;2008;100.0
2092;T;Total;Sweden;2009;100.0
2093;T;Total;Sweden;2010;100.0
2094;T;Total;Sweden;2011;100.0
2095;T;Total;Sweden;2012;100.0
2096;T;Total;Sweden;2013;100.0
2098;T;Total;Sweden;2015;100.0
2099;T;Total;Sweden;2016;100.0
2100;T;Total;Sweden;2017;100.0
2102;T;Total;Sweden;2019;100.0
2103;T;Total;Sweden;2020;100.0
2105;T;Total;Sweden;2022;100.0
2106;T;Total;Sweden;2023;100.0
2115;T;Total;Slovenia;2012;100.0
2116;T;Total;Slovenia;2013;100.0
2118;T;Total;Slovenia;2015;100.0
2119;T;Total;Slovenia;2016;100.0
2120;T;Total;Slovenia;2017;100.0
2121;T;Total;Slovenia;2018;100.0
2122;T;Total;Slovenia;2019;100.0
2123;T;Total;Slovenia;2020;100.0
2125;T;Total;Slovenia;2022;100.0
2127;T;Total;Slovakia;2004;100.0
2129;T;Total;Slovakia;2006;100.0
2130;T;Total;Slovakia;2007;100.0
2131;T;Total;Slovakia;2008;100.0
2132;T;Total;Slovakia;2009;100.0
2133;T;Total;Slovakia;2010;100.0
2135;T;Total;Slovakia;2012;100.0
2136;T;Total;Slovakia;2013;100.0
2138;T;Total;Slovakia;2015;100.0
2139;T;Total;Slovakia;2016;100.0
2140;T;Total;Slovakia;2017;100.0
2141;T;Total;Slovakia;2018;100.0
2142;T;Total;Slovakia;2019;100.0
2143;T;Total;Slovakia;2020;100.0
2145;T;Total;Slovakia;2022;100.0
2146;T;Total;Slovakia;2023;100.0
2150;T;Total;Türkiye;2009;100.0
2151;T;Total;Türkiye;2010;100.0
2152;T;Total;Türkiye;2011;100.0
2153;T;Total;Türkiye;2012;100.0
2154;T;Total;Türkiye;2013;100.0
2156;T;Total;Türkiye;2015;100.0
2157;T;Total;Türkiye;2016;100.0
2158;T;Total;Türkiye;2017;100.0
2159;T;Total;Türkiye;2018;100.0
2160;T;Total;Türkiye;2019;100.0
2161;T;Total;Türkiye;2020;100.0
2163;T;Total;Türkiye;2022;100.0
2164;T;Total;Türkiye;2023;100.0
2167;T;Total;United Kingdom;2006;100.0
2170;T;Total;United Kingdom;2009;100.0
2173;T;Total;United Kingdom;2012;100.0
2174;T;Total;United Kingdom;2013;100.0
2176;T;Total;United Kingdom;2015;100.0
2177;T;Total;United Kingdom;2016;100.0
2178;T;Total;United Kingdom;2017;100.0
2179;T;Total;United Kingdom;2018;100.0
2180;T;Total;United Kingdom;2019;100.0
2195;F;Females;Austria;2018;7.4
2196;F;Females;Austria;2019;9.9
2206;F;Females;Belgium;2006;6.4
2207;F;Females;Belgium;2007;6.7
2209;F;Females;Belgium;2009;6.0
2210;F;Females;Belgium;2010;7.2
2212;F;Females;Belgium;2012;5.6
2213;F;Females;Belgium;2013;5.0
2216;F;Females;Belgium;2016;7.1
2223;F;Females;Belgium;2023;8.9
2242;F;Females;Bulgaria;2022;12.7
2243;F;Females;Bulgaria;2023;15.4
2251;F;Females;Switzerland;2011;7.6
2252;F;Females;Switzerland;2012;8.3
2253;F;Females;Switzerland;2013;10.4
2255;F;Females;Switzerland;2015;12.2
2256;F;Females;Switzerland;2016;10.4
2257;F;Females;Switzerland;2017;10.4
2258;F;Females;Switzerland;2018;11.1
2259;F;Females;Switzerland;2019;12.0
2260;F;Females;Switzerland;2020;10.8
2262;F;Females;Switzerland;2022;6.6
2263;F;Females;Switzerland;2023;6.3
2266;F;Females;Cyprus;2006;1.5
2268;F;Females;Cyprus;2008;1.7
2270;F;Females;Cyprus;2010;2.0
2271;F;Females;Cyprus;2011;2.2
2272;F;Females;Cyprus;2012;2.5
2273;F;Females;Cyprus;2013;2.1
2275;F;Females;Cyprus;2015;2.0
2276;F;Females;Cyprus;2016;1.7
2278;F;Females;Cyprus;2018;1.5
2279;F;Females;Cyprus;2019;1.6
2280;F;Females;Cyprus;2020;1.6
2282;F;Females;Cyprus;2022;2.4
2295;F;Females;Czechia;2015;6.1
2296;F;Females;Czechia;2016;7.7
2298;F;Females;Czechia;2018;6.8
2300;F;Females;Czechia;2020;7.9
2302;F;Females;Czechia;2022;6.4
2303;F;Females;Czechia;2023;9.1
2304;F;Females;Germany;2004;28.8
2307;F;Females;Germany;2007;65.2
2313;F;Females;Germany;2013;55.2
2315;F;Females;Germany;2015;60.2
2316;F;Females;Germany;2016;64.6
2317;F;Females;Germany;2017;69.7
2318;F;Females;Germany;2018;66.8
2319;F;Females;Germany;2019;71.8
2322;F;Females;Germany;2022;86.9
2323;F;Females;Germany;2023;91.9
2326;F;Females;Denmark;2006;4.5
2339;F;Females;Denmark;2019;4.3
2340;F;Females;Denmark;2020;18.6
2342;F;Females;Denmark;2022;10.6
2352;F;Females;Estonia;2012;2.7
2359;F;Females;Estonia;2019;2.7
2360;F;Females;Estonia;2020;2.8
2362;F;Females;Estonia;2022;2.5
2363;F;Females;Estonia;2023;4.2
2366;F;Females;Greece;2006;21.2
2367;F;Females;Greece;2007;24.5
2368;F;Females;Greece;2008;25.2
2370;F;Females;Greece;2010;23.4
2371;F;Females;Greece;2011;18.9
2372;F;Females;Greece;2012;16.7
2373;F;Females;Greece;2013;14.9
2375;F;Females;Greece;2015;17.2
2376;F;Females;Greece;2016;14.1
2377;F;Females;Greece;2017;12.2
2378;F;Females;Greece;2018;12.8
2379;F;Females;Greece;2019;17.9
2380;F;Females;Greece;2020;18.1
2382;F;Females;Greece;2022;12.9
2383;F;Females;Greece;2023;24.2
2387;F;Females;Spain;2007;69.6
2388;F;Females;Spain;2008;72.7
2389;F;Females;Spain;2009;72.5
2390;F;Females;Spain;2010;64.1
2391;F;Females;Spain;2011;70.7
2392;F;Females;Spain;2012;42.6
2393;F;Females;Spain;2013;43.9
2395;F;Females;Spain;2015;54.3
2396;F;Females;Spain;2016;68.7
2397;F;Females;Spain;2017;62.2
2398;F;Females;Spain;2018;75.6
2399;F;Females;Spain;2019;84.0
2400;F;Females;Spain;2020;69.8
2404;F;Females;European Union - 15 countries (1995-2004);2004;325.0
2406;F;Females;European Union - 15 countries (1995-2004);2006;376.8
2407;F;Females;European Union - 15 countries (1995-2004);2007;433.8
2408;F;Females;European Union - 15 countries (1995-2004);2008;380.3
2409;F;Females;European Union - 15 countries (1995-2004);2009;364.4
2410;F;Females;European Union - 15 countries (1995-2004);2010;340.7
2411;F;Females;European Union - 15 countries (1995-2004);2011;368.1
2412;F;Females;European Union - 15 countries (1995-2004);2012;312.9
2413;F;Females;European Union - 15 countries (1995-2004);2013;309.8
2415;F;Females;European Union - 15 countries (1995-2004);2015;348.7
2416;F;Females;European Union - 15 countries (1995-2004);2016;338.4
2417;F;Females;European Union - 15 countries (1995-2004);2017;344.5
2418;F;Females;European Union - 15 countries (1995-2004);2018;343.3
2419;F;Females;European Union - 15 countries (1995-2004);2019;413.9
2420;F;Females;European Union - 27 countries (from 2020);2004;268.4
2422;F;Females;European Union - 27 countries (from 2020);2006;345.2
2423;F;Females;European Union - 27 countries (from 2020);2007;402.9
2424;F;Females;European Union - 27 countries (from 2020);2008;386.6
2425;F;Females;European Union - 27 countries (from 2020);2009;372.5
2426;F;Females;European Union - 27 countries (from 2020);2010;355.7
2427;F;Females;European Union - 27 countries (from 2020);2011;368.0
2428;F;Females;European Union - 27 countries (from 2020);2012;341.9
2429;F;Females;European Union - 27 countries (from 2020);2013;339.5
2431;F;Females;European Union - 27 countries (from 2020);2015;358.2
2432;F;Females;European Union - 27 countries (from 2020);2016;374.4
2433;F;Females;European Union - 27 countries (from 2020);2017;364.9
2434;F;Females;European Union - 27 countries (from 2020);2018;388.5
2435;F;Females;European Union - 27 countries (from 2020);2019;452.9
2436;F;Females;European Union - 27 countries (from 2020);2020;464.3
2438;F;Females;European Union - 27 countries (from 2020);2022;463.2
2439;F;Females;European Union - 27 countries (from 2020);2023;539.2
2440;F;Females;European Union - 28 countries (2013-2020);2004;375.8
2442;F;Females;European Union - 28 countries (2013-2020);2006;458.3
2443;F;Females;European Union - 28 countries (2013-2020);2007;517.8
2444;F;Females;European Union - 28 countries (2013-2020);2008;475.8
2445;F;Females;European Union - 28 countries (2013-2020);2009;469.6
2446;F;Females;European Union - 28 countries (2013-2020);2010;427.7
2447;F;Females;European Union - 28 countries (2013-2020);2011;455.0
2448;F;Females;European Union - 28 countries (2013-2020);2012;407.3
2449;F;Females;European Union - 28 countries (2013-2020);2013;401.6
2451;F;Females;European Union - 28 countries (2013-2020);2015;433.8
2452;F;Females;European Union - 28 countries (2013-2020);2016;434.4
2453;F;Females;European Union - 28 countries (2013-2020);2017;434.2
2454;F;Females;European Union - 28 countries (2013-2020);2018;437.7
2455;F;Females;European Union - 28 countries (2013-2020);2019;516.7
2456;F;Females;Finland;2004;8.3
2458;F;Females;Finland;2006;8.7
2461;F;Females;Finland;2009;10.9
2462;F;Females;Finland;2010;9.3
2463;F;Females;Finland;2011;8.9
2464;F;Females;Finland;2012;6.2
2465;F;Females;Finland;2013;8.8
2467;F;Females;Finland;2015;9.2
2468;F;Females;Finland;2016;11.5
2469;F;Females;Finland;2017;10.9
2470;F;Females;Finland;2018;9.7
2471;F;Females;Finland;2019;7.9
2472;F;Females;Finland;2020;8.7
2474;F;Females;Finland;2022;11.0
2475;F;Females;Finland;2023;10.0
2482;F;Females;France;2010;40.1
2491;F;Females;France;2019;70.7
2492;F;Females;France;2020;60.1
2516;F;Females;Hungary;2004;8.5
2518;F;Females;Hungary;2006;8.7
2519;F;Females;Hungary;2007;9.4
2520;F;Females;Hungary;2008;9.6
2521;F;Females;Hungary;2009;8.0
2522;F;Females;Hungary;2010;8.7
2523;F;Females;Hungary;2011;8.1
2524;F;Females;Hungary;2012;9.6
2525;F;Females;Hungary;2013;10.7
2527;F;Females;Hungary;2015;10.6
2528;F;Females;Hungary;2016;12.1
2529;F;Females;Hungary;2017;6.5
2530;F;Females;Hungary;2018;8.9
2531;F;Females;Hungary;2019;9.9
2532;F;Females;Hungary;2020;12.9
2534;F;Females;Hungary;2022;8.7
2535;F;Females;Hungary;2023;9.7
2536;F;Females;Ireland;2004;22.4
2538;F;Females;Ireland;2006;4.4
2540;F;Females;Ireland;2008;14.7
2541;F;Females;Ireland;2009;12.3
2542;F;Females;Ireland;2010;11.0
2543;F;Females;Ireland;2011;10.4
2544;F;Females;Ireland;2012;11.0
2545;F;Females;Ireland;2013;9.9
2547;F;Females;Ireland;2015;8.3
2548;F;Females;Ireland;2016;5.8
2550;F;Females;Ireland;2018;13.9
2551;F;Females;Ireland;2019;12.6
2552;F;Females;Ireland;2020;15.9
2554;F;Females;Ireland;2022;17.6
2555;F;Females;Ireland;2023;19.2
2562;F;Females;Iceland;2010;0.6
2567;F;Females;Iceland;2015;0.6
2568;F;Females;Iceland;2016;0.6
2569;F;Females;Iceland;2017;0.8
2571;F;Females;Iceland;2019;0.6
2577;F;Females;Italy;2006;54.1
2578;F;Females;Italy;2007;53.3
2579;F;Females;Italy;2008;52.3
2580;F;Females;Italy;2009;39.9
2581;F;Females;Italy;2010;36.6
2582;F;Females;Italy;2011;41.8
2583;F;Females;Italy;2012;38.8
2584;F;Females;Italy;2013;31.2
2586;F;Females;Italy;2015;27.1
2587;F;Females;Italy;2016;23.5
2588;F;Females;Italy;2017;30.0
2590;F;Females;Italy;2019;23.6
2591;F;Females;Italy;2020;24.4
2593;F;Females;Italy;2022;23.0
2594;F;Females;Italy;2023;20.2
2611;F;Females;Lithuania;2020;5.8
2613;F;Females;Lithuania;2022;4.2
2614;F;Females;Lithuania;2023;4.5
2630;F;Females;Luxembourg;2019;1.7
2633;F;Females;Luxembourg;2022;1.6
2638;F;Females;Latvia;2007;1.6
2639;F;Females;Latvia;2008;2.0
2648;F;Females;Latvia;2017;2.5
2650;F;Females;Latvia;2019;3.6
2672;F;Females;North Macedonia;2013;1.3
2675;F;Females;North Macedonia;2016;2.5
2676;F;Females;North Macedonia;2017;1.9
2677;F;Females;North Macedonia;2018;1.9
2678;F;Females;North Macedonia;2019;2.9
2679;F;Females;North Macedonia;2020;3.5
2691;F;Females;Malta;2015;1.0
2692;F;Females;Malta;2016;1.1
2693;F;Females;Malta;2017;1.8
2694;F;Females;Malta;2018;1.9
2695;F;Females;Malta;2019;1.3
2696;F;Females;Malta;2020;1.2
2700;F;Females;Netherlands;2004;6.2
2703;F;Females;Netherlands;2007;10.6
2704;F;Females;Netherlands;2008;9.8
2705;F;Females;Netherlands;2009;7.7
2706;F;Females;Netherlands;2010;8.0
2707;F;Females;Netherlands;2011;7.8
2708;F;Females;Netherlands;2012;10.8
2711;F;Females;Netherlands;2015;21.6
2712;F;Females;Netherlands;2016;12.2
2713;F;Females;Netherlands;2017;12.9
2714;F;Females;Netherlands;2018;14.9
2716;F;Females;Netherlands;2020;18.3
2718;F;Females;Netherlands;2022;24.1
2719;F;Females;Netherlands;2023;19.0
2732;F;Females;Norway;2016;5.9
2742;F;Females;Poland;2006;28.1
2743;F;Females;Poland;2007;34.4
2744;F;Females;Poland;2008;35.9
2745;F;Females;Poland;2009;48.2
2747;F;Females;Poland;2011;37.1
2748;F;Females;Poland;2012;41.9
2749;F;Females;Poland;2013;34.7
2751;F;Females;Poland;2015;33.3
2752;F;Females;Poland;2016;35.5
2753;F;Females;Poland;2017;32.7
2754;F;Females;Poland;2018;30.9
2756;F;Females;Poland;2020;40.3
2758;F;Females;Poland;2022;36.1
2759;F;Females;Poland;2023;52.9
2762;F;Females;Portugal;2006;12.4
2763;F;Females;Portugal;2007;16.3
2764;F;Females;Portugal;2008;13.7
2765;F;Females;Portugal;2009;10.6
2766;F;Females;Portugal;2010;12.8
2768;F;Females;Portugal;2012;9.0
2769;F;Females;Portugal;2013;7.5
2771;F;Females;Portugal;2015;11.9
2772;F;Females;Portugal;2016;11.7
2773;F;Females;Portugal;2017;7.8
2774;F;Females;Portugal;2018;8.3
2775;F;Females;Portugal;2019;8.9
2776;F;Females;Portugal;2020;13.0
2779;F;Females;Portugal;2023;10.2
2780;F;Females;Romania;2004;26.1
2782;F;Females;Romania;2006;31.8
2783;F;Females;Romania;2007;27.9
2784;F;Females;Romania;2008;35.1
2785;F;Females;Romania;2009;32.8
2787;F;Females;Romania;2011;19.3
2788;F;Females;Romania;2012;22.3
2789;F;Females;Romania;2013;23.9
2791;F;Females;Romania;2015;17.3
2792;F;Females;Romania;2016;17.6
2793;F;Females;Romania;2017;16.0
2794;F;Females;Romania;2018;18.3
2795;F;Females;Romania;2019;17.8
2796;F;Females;Romania;2020;21.7
2798;F;Females;Romania;2022;29.0
2799;F;Females;Romania;2023;25.6
2806;F;Females;Serbia;2016;4.8
2807;F;Females;Serbia;2017;5.4
2808;F;Females;Serbia;2018;5.9
2809;F;Females;Serbia;2019;7.5
2810;F;Females;Serbia;2020;9.1
2812;F;Females;Serbia;2022;6.8
2813;F;Females;Serbia;2023;8.3
2814;F;Females;Sweden;2004;7.4
2817;F;Females;Sweden;2007;11.7
2818;F;Females;Sweden;2008;10.4
2819;F;Females;Sweden;2009;9.6
2820;F;Females;Sweden;2010;9.6
2821;F;Females;Sweden;2011;10.8
2822;F;Females;Sweden;2012;11.4
2823;F;Females;Sweden;2013;11.3
2825;F;Females;Sweden;2015;12.9
2826;F;Females;Sweden;2016;13.1
2827;F;Females;Sweden;2017;12.4
2829;F;Females;Sweden;2019;13.7
2830;F;Females;Sweden;2020;14.4
2832;F;Females;Sweden;2022;15.3
2833;F;Females;Sweden;2023;21.2
2867;F;Females;Slovakia;2017;4.3
2868;F;Females;Slovakia;2018;4.7
2870;F;Females;Slovakia;2020;4.1
2877;F;Females;Türkiye;2009;24.4
2878;F;Females;Türkiye;2010;27.8
2879;F;Females;Türkiye;2011;32.8
2880;F;Females;Türkiye;2012;39.2
2881;F;Females;Türkiye;2013;46.6
2883;F;Females;Türkiye;2015;45.0
2884;F;Females;Türkiye;2016;44.1
2885;F;Females;Türkiye;2017;56.0
2886;F;Females;Türkiye;2018;48.5
2887;F;Females;Türkiye;2019;46.8
2888;F;Females;Türkiye;2020;40.3
2890;F;Females;Türkiye;2022;47.2
2891;F;Females;Türkiye;2023;56.7
2894;F;Females;United Kingdom;2006;113.1
2897;F;Females;United Kingdom;2009;97.1
2900;F;Females;United Kingdom;2012;65.4
2901;F;Females;United Kingdom;2013;62.2
2903;F;Females;United Kingdom;2015;75.6
2904;F;Females;United Kingdom;2016;59.8
2905;F;Females;United Kingdom;2017;69.3
2906;F;Females;United Kingdom;2018;48.6
2907;F;Females;United Kingdom;2019;63.6
2912;M;Males;Austria;2008;16.6
2913;M;Males;Austria;2009;16.7
2914;M;Males;Austria;2010;14.7
2915;M;Males;Austria;2011;15.8
2916;M;Males;Austria;2012;17.2
2917;M;Males;Austria;2013;20.9
2919;M;Males;Austria;2015;27.2
2920;M;Males;Austria;2016;26.4
2921;M;Males;Austria;2017;31.5
2922;M;Males;Austria;2018;31.4
2923;M;Males;Austria;2019;29.7
2924;M;Males;Austria;2020;30.8
2926;M;Males;Austria;2022;33.8
2927;M;Males;Austria;2023;38.4
2929;M;Males;Bosnia and Herzegovina;2022;5.5
2930;M;Males;Bosnia and Herzegovina;2023;7.5
2931;M;Males;Belgium;2004;36.9
2933;M;Males;Belgium;2006;36.1
2934;M;Males;Belgium;2007;39.7
2936;M;Males;Belgium;2009;41.9
2937;M;Males;Belgium;2010;46.5
2939;M;Males;Belgium;2012;40.7
2940;M;Males;Belgium;2013;42.2
2942;M;Males;Belgium;2015;44.2
2943;M;Males;Belgium;2016;48.8
2945;M;Males;Belgium;2018;51.5
2946;M;Males;Belgium;2019;41.2
2947;M;Males;Belgium;2020;52.1
2949;M;Males;Belgium;2022;54.7
2950;M;Males;Belgium;2023;50.0
2962;M;Males;Bulgaria;2015;18.2
2963;M;Males;Bulgaria;2016;19.9
2964;M;Males;Bulgaria;2017;22.9
2965;M;Males;Bulgaria;2018;28.1
2967;M;Males;Bulgaria;2020;27.6
2969;M;Males;Bulgaria;2022;27.9
2970;M;Males;Bulgaria;2023;30.7
2971;M;Males;Switzerland;2004;27.4
2973;M;Males;Switzerland;2006;40.7
2974;M;Males;Switzerland;2007;44.8
2975;M;Males;Switzerland;2008;43.2
2976;M;Males;Switzerland;2009;45.6
2978;M;Males;Switzerland;2011;52.4
2979;M;Males;Switzerland;2012;58.5
2980;M;Males;Switzerland;2013;62.4
2982;M;Males;Switzerland;2015;61.6
2983;M;Males;Switzerland;2016;60.9
2984;M;Males;Switzerland;2017;58.5
2985;M;Males;Switzerland;2018;68.0
2986;M;Males;Switzerland;2019;73.5
2987;M;Males;Switzerland;2020;66.4
2989;M;Males;Switzerland;2022;53.5
2990;M;Males;Switzerland;2023;53.5
2991;M;Males;Cyprus;2004;2.7
2993;M;Males;Cyprus;2006;2.8
2994;M;Males;Cyprus;2007;3.7
2995;M;Males;Cyprus;2008;3.5
2997;M;Males;Cyprus;2010;3.2
2998;M;Males;Cyprus;2011;3.1
2999;M;Males;Cyprus;2012;3.8
3000;M;Males;Cyprus;2013;3.9
3002;M;Males;Cyprus;2015;4.0
3003;M;Males;Cyprus;2016;3.6
3004;M;Males;Cyprus;2017;4.5
3005;M;Males;Cyprus;2018;4.7
3006;M;Males;Cyprus;2019;4.3
3007;M;Males;Cyprus;2020;4.3
3009;M;Males;Cyprus;2022;5.6
3013;M;Males;Czechia;2006;13.1
3014;M;Males;Czechia;2007;12.0
3015;M;Males;Czechia;2008;15.8
3016;M;Males;Czechia;2009;18.2
3017;M;Males;Czechia;2010;22.6
3019;M;Males;Czechia;2012;29.5
3020;M;Males;Czechia;2013;34.1
3022;M;Males;Czechia;2015;50.6
3023;M;Males;Czechia;2016;56.9
3024;M;Males;Czechia;2017;50.9
3025;M;Males;Czechia;2018;60.3
3026;M;Males;Czechia;2019;59.9
3027;M;Males;Czechia;2020;63.4
3029;M;Males;Czechia;2022;56.9
3030;M;Males;Czechia;2023;60.2
3031;M;Males;Germany;2004;148.2
3034;M;Males;Germany;2007;275.4
3035;M;Males;Germany;2008;269.1
3036;M;Males;Germany;2009;283.5
3040;M;Males;Germany;2013;342.8
3042;M;Males;Germany;2015;393.7
3043;M;Males;Germany;2016;416.1
3044;M;Males;Germany;2017;433.9
3045;M;Males;Germany;2018;429.6
3046;M;Males;Germany;2019;448.1
3049;M;Males;Germany;2022;487.6
3050;M;Males;Germany;2023;510.6
3051;M;Males;Denmark;2004;14.3
3053;M;Males;Denmark;2006;20.6
3056;M;Males;Denmark;2009;15.2
3057;M;Males;Denmark;2010;12.8
3058;M;Males;Denmark;2011;14.6
3059;M;Males;Denmark;2012;16.3
3060;M;Males;Denmark;2013;16.0
3062;M;Males;Denmark;2015;18.8
3065;M;Males;Denmark;2018;20.2
3066;M;Males;Denmark;2019;18.8
3067;M;Males;Denmark;2020;38.0
3069;M;Males;Denmark;2022;23.1
3074;M;Males;Estonia;2007;3.7
3075;M;Males;Estonia;2008;5.2
3076;M;Males;Estonia;2009;4.7
3077;M;Males;Estonia;2010;4.3
3078;M;Males;Estonia;2011;4.2
3079;M;Males;Estonia;2012;5.3
3080;M;Males;Estonia;2013;6.5
3082;M;Males;Estonia;2015;8.8
3083;M;Males;Estonia;2016;9.3
3084;M;Males;Estonia;2017;9.7
3085;M;Males;Estonia;2018;9.1
3086;M;Males;Estonia;2019;11.0
3087;M;Males;Estonia;2020;11.5
3089;M;Males;Estonia;2022;12.5
3090;M;Males;Estonia;2023;10.7
3093;M;Males;Greece;2006;31.8
3094;M;Males;Greece;2007;35.5
3095;M;Males;Greece;2008;37.0
3097;M;Males;Greece;2010;36.5
3098;M;Males;Greece;2011;33.8
3099;M;Males;Greece;2012;28.0
3100;M;Males;Greece;2013;30.1
3102;M;Males;Greece;2015;33.0
3103;M;Males;Greece;2016;38.4
3104;M;Males;Greece;2017;44.1
3105;M;Males;Greece;2018;46.7
3106;M;Males;Greece;2019;47.4
3107;M;Males;Greece;2020;41.1
3109;M;Males;Greece;2022;43.7
3110;M;Males;Greece;2023;51.7
3114;M;Males;Spain;2007;227.0
3115;M;Males;Spain;2008;214.4
3116;M;Males;Spain;2009;213.9
3117;M;Males;Spain;2010;205.9
3118;M;Males;Spain;2011;201.8
3119;M;Males;Spain;2012;202.6
3120;M;Males;Spain;2013;208.4
3122;M;Males;Spain;2015;179.1
3123;M;Males;Spain;2016;267.6
3124;M;Males;Spain;2017;260.2
3125;M;Males;Spain;2018;286.4
3126;M;Males;Spain;2019;293.1
3127;M;Males;Spain;2020;263.9
3131;M;Males;European Union - 15 countries (1995-2004);2004;905.0
3133;M;Males;European Union - 15 countries (1995-2004);2006;1240.6
3134;M;Males;European Union - 15 countries (1995-2004);2007;1348.3
3135;M;Males;European Union - 15 countries (1995-2004);2008;1360.5
3136;M;Males;European Union - 15 countries (1995-2004);2009;1418.3
3137;M;Males;European Union - 15 countries (1995-2004);2010;1404.3
3138;M;Males;European Union - 15 countries (1995-2004);2011;1393.5
3139;M;Males;European Union - 15 countries (1995-2004);2012;1348.6
3140;M;Males;European Union - 15 countries (1995-2004);2013;1418.2
3142;M;Males;European Union - 15 countries (1995-2004);2015;1510.9
3143;M;Males;European Union - 15 countries (1995-2004);2016;1695.4
3144;M;Males;European Union - 15 countries (1995-2004);2017;1687.6
3145;M;Males;European Union - 15 countries (1995-2004);2018;1804.1
3146;M;Males;European Union - 15 countries (1995-2004);2019;1816.9
3147;M;Males;European Union - 27 countries (from 2020);2004;707.9
3149;M;Males;European Union - 27 countries (from 2020);2006;1217.5
3150;M;Males;European Union - 27 countries (from 2020);2007;1374.8
3151;M;Males;European Union - 27 countries (from 2020);2008;1422.1
3152;M;Males;European Union - 27 countries (from 2020);2009;1471.8
3153;M;Males;European Union - 27 countries (from 2020);2010;1459.1
3154;M;Males;European Union - 27 countries (from 2020);2011;1545.0
3155;M;Males;European Union - 27 countries (from 2020);2012;1526.6
3156;M;Males;European Union - 27 countries (from 2020);2013;1631.8
3158;M;Males;European Union - 27 countries (from 2020);2015;1800.7
3159;M;Males;European Union - 27 countries (from 2020);2016;1962.7
3160;M;Males;European Union - 27 countries (from 2020);2017;2001.2
3161;M;Males;European Union - 27 countries (from 2020);2018;2135.6
3162;M;Males;European Union - 27 countries (from 2020);2019;2173.2
3163;M;Males;European Union - 27 countries (from 2020);2020;2244.7
3165;M;Males;European Union - 27 countries (from 2020);2022;2534.3
3166;M;Males;European Union - 27 countries (from 2020);2023;2556.8
3167;M;Males;European Union - 28 countries (2013-2020);2004;995.8
3169;M;Males;European Union - 28 countries (2013-2020);2006;1508.5
3170;M;Males;European Union - 28 countries (2013-2020);2007;1656.5
3171;M;Males;European Union - 28 countries (2013-2020);2008;1707.0
3172;M;Males;European Union - 28 countries (2013-2020);2009;1764.1
3173;M;Males;European Union - 28 countries (2013-2020);2010;1768.0
3174;M;Males;European Union - 28 countries (2013-2020);2011;1782.0
3175;M;Males;European Union - 28 countries (2013-2020);2012;1754.1
3176;M;Males;European Union - 28 countries (2013-2020);2013;1860.4
3178;M;Males;European Union - 28 countries (2013-2020);2015;2043.7
3179;M;Males;European Union - 28 countries (2013-2020);2016;2255.9
3180;M;Males;European Union - 28 countries (2013-2020);2017;2248.3
3181;M;Males;European Union - 28 countries (2013-2020);2018;2404.1
3182;M;Males;European Union - 28 countries (2013-2020);2019;2429.1
3183;M;Males;Finland;2004;11.1
3185;M;Males;Finland;2006;13.5
3188;M;Males;Finland;2009;20.4
3189;M;Males;Finland;2010;19.7
3190;M;Males;Finland;2011;19.2
3191;M;Males;Finland;2012;17.6
3192;M;Males;Finland;2013;20.8
3194;M;Males;Finland;2015;22.1
3195;M;Males;Finland;2016;46.5
3196;M;Males;Finland;2017;47.6
3197;M;Males;Finland;2018;49.9
3198;M;Males;Finland;2019;47.9
3199;M;Males;Finland;2020;53.3
3201;M;Males;Finland;2022;55.2
3202;M;Males;Finland;2023;51.8
3203;M;Males;France;2004;130.6
3206;M;Males;France;2007;170.2
3207;M;Males;France;2008;174.7
3208;M;Males;France;2009;189.9
3209;M;Males;France;2010;187.4
3210;M;Males;France;2011;205.7
3211;M;Males;France;2012;185.6
3214;M;Males;France;2015;230.9
3215;M;Males;France;2016;240.1
3216;M;Males;France;2017;244.8
3217;M;Males;France;2018;259.2
3218;M;Males;France;2019;246.8
3219;M;Males;France;2020;302.7
3234;M;Males;Croatia;2015;12.6
3235;M;Males;Croatia;2016;17.0
3236;M;Males;Croatia;2017;15.7
3237;M;Males;Croatia;2018;18.7
3239;M;Males;Croatia;2020;21.0
3241;M;Males;Croatia;2022;21.2
3242;M;Males;Croatia;2023;19.7
3243;M;Males;Hungary;2004;27.8
3245;M;Males;Hungary;2006;34.4
3246;M;Males;Hungary;2007;39.7
3247;M;Males;Hungary;2008;44.5
3248;M;Males;Hungary;2009;43.1
3249;M;Males;Hungary;2010;46.9
3250;M;Males;Hungary;2011;49.0
3251;M;Males;Hungary;2012;54.8
3252;M;Males;Hungary;2013;55.5
3254;M;Males;Hungary;2015;65.8
3255;M;Males;Hungary;2016;69.8
3256;M;Males;Hungary;2017;61.9
3257;M;Males;Hungary;2018;70.3
3258;M;Males;Hungary;2019;62.5
3259;M;Males;Hungary;2020;62.2
3261;M;Males;Hungary;2022;65.9
3262;M;Males;Hungary;2023;59.6
3263;M;Males;Ireland;2004;20.7
3265;M;Males;Ireland;2006;5.0
3267;M;Males;Ireland;2008;21.9
3268;M;Males;Ireland;2009;21.3
3269;M;Males;Ireland;2010;19.8
3270;M;Males;Ireland;2011;20.4
3271;M;Males;Ireland;2012;20.3
3272;M;Males;Ireland;2013;22.8
3274;M;Males;Ireland;2015;21.7
3275;M;Males;Ireland;2016;14.4
3277;M;Males;Ireland;2018;42.1
3278;M;Males;Ireland;2019;44.6
3279;M;Males;Ireland;2020;52.5
3281;M;Males;Ireland;2022;56.1
3282;M;Males;Ireland;2023;61.5
3287;M;Males;Iceland;2008;1.0
3288;M;Males;Iceland;2009;1.4
3289;M;Males;Iceland;2010;1.4
3290;M;Males;Iceland;2011;1.5
3291;M;Males;Iceland;2012;1.3
3292;M;Males;Iceland;2013;1.6
3294;M;Males;Iceland;2015;1.3
3295;M;Males;Iceland;2016;1.6
3296;M;Males;Iceland;2017;2.3
3297;M;Males;Iceland;2018;2.1
3298;M;Males;Iceland;2019;2.0
3304;M;Males;Italy;2006;119.0
3305;M;Males;Italy;2007;122.3
3306;M;Males;Italy;2008;127.0
3307;M;Males;Italy;2009;135.0
3308;M;Males;Italy;2010;118.3
3309;M;Males;Italy;2011;109.7
3310;M;Males;Italy;2012;116.6
3311;M;Males;Italy;2013;116.0
3313;M;Males;Italy;2015;116.0
3314;M;Males;Italy;2016;105.5
3315;M;Males;Italy;2017;108.6
3317;M;Males;Italy;2019;123.5
3318;M;Males;Italy;2020;122.1
3320;M;Males;Italy;2022;136.2
3321;M;Males;Italy;2023;159.8
3327;M;Males;Lithuania;2009;8.6
3328;M;Males;Lithuania;2010;9.7
3329;M;Males;Lithuania;2011;10.2
3331;M;Males;Lithuania;2013;9.7
3333;M;Males;Lithuania;2015;15.2
3334;M;Males;Lithuania;2016;13.3
3335;M;Males;Lithuania;2017;14.3
3336;M;Males;Lithuania;2018;15.8
3337;M;Males;Lithuania;2019;20.0
3338;M;Males;Lithuania;2020;22.0
3340;M;Males;Lithuania;2022;23.1
3341;M;Males;Lithuania;2023;21.7
3342;M;Males;Luxembourg;2004;1.5
3344;M;Males;Luxembourg;2006;1.5
3346;M;Males;Luxembourg;2008;2.1
3348;M;Males;Luxembourg;2010;2.9
3349;M;Males;Luxembourg;2011;2.3
3350;M;Males;Luxembourg;2012;3.2
3351;M;Males;Luxembourg;2013;3.1
3354;M;Males;Luxembourg;2016;2.5
3355;M;Males;Luxembourg;2017;4.5
3356;M;Males;Luxembourg;2018;4.4
3357;M;Males;Luxembourg;2019;5.6
3358;M;Males;Luxembourg;2020;6.2
3360;M;Males;Luxembourg;2022;7.2
3361;M;Males;Luxembourg;2023;7.9
3364;M;Males;Latvia;2006;4.9
3365;M;Males;Latvia;2007;5.1
3366;M;Males;Latvia;2008;4.8
3368;M;Males;Latvia;2010;3.9
3369;M;Males;Latvia;2011;5.0
3370;M;Males;Latvia;2012;3.7
3371;M;Males;Latvia;2013;3.7
3373;M;Males;Latvia;2015;6.4
3374;M;Males;Latvia;2016;8.2
3375;M;Males;Latvia;2017;11.3
3376;M;Males;Latvia;2018;8.1
3377;M;Males;Latvia;2019;10.8
3378;M;Males;Latvia;2020;11.4
3380;M;Males;Latvia;2022;13.5
3381;M;Males;Latvia;2023;12.2
3383;M;Males;Montenegro;2012;1.9
3386;M;Males;Montenegro;2015;2.7
3388;M;Males;Montenegro;2017;2.0
3389;M;Males;Montenegro;2018;2.0
3391;M;Males;Montenegro;2020;2.2
3392;M;Males;North Macedonia;2006;1.7
3393;M;Males;North Macedonia;2007;1.3
3394;M;Males;North Macedonia;2008;1.6
3395;M;Males;North Macedonia;2009;1.9
3396;M;Males;North Macedonia;2010;2.4
3397;M;Males;North Macedonia;2011;1.5
3398;M;Males;North Macedonia;2012;1.8
3399;M;Males;North Macedonia;2013;2.9
3401;M;Males;North Macedonia;2015;4.1
3402;M;Males;North Macedonia;2016;6.4
3403;M;Males;North Macedonia;2017;6.4
3404;M;Males;North Macedonia;2018;7.7
3405;M;Males;North Macedonia;2019;9.4
3406;M;Males;North Macedonia;2020;11.4
3409;M;Males;Malta;2006;1.4
3410;M;Males;Malta;2007;2.2
3411;M;Males;Malta;2008;2.5
3412;M;Males;Malta;2009;1.6
3413;M;Males;Malta;2010;1.9
3415;M;Males;Malta;2012;3.8
3416;M;Males;Malta;2013;4.0
3418;M;Males;Malta;2015;4.3
3419;M;Males;Malta;2016;5.5
3420;M;Males;Malta;2017;6.1
3421;M;Males;Malta;2018;6.2
3422;M;Males;Malta;2019;6.1
3423;M;Males;Malta;2020;7.1
3425;M;Males;Malta;2022;6.6
3426;M;Males;Malta;2023;9.4
3427;M;Males;Netherlands;2004;53.3
3430;M;Males;Netherlands;2007;62.9
3431;M;Males;Netherlands;2008;75.7
3432;M;Males;Netherlands;2009;77.7
3433;M;Males;Netherlands;2010;84.1
3434;M;Males;Netherlands;2011;84.5
3435;M;Males;Netherlands;2012;78.5
3438;M;Males;Netherlands;2015;104.7
3439;M;Males;Netherlands;2016;98.2
3440;M;Males;Netherlands;2017;92.0
3441;M;Males;Netherlands;2018;103.5
3443;M;Males;Netherlands;2020;113.5
3445;M;Males;Netherlands;2022;134.6
3446;M;Males;Netherlands;2023;128.5
3458;M;Males;Norway;2015;18.6
3459;M;Males;Norway;2016;22.4
3460;M;Males;Norway;2017;23.1
3461;M;Males;Norway;2018;26.0
3462;M;Males;Norway;2019;27.5
3463;M;Males;Norway;2020;26.3
3465;M;Males;Norway;2022;28.2
3466;M;Males;Norway;2023;34.1
3469;M;Males;Poland;2006;136.6
3470;M;Males;Poland;2007;153.1
3471;M;Males;Poland;2008;175.5
3472;M;Males;Poland;2009;191.8
3474;M;Males;Poland;2011;199.3
3475;M;Males;Poland;2012;214.9
3476;M;Males;Poland;2013;233.7
3478;M;Males;Poland;2015;275.3
3479;M;Males;Poland;2016;281.9
3480;M;Males;Poland;2017;281.6
3481;M;Males;Poland;2018;292.1
3483;M;Males;Poland;2020;298.5
3485;M;Males;Poland;2022;334.4
3486;M;Males;Poland;2023;308.9
3489;M;Males;Portugal;2006;35.1
3490;M;Males;Portugal;2007;39.4
3491;M;Males;Portugal;2008;36.7
3492;M;Males;Portugal;2009;43.1
3493;M;Males;Portugal;2010;37.0
3495;M;Males;Portugal;2012;28.1
3496;M;Males;Portugal;2013;32.2
3498;M;Males;Portugal;2015;37.0
3499;M;Males;Portugal;2016;37.8
3500;M;Males;Portugal;2017;39.5
3501;M;Males;Portugal;2018;49.1
3502;M;Males;Portugal;2019;48.0
3503;M;Males;Portugal;2020;53.0
3505;M;Males;Portugal;2022;51.6
3506;M;Males;Portugal;2023;61.7
3507;M;Males;Romania;2004;35.4
3509;M;Males;Romania;2006;52.7
3510;M;Males;Romania;2007;64.0
3511;M;Males;Romania;2008;69.1
3512;M;Males;Romania;2009;50.7
3514;M;Males;Romania;2011;51.5
3515;M;Males;Romania;2012;50.1
3516;M;Males;Romania;2013;53.6
3518;M;Males;Romania;2015;46.8
3519;M;Males;Romania;2016;45.9
3520;M;Males;Romania;2017;48.1
3521;M;Males;Romania;2018;50.6
3522;M;Males;Romania;2019;50.3
3523;M;Males;Romania;2020;58.6
3525;M;Males;Romania;2022;68.0
3526;M;Males;Romania;2023;60.0
3529;M;Males;Serbia;2012;8.4
3530;M;Males;Serbia;2013;7.2
3532;M;Males;Serbia;2015;13.2
3533;M;Males;Serbia;2016;20.7
3534;M;Males;Serbia;2017;16.8
3535;M;Males;Serbia;2018;15.4
3536;M;Males;Serbia;2019;19.2
3537;M;Males;Serbia;2020;18.3
3539;M;Males;Serbia;2022;20.4
3540;M;Males;Serbia;2023;27.4
3541;M;Males;Sweden;2004;11.6
3544;M;Males;Sweden;2007;25.9
3545;M;Males;Sweden;2008;25.4
3546;M;Males;Sweden;2009;26.4
3547;M;Males;Sweden;2010;29.3
3548;M;Males;Sweden;2011;30.9
3549;M;Males;Sweden;2012;31.3
3550;M;Males;Sweden;2013;33.3
3552;M;Males;Sweden;2015;36.2
3553;M;Males;Sweden;2016;39.4
3554;M;Males;Sweden;2017;44.0
3556;M;Males;Sweden;2019;40.6
3557;M;Males;Sweden;2020;44.4
3559;M;Males;Sweden;2022;48.3
3560;M;Males;Sweden;2023;52.7
3569;M;Males;Slovenia;2012;4.4
3572;M;Males;Slovenia;2015;7.2
3573;M;Males;Slovenia;2016;6.9
3574;M;Males;Slovenia;2017;10.3
3575;M;Males;Slovenia;2018;11.4
3576;M;Males;Slovenia;2019;10.3
3577;M;Males;Slovenia;2020;11.6
3579;M;Males;Slovenia;2022;15.0
3583;M;Males;Slovakia;2006;3.6
3584;M;Males;Slovakia;2007;5.0
3585;M;Males;Slovakia;2008;5.1
3586;M;Males;Slovakia;2009;9.1
3587;M;Males;Slovakia;2010;12.0
3589;M;Males;Slovakia;2012;8.6
3590;M;Males;Slovakia;2013;12.8
3592;M;Males;Slovakia;2015;17.5
3593;M;Males;Slovakia;2016;22.4
3594;M;Males;Slovakia;2017;23.4
3595;M;Males;Slovakia;2018;24.2
3596;M;Males;Slovakia;2019;24.7
3597;M;Males;Slovakia;2020;26.7
3599;M;Males;Slovakia;2022;33.5
3600;M;Males;Slovakia;2023;29.1
3604;M;Males;Türkiye;2009;68.4
3605;M;Males;Türkiye;2010;74.7
3606;M;Males;Türkiye;2011;86.7
3607;M;Males;Türkiye;2012;113.0
3608;M;Males;Türkiye;2013;130.5
3610;M;Males;Türkiye;2015;125.2
3611;M;Males;Türkiye;2016;140.7
3612;M;Males;Türkiye;2017;140.0
3613;M;Males;Türkiye;2018;133.2
3614;M;Males;Türkiye;2019;138.4
3615;M;Males;Türkiye;2020;142.2
3617;M;Males;Türkiye;2022;177.8
3618;M;Males;Türkiye;2023;189.3
3621;M;Males;United Kingdom;2006;290.9
3624;M;Males;United Kingdom;2009;292.3
3627;M;Males;United Kingdom;2012;227.6
3628;M;Males;United Kingdom;2013;228.6
3630;M;Males;United Kingdom;2015;243.0
3631;M;Males;United Kingdom;2016;293.1
3632;M;Males;United Kingdom;2017;247.6
3633;M;Males;United Kingdom;2018;266.8
3634;M;Males;United Kingdom;2019;261.5
3639;T;Total;Austria;2008;18.7
3640;T;Total;Austria;2009;18.9
3641;T;Total;Austria;2010;17.2
3642;T;Total;Austria;2011;19.0
3643;T;Total;Austria;2012;20.5
3644;T;Total;Austria;2013;23.6
3646;T;Total;Austria;2015;31.5
3647;T;Total;Austria;2016;30.8
3648;T;Total;Austria;2017;35.3
3649;T;Total;Austria;2018;38.7
3650;T;Total;Austria;2019;39.6
3651;T;Total;Austria;2020;36.0
3653;T;Total;Austria;2022;39.6
3654;T;Total;Austria;2023;47.0
3656;T;Total;Bosnia and Herzegovina;2022;7.7
3657;T;Total;Bosnia and Herzegovina;2023;9.1
3658;T;Total;Belgium;2004;43.4
3660;T;Total;Belgium;2006;42.4
3661;T;Total;Belgium;2007;46.4
3663;T;Total;Belgium;2009;47.9
3664;T;Total;Belgium;2010;53.7
3666;T;Total;Belgium;2012;46.3
3667;T;Total;Belgium;2013;47.3
3669;T;Total;Belgium;2015;48.8
3670;T;Total;Belgium;2016;55.9
3672;T;Total;Belgium;2018;55.6
3673;T;Total;Belgium;2019;47.5
3674;T;Total;Belgium;2020;58.5
3676;T;Total;Belgium;2022;61.7
3677;T;Total;Belgium;2023;59.0
3687;T;Total;Bulgaria;2013;16.0
3689;T;Total;Bulgaria;2015;23.7
3690;T;Total;Bulgaria;2016;28.1
3691;T;Total;Bulgaria;2017;34.5
3692;T;Total;Bulgaria;2018;37.2
3694;T;Total;Bulgaria;2020;38.1
3696;T;Total;Bulgaria;2022;40.7
3697;T;Total;Bulgaria;2023;46.1
3698;T;Total;Switzerland;2004;30.2
3700;T;Total;Switzerland;2006;44.9
3701;T;Total;Switzerland;2007;50.1
3702;T;Total;Switzerland;2008;48.5
3703;T;Total;Switzerland;2009;51.2
3705;T;Total;Switzerland;2011;60.1
3706;T;Total;Switzerland;2012;66.9
3707;T;Total;Switzerland;2013;72.8
3709;T;Total;Switzerland;2015;73.8
3710;T;Total;Switzerland;2016;71.3
3711;T;Total;Switzerland;2017;69.0
3712;T;Total;Switzerland;2018;79.1
3713;T;Total;Switzerland;2019;85.5
3714;T;Total;Switzerland;2020;77.2
3716;T;Total;Switzerland;2022;60.2
3717;T;Total;Switzerland;2023;59.8
3718;T;Total;Cyprus;2004;3.6
3720;T;Total;Cyprus;2006;4.4
3721;T;Total;Cyprus;2007;5.1
3722;T;Total;Cyprus;2008;5.2
3724;T;Total;Cyprus;2010;5.2
3725;T;Total;Cyprus;2011;5.3
3726;T;Total;Cyprus;2012;6.3
3727;T;Total;Cyprus;2013;6.0
3729;T;Total;Cyprus;2015;5.9
3730;T;Total;Cyprus;2016;5.3
3731;T;Total;Cyprus;2017;5.8
3732;T;Total;Cyprus;2018;6.3
3733;T;Total;Cyprus;2019;5.9
3734;T;Total;Cyprus;2020;5.9
3736;T;Total;Cyprus;2022;8.0
3740;T;Total;Czechia;2006;14.5
3741;T;Total;Czechia;2007;12.7
3742;T;Total;Czechia;2008;17.0
3743;T;Total;Czechia;2009;19.3
3744;T;Total;Czechia;2010;23.8
3746;T;Total;Czechia;2012;30.6
3747;T;Total;Czechia;2013;39.2
3749;T;Total;Czechia;2015;56.8
3750;T;Total;Czechia;2016;64.6
3751;T;Total;Czechia;2017;54.8
3752;T;Total;Czechia;2018;67.1
3753;T;Total;Czechia;2019;65.1
3754;T;Total;Czechia;2020;71.3
3756;T;Total;Czechia;2022;63.3
3757;T;Total;Czechia;2023;69.3
3758;T;Total;Germany;2004;177.1
3761;T;Total;Germany;2007;340.6
3762;T;Total;Germany;2008;312.0
3763;T;Total;Germany;2009;319.2
3767;T;Total;Germany;2013;398.0
3769;T;Total;Germany;2015;453.9
3770;T;Total;Germany;2016;480.7
3771;T;Total;Germany;2017;503.6
3772;T;Total;Germany;2018;496.5
3773;T;Total;Germany;2019;519.9
3776;T;Total;Germany;2022;574.4
3777;T;Total;Germany;2023;602.4
3778;T;Total;Denmark;2004;20.3
3780;T;Total;Denmark;2006;25.1
3783;T;Total;Denmark;2009;18.9
3784;T;Total;Denmark;2010;16.3
3785;T;Total;Denmark;2011;17.9
3786;T;Total;Denmark;2012;19.6
3787;T;Total;Denmark;2013;19.3
3789;T;Total;Denmark;2015;22.7
3792;T;Total;Denmark;2018;24.0
3793;T;Total;Denmark;2019;23.1
3794;T;Total;Denmark;2020;56.6
3796;T;Total;Denmark;2022;33.7
3800;T;Total;Estonia;2006;4.0
3801;T;Total;Estonia;2007;4.9
3802;T;Total;Estonia;2008;7.4
3803;T;Total;Estonia;2009;6.8
3804;T;Total;Estonia;2010;5.5
3805;T;Total;Estonia;2011;6.6
3806;T;Total;Estonia;2012;8.0
3807;T;Total;Estonia;2013;8.3
3809;T;Total;Estonia;2015;10.9
3810;T;Total;Estonia;2016;11.2
3811;T;Total;Estonia;2017;11.8
3812;T;Total;Estonia;2018;11.1
3813;T;Total;Estonia;2019;13.6
3814;T;Total;Estonia;2020;14.3
3816;T;Total;Estonia;2022;15.0
3817;T;Total;Estonia;2023;14.9
3820;T;Total;Greece;2006;53.0
3821;T;Total;Greece;2007;60.0
3822;T;Total;Greece;2008;62.3
3824;T;Total;Greece;2010;59.9
3825;T;Total;Greece;2011;52.7
3826;T;Total;Greece;2012;44.7
3827;T;Total;Greece;2013;45.0
3829;T;Total;Greece;2015;50.2
3830;T;Total;Greece;2016;52.5
3831;T;Total;Greece;2017;56.3
3832;T;Total;Greece;2018;59.5
3833;T;Total;Greece;2019;65.3
3834;T;Total;Greece;2020;59.2
3836;T;Total;Greece;2022;56.7
3837;T;Total;Greece;2023;75.9
3841;T;Total;Spain;2007;296.6
3842;T;Total;Spain;2008;287.2
3843;T;Total;Spain;2009;286.4
3844;T;Total;Spain;2010;269.9
3845;T;Total;Spain;2011;272.5
3846;T;Total;Spain;2012;245.2
3847;T;Total;Spain;2013;252.3
3849;T;Total;Spain;2015;233.4
3850;T;Total;Spain;2016;336.4
3851;T;Total;Spain;2017;322.4
3852;T;Total;Spain;2018;362.0
3853;T;Total;Spain;2019;377.1
3854;T;Total;Spain;2020;333.7
3858;T;Total;European Union - 15 countries (1995-2004);2004;1229.9
3860;T;Total;European Union - 15 countries (1995-2004);2006;1617.4
3861;T;Total;European Union - 15 countries (1995-2004);2007;1782.2
3862;T;Total;European Union - 15 countries (1995-2004);2008;1740.7
3863;T;Total;European Union - 15 countries (1995-2004);2009;1782.7
3864;T;Total;European Union - 15 countries (1995-2004);2010;1745.1
3865;T;Total;European Union - 15 countries (1995-2004);2011;1761.6
3866;T;Total;European Union - 15 countries (1995-2004);2012;1661.5
3867;T;Total;European Union - 15 countries (1995-2004);2013;1728.0
3869;T;Total;European Union - 15 countries (1995-2004);2015;1859.7
3870;T;Total;European Union - 15 countries (1995-2004);2016;2033.8
3871;T;Total;European Union - 15 countries (1995-2004);2017;2032.1
3872;T;Total;European Union - 15 countries (1995-2004);2018;2147.4
3873;T;Total;European Union - 15 countries (1995-2004);2019;2230.8
3874;T;Total;European Union - 27 countries (from 2020);2004;976.2
3876;T;Total;European Union - 27 countries (from 2020);2006;1562.7
3877;T;Total;European Union - 27 countries (from 2020);2007;1777.7
3878;T;Total;European Union - 27 countries (from 2020);2008;1808.7
3879;T;Total;European Union - 27 countries (from 2020);2009;1844.3
3880;T;Total;European Union - 27 countries (from 2020);2010;1814.8
3881;T;Total;European Union - 27 countries (from 2020);2011;1913.0
3882;T;Total;European Union - 27 countries (from 2020);2012;1868.5
3883;T;Total;European Union - 27 countries (from 2020);2013;1971.2
3885;T;Total;European Union - 27 countries (from 2020);2015;2158.9
3886;T;Total;European Union - 27 countries (from 2020);2016;2337.1
3887;T;Total;European Union - 27 countries (from 2020);2017;2366.2
3888;T;Total;European Union - 27 countries (from 2020);2018;2524.1
3889;T;Total;European Union - 27 countries (from 2020);2019;2626.0
3890;T;Total;European Union - 27 countries (from 2020);2020;2709.0
3892;T;Total;European Union - 27 countries (from 2020);2022;2997.5
3893;T;Total;European Union - 27 countries (from 2020);2023;3096.0
3894;T;Total;European Union - 28 countries (2013-2020);2004;1371.5
3896;T;Total;European Union - 28 countries (2013-2020);2006;1966.8
3897;T;Total;European Union - 28 countries (2013-2020);2007;2174.3
3898;T;Total;European Union - 28 countries (2013-2020);2008;2182.8
3899;T;Total;European Union - 28 countries (2013-2020);2009;2233.7
3900;T;Total;European Union - 28 countries (2013-2020);2010;2195.7
3901;T;Total;European Union - 28 countries (2013-2020);2011;2236.9
3902;T;Total;European Union - 28 countries (2013-2020);2012;2161.4
3903;T;Total;European Union - 28 countries (2013-2020);2013;2262.0
3905;T;Total;European Union - 28 countries (2013-2020);2015;2477.5
3906;T;Total;European Union - 28 countries (2013-2020);2016;2690.4
3907;T;Total;European Union - 28 countries (2013-2020);2017;2682.6
3908;T;Total;European Union - 28 countries (2013-2020);2018;2841.8
3909;T;Total;European Union - 28 countries (2013-2020);2019;2945.8
3910;T;Total;Finland;2004;19.3
3912;T;Total;Finland;2006;22.2
3915;T;Total;Finland;2009;31.3
3916;T;Total;Finland;2010;29.0
3917;T;Total;Finland;2011;28.1
3918;T;Total;Finland;2012;23.8
3919;T;Total;Finland;2013;29.6
3921;T;Total;Finland;2015;31.4
3922;T;Total;Finland;2016;58.0
3923;T;Total;Finland;2017;58.5
3924;T;Total;Finland;2018;59.6
3925;T;Total;Finland;2019;55.9
3926;T;Total;Finland;2020;62.1
3928;T;Total;Finland;2022;66.2
3929;T;Total;Finland;2023;61.8
3930;T;Total;France;2004;159.2
3933;T;Total;France;2007;201.2
3934;T;Total;France;2008;201.7
3935;T;Total;France;2009;220.2
3936;T;Total;France;2010;227.5
3937;T;Total;France;2011;242.5
3938;T;Total;France;2012;222.8
3941;T;Total;France;2015;268.0
3942;T;Total;France;2016;277.3
3943;T;Total;France;2017;277.5
3944;T;Total;France;2018;294.4
3945;T;Total;France;2019;317.6
3946;T;Total;France;2020;362.8
3957;T;Total;Croatia;2011;11.0
3958;T;Total;Croatia;2012;11.9
3959;T;Total;Croatia;2013;11.4
3961;T;Total;Croatia;2015;14.1
3962;T;Total;Croatia;2016;18.1
3963;T;Total;Croatia;2017;18.0
3964;T;Total;Croatia;2018;23.2
3966;T;Total;Croatia;2020;25.0
3968;T;Total;Croatia;2022;23.9
3969;T;Total;Croatia;2023;23.2
3970;T;Total;Hungary;2004;36.2
3972;T;Total;Hungary;2006;43.1
3973;T;Total;Hungary;2007;49.0
3974;T;Total;Hungary;2008;54.1
3975;T;Total;Hungary;2009;51.0
3976;T;Total;Hungary;2010;55.6
3977;T;Total;Hungary;2011;57.1
3978;T;Total;Hungary;2012;64.4
3979;T;Total;Hungary;2013;66.1
3981;T;Total;Hungary;2015;76.4
3982;T;Total;Hungary;2016;81.8
3983;T;Total;Hungary;2017;68.4
3984;T;Total;Hungary;2018;79.2
3985;T;Total;Hungary;2019;72.4
3986;T;Total;Hungary;2020;75.1
3988;T;Total;Hungary;2022;74.6
3989;T;Total;Hungary;2023;69.3
3990;T;Total;Ireland;2004;43.1
3992;T;Total;Ireland;2006;9.4
3994;T;Total;Ireland;2008;36.6
3995;T;Total;Ireland;2009;33.7
3996;T;Total;Ireland;2010;30.8
3997;T;Total;Ireland;2011;30.8
3998;T;Total;Ireland;2012;31.3
3999;T;Total;Ireland;2013;32.7
4001;T;Total;Ireland;2015;30.0
4002;T;Total;Ireland;2016;20.2
4004;T;Total;Ireland;2018;56.0
4005;T;Total;Ireland;2019;57.2
4006;T;Total;Ireland;2020;68.4
4008;T;Total;Ireland;2022;73.7
4009;T;Total;Ireland;2023;80.6
4014;T;Total;Iceland;2008;1.4
4015;T;Total;Iceland;2009;1.8
4016;T;Total;Iceland;2010;2.0
4017;T;Total;Iceland;2011;1.8
4018;T;Total;Iceland;2012;1.7
4019;T;Total;Iceland;2013;2.0
4021;T;Total;Iceland;2015;1.9
4022;T;Total;Iceland;2016;2.1
4023;T;Total;Iceland;2017;3.1
4024;T;Total;Iceland;2018;2.6
4025;T;Total;Iceland;2019;2.6
4031;T;Total;Italy;2006;173.2
4032;T;Total;Italy;2007;175.6
4033;T;Total;Italy;2008;179.2
4034;T;Total;Italy;2009;174.8
4035;T;Total;Italy;2010;154.9
4036;T;Total;Italy;2011;151.5
4037;T;Total;Italy;2012;155.4
4038;T;Total;Italy;2013;147.2
4040;T;Total;Italy;2015;143.1
4041;T;Total;Italy;2016;129.0
4042;T;Total;Italy;2017;138.6
4044;T;Total;Italy;2019;147.2
4045;T;Total;Italy;2020;146.5
4047;T;Total;Italy;2022;159.2
4048;T;Total;Italy;2023;180.0
4054;T;Total;Lithuania;2009;10.7
4055;T;Total;Lithuania;2010;12.5
4056;T;Total;Lithuania;2011;12.7
4057;T;Total;Lithuania;2012;10.5
4058;T;Total;Lithuania;2013;11.8
4060;T;Total;Lithuania;2015;16.8
4061;T;Total;Lithuania;2016;16.4
4062;T;Total;Lithuania;2017;17.5
4063;T;Total;Lithuania;2018;18.6
4064;T;Total;Lithuania;2019;23.7
4065;T;Total;Lithuania;2020;27.8
4067;T;Total;Lithuania;2022;27.3
4068;T;Total;Lithuania;2023;26.2
4069;T;Total;Luxembourg;2004;1.7
4071;T;Total;Luxembourg;2006;1.8
4073;T;Total;Luxembourg;2008;2.2
4075;T;Total;Luxembourg;2010;3.2
4076;T;Total;Luxembourg;2011;2.7
4077;T;Total;Luxembourg;2012;3.5
4078;T;Total;Luxembourg;2013;3.5
4081;T;Total;Luxembourg;2016;3.0
4082;T;Total;Luxembourg;2017;5.4
4083;T;Total;Luxembourg;2018;5.1
4084;T;Total;Luxembourg;2019;7.3
4085;T;Total;Luxembourg;2020;7.2
4087;T;Total;Luxembourg;2022;8.7
4088;T;Total;Luxembourg;2023;9.5
4091;T;Total;Latvia;2006;6.0
4092;T;Total;Latvia;2007;6.7
4093;T;Total;Latvia;2008;6.7
4094;T;Total;Latvia;2009;3.9
4095;T;Total;Latvia;2010;5.3
4096;T;Total;Latvia;2011;6.9
4097;T;Total;Latvia;2012;5.6
4098;T;Total;Latvia;2013;5.8
4100;T;Total;Latvia;2015;7.6
4101;T;Total;Latvia;2016;10.2
4102;T;Total;Latvia;2017;13.8
4103;T;Total;Latvia;2018;8.9
4104;T;Total;Latvia;2019;14.4
4105;T;Total;Latvia;2020;12.1
4107;T;Total;Latvia;2022;14.8
4108;T;Total;Latvia;2023;15.7
4109;T;Total;Montenegro;2011;2.1
4110;T;Total;Montenegro;2012;2.5
4111;T;Total;Montenegro;2013;1.9
4113;T;Total;Montenegro;2015;3.1
4114;T;Total;Montenegro;2016;2.1
4115;T;Total;Montenegro;2017;2.6
4116;T;Total;Montenegro;2018;3.0
4117;T;Total;Montenegro;2019;2.6
4118;T;Total;Montenegro;2020;2.4
4119;T;Total;North Macedonia;2006;2.3
4120;T;Total;North Macedonia;2007;1.7
4121;T;Total;North Macedonia;2008;2.0
4122;T;Total;North Macedonia;2009;2.4
4123;T;Total;North Macedonia;2010;2.8
4124;T;Total;North Macedonia;2011;2.3
4125;T;Total;North Macedonia;2012;2.5
4126;T;Total;North Macedonia;2013;4.1
4128;T;Total;North Macedonia;2015;4.9
4129;T;Total;North Macedonia;2016;8.8
4130;T;Total;North Macedonia;2017;8.4
4131;T;Total;North Macedonia;2018;9.6
4132;T;Total;North Macedonia;2019;12.2
4133;T;Total;North Macedonia;2020;14.9
4136;T;Total;Malta;2006;1.6
4137;T;Total;Malta;2007;2.5
4138;T;Total;Malta;2008;2.8
4139;T;Total;Malta;2009;2.0
4140;T;Total;Malta;2010;2.5
4142;T;Total;Malta;2012;4.4
4143;T;Total;Malta;2013;4.6
4145;T;Total;Malta;2015;5.3
4146;T;Total;Malta;2016;6.6
4147;T;Total;Malta;2017;8.0
4148;T;Total;Malta;2018;8.1
4149;T;Total;Malta;2019;7.4
4150;T;Total;Malta;2020;8.3
4152;T;Total;Malta;2022;8.4
4153;T;Total;Malta;2023;11.2
4154;T;Total;Netherlands;2004;59.6
4157;T;Total;Netherlands;2007;73.4
4158;T;Total;Netherlands;2008;85.5
4159;T;Total;Netherlands;2009;85.4
4160;T;Total;Netherlands;2010;92.1
4161;T;Total;Netherlands;2011;92.3
4162;T;Total;Netherlands;2012;89.2
4165;T;Total;Netherlands;2015;126.3
4166;T;Total;Netherlands;2016;110.4
4167;T;Total;Netherlands;2017;104.8
4168;T;Total;Netherlands;2018;118.4
4170;T;Total;Netherlands;2020;131.8
4172;T;Total;Netherlands;2022;158.7
4173;T;Total;Netherlands;2023;147.4
4185;T;Total;Norway;2015;23.7
4186;T;Total;Norway;2016;28.3
4187;T;Total;Norway;2017;27.7
4188;T;Total;Norway;2018;29.4
4189;T;Total;Norway;2019;30.6
4190;T;Total;Norway;2020;30.8
4192;T;Total;Norway;2022;33.1
4193;T;Total;Norway;2023;41.4
4196;T;Total;Poland;2006;164.7
4197;T;Total;Poland;2007;187.5
4198;T;Total;Poland;2008;211.4
4199;T;Total;Poland;2009;240.0
4201;T;Total;Poland;2011;236.3
4202;T;Total;Poland;2012;256.8
4203;T;Total;Poland;2013;268.4
4205;T;Total;Poland;2015;308.7
4206;T;Total;Poland;2016;317.4
4207;T;Total;Poland;2017;314.3
4208;T;Total;Poland;2018;323.0
4210;T;Total;Poland;2020;338.8
4212;T;Total;Poland;2022;370.4
4213;T;Total;Poland;2023;361.8
4216;T;Total;Portugal;2006;47.4
4217;T;Total;Portugal;2007;55.7
4218;T;Total;Portugal;2008;50.3
4219;T;Total;Portugal;2009;53.7
4220;T;Total;Portugal;2010;49.8
4222;T;Total;Portugal;2012;37.1
4223;T;Total;Portugal;2013;39.8
4225;T;Total;Portugal;2015;48.9
4226;T;Total;Portugal;2016;49.5
4227;T;Total;Portugal;2017;47.3
4228;T;Total;Portugal;2018;57.4
4229;T;Total;Portugal;2019;56.9
4230;T;Total;Portugal;2020;66.0
4232;T;Total;Portugal;2022;59.4
4233;T;Total;Portugal;2023;71.9
4234;T;Total;Romania;2004;61.5
4236;T;Total;Romania;2006;84.5
4237;T;Total;Romania;2007;91.8
4238;T;Total;Romania;2008;104.2
4239;T;Total;Romania;2009;83.5
4241;T;Total;Romania;2011;70.7
4242;T;Total;Romania;2012;72.4
4243;T;Total;Romania;2013;77.6
4245;T;Total;Romania;2015;64.1
4246;T;Total;Romania;2016;63.5
4247;T;Total;Romania;2017;64.1
4248;T;Total;Romania;2018;68.9
4249;T;Total;Romania;2019;68.1
4250;T;Total;Romania;2020;80.3
4252;T;Total;Romania;2022;97.1
4253;T;Total;Romania;2023;85.6
4255;T;Total;Serbia;2011;7.9
4256;T;Total;Serbia;2012;11.0
4257;T;Total;Serbia;2013;9.2
4259;T;Total;Serbia;2015;16.4
4260;T;Total;Serbia;2016;25.6
4261;T;Total;Serbia;2017;22.2
4262;T;Total;Serbia;2018;21.3
4263;T;Total;Serbia;2019;26.7
4264;T;Total;Serbia;2020;27.4
4266;T;Total;Serbia;2022;27.2
4267;T;Total;Serbia;2023;35.7
4268;T;Total;Sweden;2004;19.0
4271;T;Total;Sweden;2007;37.6
4272;T;Total;Sweden;2008;35.8
4273;T;Total;Sweden;2009;36.0
4274;T;Total;Sweden;2010;38.9
4275;T;Total;Sweden;2011;41.7
4276;T;Total;Sweden;2012;42.7
4277;T;Total;Sweden;2013;44.5
4279;T;Total;Sweden;2015;49.1
4280;T;Total;Sweden;2016;52.5
4281;T;Total;Sweden;2017;56.4
4283;T;Total;Sweden;2019;54.3
4284;T;Total;Sweden;2020;58.7
4286;T;Total;Sweden;2022;63.5
4287;T;Total;Sweden;2023;73.9
4296;T;Total;Slovenia;2012;4.5
4297;T;Total;Slovenia;2013;4.0
4299;T;Total;Slovenia;2015;8.5
4300;T;Total;Slovenia;2016;7.9
4301;T;Total;Slovenia;2017;11.6
4302;T;Total;Slovenia;2018;13.6
4303;T;Total;Slovenia;2019;12.9
4304;T;Total;Slovenia;2020;12.9
4306;T;Total;Slovenia;2022;16.1
4308;T;Total;Slovakia;2004;5.3
4310;T;Total;Slovakia;2006;5.4
4311;T;Total;Slovakia;2007;6.2
4312;T;Total;Slovakia;2008;6.1
4313;T;Total;Slovakia;2009;10.6
4314;T;Total;Slovakia;2010;13.6
4316;T;Total;Slovakia;2012;11.3
4317;T;Total;Slovakia;2013;14.9
4319;T;Total;Slovakia;2015;19.2
4320;T;Total;Slovakia;2016;25.4
4321;T;Total;Slovakia;2017;27.7
4322;T;Total;Slovakia;2018;28.9
4323;T;Total;Slovakia;2019;28.5
4324;T;Total;Slovakia;2020;30.7
4326;T;Total;Slovakia;2022;37.9
4327;T;Total;Slovakia;2023;32.8
4331;T;Total;Türkiye;2009;92.8
4332;T;Total;Türkiye;2010;102.5
4333;T;Total;Türkiye;2011;119.5
4334;T;Total;Türkiye;2012;152.2
4335;T;Total;Türkiye;2013;177.1
4337;T;Total;Türkiye;2015;170.2
4338;T;Total;Türkiye;2016;184.9
4339;T;Total;Türkiye;2017;196.0
4340;T;Total;Türkiye;2018;181.7
4341;T;Total;Türkiye;2019;185.3
4342;T;Total;Türkiye;2020;182.5
4344;T;Total;Türkiye;2022;225.0
4345;T;Total;Türkiye;2023;246.0
4348;T;Total;United Kingdom;2006;404.1
4351;T;Total;United Kingdom;2009;389.4
4354;T;Total;United Kingdom;2012;292.9
4355;T;Total;United Kingdom;2013;290.8
4357;T;Total;United Kingdom;2015;318.6
4358;T;Total;United Kingdom;2016;352.9
4359;T;Total;United Kingdom;2017;316.9
4360;T;Total;United Kingdom;2018;315.4
4361;T;Total;United Kingdom;2019;325.1
