DATAFLOW,LAST UPDATE,freq,indic_is,unit,ind_type,geo,TIME_PERIOD,OBS_VALUE,OBS_FLAG,CONF_STATUS
ESTAT:ISOC_CI_IFP_IU(1.0),17/12/24 11:00:00,Annual,Internet use: never,Percentage of individuals,All individuals,Albania,2018,32.70,,
ESTAT:ISOC_CI_IFP_IU(1.0),17/12/24 11:00:00,Annual,Internet use: never,Percentage of individuals,All individuals,Albania,2019,26.63,,
ESTAT:ISOC_CI_IFP_IU(1.0),17/12/24 11:00:00,Annual,Internet use: never,Percentage of individuals,All individuals,Albania,2020,21.22,,
ESTAT:ISOC_CI_IFP_IU(1.0),17/12/24 11:00:00,Annual,Internet use: never,Percentage of individuals,All individuals,Albania,2021,16.27,,
ESTAT:ISOC_CI_IFP_IU(1.0),17/12/24 11:00:00,Annual,Internet use: never,Percentage of individuals,All individuals,Albania,2022,12.15,,
ESTAT:ISOC_CI_IFP_IU(1.0),17/12/24 11:00:00,Annual,Internet use: never,Percentage of individuals,All individuals,Albania,2023,11.36,,
ESTAT:ISOC_CI_IFP_IU(1.0),17/12/24 11:00:00,Annual,Internet use: never,Percentage of individuals,All individuals,Austria,2005,39.96,,
ESTAT:ISOC_CI_IFP_IU(1.0),17/12/24 11:00:00,Annual,Internet use: never,Percentage of individuals,All individuals,Austria,2006,33.84,,
ESTAT:ISOC_CI_IFP_IU(1.0),17/12/24 11:00:00,Annual,Internet use: never,Percentage of individuals,All individuals,Austria,2007,28.09,,
ESTAT:ISOC_CI_IFP_IU(1.0),17/12/24 11:00:00,Annual,Internet use: never,Percentage of individuals,All individuals,Austria,2008,24.82,,
ESTAT:ISOC_CI_IFP_IU(1.0),17/12/24 11:00:00,Annual,Internet use: never,Percentage of individuals,All individuals,Austria,2009,25.09,,
ESTAT:ISOC_CI_IFP_IU(1.0),17/12/24 11:00:00,Annual,Internet use: never,Percentage of individuals,All individuals,Austria,2010,23.14,,
ESTAT:ISOC_CI_IFP_IU(1.0),17/12/24 11:00:00,Annual,Internet use: never,Percentage of individuals,All individuals,Austria,2011,18.49,,
ESTAT:ISOC_CI_IFP_IU(1.0),17/12/24 11:00:00,Annual,Internet use: never,Percentage of individuals,All individuals,Austria,2012,17.46,,
ESTAT:ISOC_CI_IFP_IU(1.0),17/12/24 11:00:00,Annual,Internet use: never,Percentage of individuals,All individuals,Austria,2013,15.93,,
ESTAT:ISOC_CI_IFP_IU(1.0),17/12/24 11:00:00,Annual,Internet use: never,Percentage of individuals,All individuals,Austria,2014,15.12,,
ESTAT:ISOC_CI_IFP_IU(1.0),17/12/24 11:00:00,Annual,Internet use: never,Percentage of individuals,All individuals,Austria,2015,13.43,,
ESTAT:ISOC_CI_IFP_IU(1.0),17/12/24 11:00:00,Annual,Internet use: never,Percentage of individuals,All individuals,Austria,2016,12.99,,
ESTAT:ISOC_CI_IFP_IU(1.0),17/12/24 11:00:00,Annual,Internet use: never,Percentage of individuals,All individuals,Austria,2017,9.63,,
ESTAT:ISOC_CI_IFP_IU(1.0),17/12/24 11:00:00,Annual,Internet use: never,Percentage of individuals,All individuals,Austria,2018,9.90,,
ESTAT:ISOC_CI_IFP_IU(1.0),17/12/24 11:00:00,Annual,Internet use: never,Percentage of individuals,All individuals,Austria,2019,9.94,,
ESTAT:ISOC_CI_IFP_IU(1.0),17/12/24 11:00:00,Annual,Internet use: never,Percentage of individuals,All individuals,Austria,2020,7.99,,
ESTAT:ISOC_CI_IFP_IU(1.0),17/12/24 11:00:00,Annual,Internet use: never,Percentage of individuals,All individuals,Austria,2021,5.92,,
ESTAT:ISOC_CI_IFP_IU(1.0),17/12/24 11:00:00,Annual,Internet use: never,Percentage of individuals,All individuals,Austria,2022,4.84,,
ESTAT:ISOC_CI_IFP_IU(1.0),17/12/24 11:00:00,Annual,Internet use: never,Percentage of individuals,All individuals,Austria,2023,3.66,,
ESTAT:ISOC_CI_IFP_IU(1.0),17/12/24 11:00:00,Annual,Internet use: never,Percentage of individuals,All individuals,Austria,2024,3.84,,
ESTAT:ISOC_CI_IFP_IU(1.0),17/12/24 11:00:00,Annual,Internet use: never,Percentage of individuals,All individuals,Bosnia and Herzegovina,2018,24.22,,
ESTAT:ISOC_CI_IFP_IU(1.0),17/12/24 11:00:00,Annual,Internet use: never,Percentage of individuals,All individuals,Bosnia and Herzegovina,2019,26.18,,
ESTAT:ISOC_CI_IFP_IU(1.0),17/12/24 11:00:00,Annual,Internet use: never,Percentage of individuals,All individuals,Bosnia and Herzegovina,2020,23.10,,
ESTAT:ISOC_CI_IFP_IU(1.0),17/12/24 11:00:00,Annual,Internet use: never,Percentage of individuals,All individuals,Bosnia and Herzegovina,2021,20.31,,
ESTAT:ISOC_CI_IFP_IU(1.0),17/12/24 11:00:00,Annual,Internet use: never,Percentage of individuals,All individuals,Bosnia and Herzegovina,2023,14.28,,
ESTAT:ISOC_CI_IFP_IU(1.0),17/12/24 11:00:00,Annual,Internet use: never,Percentage of individuals,All individuals,Bosnia and Herzegovina,2024,12.01,,
ESTAT:ISOC_CI_IFP_IU(1.0),17/12/24 11:00:00,Annual,Internet use: never,Percentage of individuals,All individuals,Belgium,2005,38.66,,
ESTAT:ISOC_CI_IFP_IU(1.0),17/12/24 11:00:00,Annual,Internet use: never,Percentage of individuals,All individuals,Belgium,2006,33.74,,
ESTAT:ISOC_CI_IFP_IU(1.0),17/12/24 11:00:00,Annual,Internet use: never,Percentage of individuals,All individuals,Belgium,2007,28.53,,
ESTAT:ISOC_CI_IFP_IU(1.0),17/12/24 11:00:00,Annual,Internet use: never,Percentage of individuals,All individuals,Belgium,2008,26.48,,
ESTAT:ISOC_CI_IFP_IU(1.0),17/12/24 11:00:00,Annual,Internet use: never,Percentage of individuals,All individuals,Belgium,2009,20.32,,
ESTAT:ISOC_CI_IFP_IU(1.0),17/12/24 11:00:00,Annual,Internet use: never,Percentage of individuals,All individuals,Belgium,2010,17.55,,
ESTAT:ISOC_CI_IFP_IU(1.0),17/12/24 11:00:00,Annual,Internet use: never,Percentage of individuals,All individuals,Belgium,2011,14.11,,
ESTAT:ISOC_CI_IFP_IU(1.0),17/12/24 11:00:00,Annual,Internet use: never,Percentage of individuals,All individuals,Belgium,2012,15.37,,
ESTAT:ISOC_CI_IFP_IU(1.0),17/12/24 11:00:00,Annual,Internet use: never,Percentage of individuals,All individuals,Belgium,2013,15.12,,
ESTAT:ISOC_CI_IFP_IU(1.0),17/12/24 11:00:00,Annual,Internet use: never,Percentage of individuals,All individuals,Belgium,2014,12.92,,
ESTAT:ISOC_CI_IFP_IU(1.0),17/12/24 11:00:00,Annual,Internet use: never,Percentage of individuals,All individuals,Belgium,2015,12.64,,
ESTAT:ISOC_CI_IFP_IU(1.0),17/12/24 11:00:00,Annual,Internet use: never,Percentage of individuals,All individuals,Belgium,2016,11.23,,
ESTAT:ISOC_CI_IFP_IU(1.0),17/12/24 11:00:00,Annual,Internet use: never,Percentage of individuals,All individuals,Belgium,2017,9.84,,
ESTAT:ISOC_CI_IFP_IU(1.0),17/12/24 11:00:00,Annual,Internet use: never,Percentage of individuals,All individuals,Belgium,2018,8.62,,
ESTAT:ISOC_CI_IFP_IU(1.0),17/12/24 11:00:00,Annual,Internet use: never,Percentage of individuals,All individuals,Belgium,2019,6.94,,
ESTAT:ISOC_CI_IFP_IU(1.0),17/12/24 11:00:00,Annual,Internet use: never,Percentage of individuals,All individuals,Belgium,2020,5.86,,
ESTAT:ISOC_CI_IFP_IU(1.0),17/12/24 11:00:00,Annual,Internet use: never,Percentage of individuals,All individuals,Belgium,2021,4.55,,
ESTAT:ISOC_CI_IFP_IU(1.0),17/12/24 11:00:00,Annual,Internet use: never,Percentage of individuals,All individuals,Belgium,2022,3.70,,
ESTAT:ISOC_CI_IFP_IU(1.0),17/12/24 11:00:00,Annual,Internet use: never,Percentage of individuals,All individuals,Belgium,2023,3.24,,
ESTAT:ISOC_CI_IFP_IU(1.0),17/12/24 11:00:00,Annual,Internet use: never,Percentage of individuals,All individuals,Belgium,2024,2.81,,
ESTAT:ISOC_CI_IFP_IU(1.0),17/12/24 11:00:00,Annual,Internet use: never,Percentage of individuals,All individuals,Bulgaria,2006,70.65,,
ESTAT:ISOC_CI_IFP_IU(1.0),17/12/24 11:00:00,Annual,Internet use: never,Percentage of individuals,All individuals,Bulgaria,2007,64.55,,
ESTAT:ISOC_CI_IFP_IU(1.0),17/12/24 11:00:00,Annual,Internet use: never,Percentage of individuals,All individuals,Bulgaria,2008,57.03,,
ESTAT:ISOC_CI_IFP_IU(1.0),17/12/24 11:00:00,Annual,Internet use: never,Percentage of individuals,All individuals,Bulgaria,2009,52.93,,
ESTAT:ISOC_CI_IFP_IU(1.0),17/12/24 11:00:00,Annual,Internet use: never,Percentage of individuals,All individuals,Bulgaria,2010,51.23,,
ESTAT:ISOC_CI_IFP_IU(1.0),17/12/24 11:00:00,Annual,Internet use: never,Percentage of individuals,All individuals,Bulgaria,2011,45.81,,
ESTAT:ISOC_CI_IFP_IU(1.0),17/12/24 11:00:00,Annual,Internet use: never,Percentage of individuals,All individuals,Bulgaria,2012,42.03,,
ESTAT:ISOC_CI_IFP_IU(1.0),17/12/24 11:00:00,Annual,Internet use: never,Percentage of individuals,All individuals,Bulgaria,2013,40.59,,
ESTAT:ISOC_CI_IFP_IU(1.0),17/12/24 11:00:00,Annual,Internet use: never,Percentage of individuals,All individuals,Bulgaria,2014,37.07,,
ESTAT:ISOC_CI_IFP_IU(1.0),17/12/24 11:00:00,Annual,Internet use: never,Percentage of individuals,All individuals,Bulgaria,2015,34.72,,
ESTAT:ISOC_CI_IFP_IU(1.0),17/12/24 11:00:00,Annual,Internet use: never,Percentage of individuals,All individuals,Bulgaria,2016,33.32,,
ESTAT:ISOC_CI_IFP_IU(1.0),17/12/24 11:00:00,Annual,Internet use: never,Percentage of individuals,All individuals,Bulgaria,2017,30.29,,
ESTAT:ISOC_CI_IFP_IU(1.0),17/12/24 11:00:00,Annual,Internet use: never,Percentage of individuals,All individuals,Bulgaria,2018,26.68,,
ESTAT:ISOC_CI_IFP_IU(1.0),17/12/24 11:00:00,Annual,Internet use: never,Percentage of individuals,All individuals,Bulgaria,2019,24.49,,
ESTAT:ISOC_CI_IFP_IU(1.0),17/12/24 11:00:00,Annual,Internet use: never,Percentage of individuals,All individuals,Bulgaria,2020,20.89,,
ESTAT:ISOC_CI_IFP_IU(1.0),17/12/24 11:00:00,Annual,Internet use: never,Percentage of individuals,All individuals,Bulgaria,2021,17.02,,
ESTAT:ISOC_CI_IFP_IU(1.0),17/12/24 11:00:00,Annual,Internet use: never,Percentage of individuals,All individuals,Bulgaria,2022,12.76,,
ESTAT:ISOC_CI_IFP_IU(1.0),17/12/24 11:00:00,Annual,Internet use: never,Percentage of individuals,All individuals,Bulgaria,2023,11.82,,
ESTAT:ISOC_CI_IFP_IU(1.0),17/12/24 11:00:00,Annual,Internet use: never,Percentage of individuals,All individuals,Bulgaria,2024,9.32,,
ESTAT:ISOC_CI_IFP_IU(1.0),17/12/24 11:00:00,Annual,Internet use: never,Percentage of individuals,All individuals,Switzerland,2014,8.27,,
ESTAT:ISOC_CI_IFP_IU(1.0),17/12/24 11:00:00,Annual,Internet use: never,Percentage of individuals,All individuals,Switzerland,2017,4.35,b,
ESTAT:ISOC_CI_IFP_IU(1.0),17/12/24 11:00:00,Annual,Internet use: never,Percentage of individuals,All individuals,Switzerland,2019,2.55,,
ESTAT:ISOC_CI_IFP_IU(1.0),17/12/24 11:00:00,Annual,Internet use: never,Percentage of individuals,All individuals,Switzerland,2021,1.42,,
ESTAT:ISOC_CI_IFP_IU(1.0),17/12/24 11:00:00,Annual,Internet use: never,Percentage of individuals,All individuals,Switzerland,2023,0.65,,
ESTAT:ISOC_CI_IFP_IU(1.0),17/12/24 11:00:00,Annual,Internet use: never,Percentage of individuals,All individuals,Cyprus,2005,64.18,,
ESTAT:ISOC_CI_IFP_IU(1.0),17/12/24 11:00:00,Annual,Internet use: never,Percentage of individuals,All individuals,Cyprus,2006,61.53,,
ESTAT:ISOC_CI_IFP_IU(1.0),17/12/24 11:00:00,Annual,Internet use: never,Percentage of individuals,All individuals,Cyprus,2007,56.42,,
ESTAT:ISOC_CI_IFP_IU(1.0),17/12/24 11:00:00,Annual,Internet use: never,Percentage of individuals,All individuals,Cyprus,2008,54.31,,
ESTAT:ISOC_CI_IFP_IU(1.0),17/12/24 11:00:00,Annual,Internet use: never,Percentage of individuals,All individuals,Cyprus,2009,48.00,,
ESTAT:ISOC_CI_IFP_IU(1.0),17/12/24 11:00:00,Annual,Internet use: never,Percentage of individuals,All individuals,Cyprus,2010,44.95,,
ESTAT:ISOC_CI_IFP_IU(1.0),17/12/24 11:00:00,Annual,Internet use: never,Percentage of individuals,All individuals,Cyprus,2011,40.72,,
ESTAT:ISOC_CI_IFP_IU(1.0),17/12/24 11:00:00,Annual,Internet use: never,Percentage of individuals,All individuals,Cyprus,2012,36.33,,
ESTAT:ISOC_CI_IFP_IU(1.0),17/12/24 11:00:00,Annual,Internet use: never,Percentage of individuals,All individuals,Cyprus,2013,32.49,,
ESTAT:ISOC_CI_IFP_IU(1.0),17/12/24 11:00:00,Annual,Internet use: never,Percentage of individuals,All individuals,Cyprus,2014,27.97,,
ESTAT:ISOC_CI_IFP_IU(1.0),17/12/24 11:00:00,Annual,Internet use: never,Percentage of individuals,All individuals,Cyprus,2015,26.00,,
ESTAT:ISOC_CI_IFP_IU(1.0),17/12/24 11:00:00,Annual,Internet use: never,Percentage of individuals,All individuals,Cyprus,2016,23.20,,
ESTAT:ISOC_CI_IFP_IU(1.0),17/12/24 11:00:00,Annual,Internet use: never,Percentage of individuals,All individuals,Cyprus,2017,17.79,,
ESTAT:ISOC_CI_IFP_IU(1.0),17/12/24 11:00:00,Annual,Internet use: never,Percentage of individuals,All individuals,Cyprus,2018,14.70,,
ESTAT:ISOC_CI_IFP_IU(1.0),17/12/24 11:00:00,Annual,Internet use: never,Percentage of individuals,All individuals,Cyprus,2019,13.41,,
ESTAT:ISOC_CI_IFP_IU(1.0),17/12/24 11:00:00,Annual,Internet use: never,Percentage of individuals,All individuals,Cyprus,2020,8.85,,
ESTAT:ISOC_CI_IFP_IU(1.0),17/12/24 11:00:00,Annual,Internet use: never,Percentage of individuals,All individuals,Cyprus,2021,8.72,,
ESTAT:ISOC_CI_IFP_IU(1.0),17/12/24 11:00:00,Annual,Internet use: never,Percentage of individuals,All individuals,Cyprus,2022,8.15,,
ESTAT:ISOC_CI_IFP_IU(1.0),17/12/24 11:00:00,Annual,Internet use: never,Percentage of individuals,All individuals,Cyprus,2023,8.41,,
ESTAT:ISOC_CI_IFP_IU(1.0),17/12/24 11:00:00,Annual,Internet use: never,Percentage of individuals,All individuals,Cyprus,2024,5.17,,
ESTAT:ISOC_CI_IFP_IU(1.0),17/12/24 11:00:00,Annual,Internet use: never,Percentage of individuals,All individuals,Czechia,2005,62.70,,
ESTAT:ISOC_CI_IFP_IU(1.0),17/12/24 11:00:00,Annual,Internet use: never,Percentage of individuals,All individuals,Czechia,2006,49.10,,
ESTAT:ISOC_CI_IFP_IU(1.0),17/12/24 11:00:00,Annual,Internet use: never,Percentage of individuals,All individuals,Czechia,2007,45.51,,
ESTAT:ISOC_CI_IFP_IU(1.0),17/12/24 11:00:00,Annual,Internet use: never,Percentage of individuals,All individuals,Czechia,2008,32.91,,
ESTAT:ISOC_CI_IFP_IU(1.0),17/12/24 11:00:00,Annual,Internet use: never,Percentage of individuals,All individuals,Czechia,2009,32.62,,
ESTAT:ISOC_CI_IFP_IU(1.0),17/12/24 11:00:00,Annual,Internet use: never,Percentage of individuals,All individuals,Czechia,2010,27.66,,
ESTAT:ISOC_CI_IFP_IU(1.0),17/12/24 11:00:00,Annual,Internet use: never,Percentage of individuals,All individuals,Czechia,2011,23.83,,
ESTAT:ISOC_CI_IFP_IU(1.0),17/12/24 11:00:00,Annual,Internet use: never,Percentage of individuals,All individuals,Czechia,2012,18.24,,
ESTAT:ISOC_CI_IFP_IU(1.0),17/12/24 11:00:00,Annual,Internet use: never,Percentage of individuals,All individuals,Czechia,2013,17.40,,
ESTAT:ISOC_CI_IFP_IU(1.0),17/12/24 11:00:00,Annual,Internet use: never,Percentage of individuals,All individuals,Czechia,2014,15.69,,
ESTAT:ISOC_CI_IFP_IU(1.0),17/12/24 11:00:00,Annual,Internet use: never,Percentage of individuals,All individuals,Czechia,2015,13.37,,
ESTAT:ISOC_CI_IFP_IU(1.0),17/12/24 11:00:00,Annual,Internet use: never,Percentage of individuals,All individuals,Czechia,2016,13.15,,
ESTAT:ISOC_CI_IFP_IU(1.0),17/12/24 11:00:00,Annual,Internet use: never,Percentage of individuals,All individuals,Czechia,2017,11.13,,
ESTAT:ISOC_CI_IFP_IU(1.0),17/12/24 11:00:00,Annual,Internet use: never,Percentage of individuals,All individuals,Czechia,2018,9.72,,
ESTAT:ISOC_CI_IFP_IU(1.0),17/12/24 11:00:00,Annual,Internet use: never,Percentage of individuals,All individuals,Czechia,2019,9.28,,
ESTAT:ISOC_CI_IFP_IU(1.0),17/12/24 11:00:00,Annual,Internet use: never,Percentage of individuals,All individuals,Czechia,2020,7.92,,
ESTAT:ISOC_CI_IFP_IU(1.0),17/12/24 11:00:00,Annual,Internet use: never,Percentage of individuals,All individuals,Czechia,2021,7.25,,
ESTAT:ISOC_CI_IFP_IU(1.0),17/12/24 11:00:00,Annual,Internet use: never,Percentage of individuals,All individuals,Czechia,2022,5.73,,
ESTAT:ISOC_CI_IFP_IU(1.0),17/12/24 11:00:00,Annual,Internet use: never,Percentage of individuals,All individuals,Czechia,2023,5.17,,
ESTAT:ISOC_CI_IFP_IU(1.0),17/12/24 11:00:00,Annual,Internet use: never,Percentage of individuals,All individuals,Czechia,2024,4.16,,
ESTAT:ISOC_CI_IFP_IU(1.0),17/12/24 11:00:00,Annual,Internet use: never,Percentage of individuals,All individuals,Germany,2005,28.84,,
ESTAT:ISOC_CI_IFP_IU(1.0),17/12/24 11:00:00,Annual,Internet use: never,Percentage of individuals,All individuals,Germany,2006,26.21,,
ESTAT:ISOC_CI_IFP_IU(1.0),17/12/24 11:00:00,Annual,Internet use: never,Percentage of individuals,All individuals,Germany,2007,23.19,,
ESTAT:ISOC_CI_IFP_IU(1.0),17/12/24 11:00:00,Annual,Internet use: never,Percentage of individuals,All individuals,Germany,2008,20.34,,
ESTAT:ISOC_CI_IFP_IU(1.0),17/12/24 11:00:00,Annual,Internet use: never,Percentage of individuals,All individuals,Germany,2009,19.23,,
ESTAT:ISOC_CI_IFP_IU(1.0),17/12/24 11:00:00,Annual,Internet use: never,Percentage of individuals,All individuals,Germany,2010,16.55,,
ESTAT:ISOC_CI_IFP_IU(1.0),17/12/24 11:00:00,Annual,Internet use: never,Percentage of individuals,All individuals,Germany,2011,15.84,,
ESTAT:ISOC_CI_IFP_IU(1.0),17/12/24 11:00:00,Annual,Internet use: never,Percentage of individuals,All individuals,Germany,2012,14.65,,
ESTAT:ISOC_CI_IFP_IU(1.0),17/12/24 11:00:00,Annual,Internet use: never,Percentage of individuals,All individuals,Germany,2013,12.99,,
ESTAT:ISOC_CI_IFP_IU(1.0),17/12/24 11:00:00,Annual,Internet use: never,Percentage of individuals,All individuals,Germany,2014,11.00,,
ESTAT:ISOC_CI_IFP_IU(1.0),17/12/24 11:00:00,Annual,Internet use: never,Percentage of individuals,All individuals,Germany,2015,9.68,,
ESTAT:ISOC_CI_IFP_IU(1.0),17/12/24 11:00:00,Annual,Internet use: never,Percentage of individuals,All individuals,Germany,2016,7.99,,
ESTAT:ISOC_CI_IFP_IU(1.0),17/12/24 11:00:00,Annual,Internet use: never,Percentage of individuals,All individuals,Germany,2017,7.37,,
ESTAT:ISOC_CI_IFP_IU(1.0),17/12/24 11:00:00,Annual,Internet use: never,Percentage of individuals,All individuals,Germany,2018,5.22,,
ESTAT:ISOC_CI_IFP_IU(1.0),17/12/24 11:00:00,Annual,Internet use: never,Percentage of individuals,All individuals,Germany,2019,4.65,,
ESTAT:ISOC_CI_IFP_IU(1.0),17/12/24 11:00:00,Annual,Internet use: never,Percentage of individuals,All individuals,Germany,2020,4.12,,
ESTAT:ISOC_CI_IFP_IU(1.0),17/12/24 11:00:00,Annual,Internet use: never,Percentage of individuals,All individuals,Germany,2021,6.19,b,
ESTAT:ISOC_CI_IFP_IU(1.0),17/12/24 11:00:00,Annual,Internet use: never,Percentage of individuals,All individuals,Germany,2022,5.52,,
ESTAT:ISOC_CI_IFP_IU(1.0),17/12/24 11:00:00,Annual,Internet use: never,Percentage of individuals,All individuals,Germany,2023,5.06,,
ESTAT:ISOC_CI_IFP_IU(1.0),17/12/24 11:00:00,Annual,Internet use: never,Percentage of individuals,All individuals,Germany,2024,4.44,,
ESTAT:ISOC_CI_IFP_IU(1.0),17/12/24 11:00:00,Annual,Internet use: never,Percentage of individuals,All individuals,Denmark,2005,14.36,,
ESTAT:ISOC_CI_IFP_IU(1.0),17/12/24 11:00:00,Annual,Internet use: never,Percentage of individuals,All individuals,Denmark,2006,10.46,,
ESTAT:ISOC_CI_IFP_IU(1.0),17/12/24 11:00:00,Annual,Internet use: never,Percentage of individuals,All individuals,Denmark,2007,12.27,,
ESTAT:ISOC_CI_IFP_IU(1.0),17/12/24 11:00:00,Annual,Internet use: never,Percentage of individuals,All individuals,Denmark,2008,12.47,,
ESTAT:ISOC_CI_IFP_IU(1.0),17/12/24 11:00:00,Annual,Internet use: never,Percentage of individuals,All individuals,Denmark,2009,11.45,,
ESTAT:ISOC_CI_IFP_IU(1.0),17/12/24 11:00:00,Annual,Internet use: never,Percentage of individuals,All individuals,Denmark,2010,9.34,,
ESTAT:ISOC_CI_IFP_IU(1.0),17/12/24 11:00:00,Annual,Internet use: never,Percentage of individuals,All individuals,Denmark,2011,7.24,,
ESTAT:ISOC_CI_IFP_IU(1.0),17/12/24 11:00:00,Annual,Internet use: never,Percentage of individuals,All individuals,Denmark,2012,5.81,,
ESTAT:ISOC_CI_IFP_IU(1.0),17/12/24 11:00:00,Annual,Internet use: never,Percentage of individuals,All individuals,Denmark,2013,3.54,,
ESTAT:ISOC_CI_IFP_IU(1.0),17/12/24 11:00:00,Annual,Internet use: never,Percentage of individuals,All individuals,Denmark,2014,2.62,,
ESTAT:ISOC_CI_IFP_IU(1.0),17/12/24 11:00:00,Annual,Internet use: never,Percentage of individuals,All individuals,Denmark,2015,2.79,,
ESTAT:ISOC_CI_IFP_IU(1.0),17/12/24 11:00:00,Annual,Internet use: never,Percentage of individuals,All individuals,Denmark,2016,2.44,,
ESTAT:ISOC_CI_IFP_IU(1.0),17/12/24 11:00:00,Annual,Internet use: never,Percentage of individuals,All individuals,Denmark,2017,2.03,,
ESTAT:ISOC_CI_IFP_IU(1.0),17/12/24 11:00:00,Annual,Internet use: never,Percentage of individuals,All individuals,Denmark,2018,1.67,,
ESTAT:ISOC_CI_IFP_IU(1.0),17/12/24 11:00:00,Annual,Internet use: never,Percentage of individuals,All individuals,Denmark,2019,1.86,,
ESTAT:ISOC_CI_IFP_IU(1.0),17/12/24 11:00:00,Annual,Internet use: never,Percentage of individuals,All individuals,Denmark,2020,0.91,,
ESTAT:ISOC_CI_IFP_IU(1.0),17/12/24 11:00:00,Annual,Internet use: never,Percentage of individuals,All individuals,Denmark,2021,0.69,,
ESTAT:ISOC_CI_IFP_IU(1.0),17/12/24 11:00:00,Annual,Internet use: never,Percentage of individuals,All individuals,Denmark,2022,1.48,,
ESTAT:ISOC_CI_IFP_IU(1.0),17/12/24 11:00:00,Annual,Internet use: never,Percentage of individuals,All individuals,Denmark,2023,0.53,,
ESTAT:ISOC_CI_IFP_IU(1.0),17/12/24 11:00:00,Annual,Internet use: never,Percentage of individuals,All individuals,Estonia,2005,36.77,,
ESTAT:ISOC_CI_IFP_IU(1.0),17/12/24 11:00:00,Annual,Internet use: never,Percentage of individuals,All individuals,Estonia,2006,34.60,,
ESTAT:ISOC_CI_IFP_IU(1.0),17/12/24 11:00:00,Annual,Internet use: never,Percentage of individuals,All individuals,Estonia,2007,32.23,,
ESTAT:ISOC_CI_IFP_IU(1.0),17/12/24 11:00:00,Annual,Internet use: never,Percentage of individuals,All individuals,Estonia,2008,26.28,,
ESTAT:ISOC_CI_IFP_IU(1.0),17/12/24 11:00:00,Annual,Internet use: never,Percentage of individuals,All individuals,Estonia,2009,26.13,,
ESTAT:ISOC_CI_IFP_IU(1.0),17/12/24 11:00:00,Annual,Internet use: never,Percentage of individuals,All individuals,Estonia,2010,22.26,,
ESTAT:ISOC_CI_IFP_IU(1.0),17/12/24 11:00:00,Annual,Internet use: never,Percentage of individuals,All individuals,Estonia,2011,20.47,,
ESTAT:ISOC_CI_IFP_IU(1.0),17/12/24 11:00:00,Annual,Internet use: never,Percentage of individuals,All individuals,Estonia,2012,19.66,,
ESTAT:ISOC_CI_IFP_IU(1.0),17/12/24 11:00:00,Annual,Internet use: never,Percentage of individuals,All individuals,Estonia,2013,16.41,,
ESTAT:ISOC_CI_IFP_IU(1.0),17/12/24 11:00:00,Annual,Internet use: never,Percentage of individuals,All individuals,Estonia,2014,12.37,b,
ESTAT:ISOC_CI_IFP_IU(1.0),17/12/24 11:00:00,Annual,Internet use: never,Percentage of individuals,All individuals,Estonia,2015,9.05,,
ESTAT:ISOC_CI_IFP_IU(1.0),17/12/24 11:00:00,Annual,Internet use: never,Percentage of individuals,All individuals,Estonia,2016,9.97,,
ESTAT:ISOC_CI_IFP_IU(1.0),17/12/24 11:00:00,Annual,Internet use: never,Percentage of individuals,All individuals,Estonia,2017,9.33,,
ESTAT:ISOC_CI_IFP_IU(1.0),17/12/24 11:00:00,Annual,Internet use: never,Percentage of individuals,All individuals,Estonia,2018,8.33,,
ESTAT:ISOC_CI_IFP_IU(1.0),17/12/24 11:00:00,Annual,Internet use: never,Percentage of individuals,All individuals,Estonia,2019,7.25,,
ESTAT:ISOC_CI_IFP_IU(1.0),17/12/24 11:00:00,Annual,Internet use: never,Percentage of individuals,All individuals,Estonia,2020,8.57,,
ESTAT:ISOC_CI_IFP_IU(1.0),17/12/24 11:00:00,Annual,Internet use: never,Percentage of individuals,All individuals,Estonia,2021,6.52,,
ESTAT:ISOC_CI_IFP_IU(1.0),17/12/24 11:00:00,Annual,Internet use: never,Percentage of individuals,All individuals,Estonia,2022,6.12,,
ESTAT:ISOC_CI_IFP_IU(1.0),17/12/24 11:00:00,Annual,Internet use: never,Percentage of individuals,All individuals,Estonia,2023,5.22,,
ESTAT:ISOC_CI_IFP_IU(1.0),17/12/24 11:00:00,Annual,Internet use: never,Percentage of individuals,All individuals,Estonia,2024,5.35,,
ESTAT:ISOC_CI_IFP_IU(1.0),17/12/24 11:00:00,Annual,Internet use: never,Percentage of individuals,All individuals,Greece,2005,72.78,,
ESTAT:ISOC_CI_IFP_IU(1.0),17/12/24 11:00:00,Annual,Internet use: never,Percentage of individuals,All individuals,Greece,2006,65.07,,
ESTAT:ISOC_CI_IFP_IU(1.0),17/12/24 11:00:00,Annual,Internet use: never,Percentage of individuals,All individuals,Greece,2007,61.68,,
ESTAT:ISOC_CI_IFP_IU(1.0),17/12/24 11:00:00,Annual,Internet use: never,Percentage of individuals,All individuals,Greece,2008,55.77,,
ESTAT:ISOC_CI_IFP_IU(1.0),17/12/24 11:00:00,Annual,Internet use: never,Percentage of individuals,All individuals,Greece,2009,53.44,,
ESTAT:ISOC_CI_IFP_IU(1.0),17/12/24 11:00:00,Annual,Internet use: never,Percentage of individuals,All individuals,Greece,2010,52.49,,
ESTAT:ISOC_CI_IFP_IU(1.0),17/12/24 11:00:00,Annual,Internet use: never,Percentage of individuals,All individuals,Greece,2011,44.77,,
ESTAT:ISOC_CI_IFP_IU(1.0),17/12/24 11:00:00,Annual,Internet use: never,Percentage of individuals,All individuals,Greece,2012,41.92,,
ESTAT:ISOC_CI_IFP_IU(1.0),17/12/24 11:00:00,Annual,Internet use: never,Percentage of individuals,All individuals,Greece,2013,36.30,,
ESTAT:ISOC_CI_IFP_IU(1.0),17/12/24 11:00:00,Annual,Internet use: never,Percentage of individuals,All individuals,Greece,2014,32.91,,
ESTAT:ISOC_CI_IFP_IU(1.0),17/12/24 11:00:00,Annual,Internet use: never,Percentage of individuals,All individuals,Greece,2015,29.98,,
ESTAT:ISOC_CI_IFP_IU(1.0),17/12/24 11:00:00,Annual,Internet use: never,Percentage of individuals,All individuals,Greece,2016,28.42,,
ESTAT:ISOC_CI_IFP_IU(1.0),17/12/24 11:00:00,Annual,Internet use: never,Percentage of individuals,All individuals,Greece,2017,28.33,,
ESTAT:ISOC_CI_IFP_IU(1.0),17/12/24 11:00:00,Annual,Internet use: never,Percentage of individuals,All individuals,Greece,2018,25.04,,
ESTAT:ISOC_CI_IFP_IU(1.0),17/12/24 11:00:00,Annual,Internet use: never,Percentage of individuals,All individuals,Greece,2019,22.15,,
ESTAT:ISOC_CI_IFP_IU(1.0),17/12/24 11:00:00,Annual,Internet use: never,Percentage of individuals,All individuals,Greece,2020,19.89,,
ESTAT:ISOC_CI_IFP_IU(1.0),17/12/24 11:00:00,Annual,Internet use: never,Percentage of individuals,All individuals,Greece,2021,19.86,,
ESTAT:ISOC_CI_IFP_IU(1.0),17/12/24 11:00:00,Annual,Internet use: never,Percentage of individuals,All individuals,Greece,2022,13.97,,
ESTAT:ISOC_CI_IFP_IU(1.0),17/12/24 11:00:00,Annual,Internet use: never,Percentage of individuals,All individuals,Greece,2023,12.62,,
ESTAT:ISOC_CI_IFP_IU(1.0),17/12/24 11:00:00,Annual,Internet use: never,Percentage of individuals,All individuals,Greece,2024,11.09,,
ESTAT:ISOC_CI_IFP_IU(1.0),17/12/24 11:00:00,Annual,Internet use: never,Percentage of individuals,All individuals,Spain,2005,49.60,,
ESTAT:ISOC_CI_IFP_IU(1.0),17/12/24 11:00:00,Annual,Internet use: never,Percentage of individuals,All individuals,Spain,2006,47.73,,
ESTAT:ISOC_CI_IFP_IU(1.0),17/12/24 11:00:00,Annual,Internet use: never,Percentage of individuals,All individuals,Spain,2007,43.19,,
ESTAT:ISOC_CI_IFP_IU(1.0),17/12/24 11:00:00,Annual,Internet use: never,Percentage of individuals,All individuals,Spain,2008,38.93,,
ESTAT:ISOC_CI_IFP_IU(1.0),17/12/24 11:00:00,Annual,Internet use: never,Percentage of individuals,All individuals,Spain,2009,36.26,,
ESTAT:ISOC_CI_IFP_IU(1.0),17/12/24 11:00:00,Annual,Internet use: never,Percentage of individuals,All individuals,Spain,2010,31.89,,
ESTAT:ISOC_CI_IFP_IU(1.0),17/12/24 11:00:00,Annual,Internet use: never,Percentage of individuals,All individuals,Spain,2011,29.49,,
ESTAT:ISOC_CI_IFP_IU(1.0),17/12/24 11:00:00,Annual,Internet use: never,Percentage of individuals,All individuals,Spain,2012,26.84,,
ESTAT:ISOC_CI_IFP_IU(1.0),17/12/24 11:00:00,Annual,Internet use: never,Percentage of individuals,All individuals,Spain,2013,24.36,,
ESTAT:ISOC_CI_IFP_IU(1.0),17/12/24 11:00:00,Annual,Internet use: never,Percentage of individuals,All individuals,Spain,2014,21.43,,
ESTAT:ISOC_CI_IFP_IU(1.0),17/12/24 11:00:00,Annual,Internet use: never,Percentage of individuals,All individuals,Spain,2015,19.03,,
ESTAT:ISOC_CI_IFP_IU(1.0),17/12/24 11:00:00,Annual,Internet use: never,Percentage of individuals,All individuals,Spain,2016,17.32,,
ESTAT:ISOC_CI_IFP_IU(1.0),17/12/24 11:00:00,Annual,Internet use: never,Percentage of individuals,All individuals,Spain,2017,14.01,,
ESTAT:ISOC_CI_IFP_IU(1.0),17/12/24 11:00:00,Annual,Internet use: never,Percentage of individuals,All individuals,Spain,2018,12.75,,
ESTAT:ISOC_CI_IFP_IU(1.0),17/12/24 11:00:00,Annual,Internet use: never,Percentage of individuals,All individuals,Spain,2019,8.37,,
ESTAT:ISOC_CI_IFP_IU(1.0),17/12/24 11:00:00,Annual,Internet use: never,Percentage of individuals,All individuals,Spain,2020,6.03,,
ESTAT:ISOC_CI_IFP_IU(1.0),17/12/24 11:00:00,Annual,Internet use: never,Percentage of individuals,All individuals,Spain,2021,4.86,,
ESTAT:ISOC_CI_IFP_IU(1.0),17/12/24 11:00:00,Annual,Internet use: never,Percentage of individuals,All individuals,Spain,2022,4.47,,
ESTAT:ISOC_CI_IFP_IU(1.0),17/12/24 11:00:00,Annual,Internet use: never,Percentage of individuals,All individuals,Spain,2023,3.37,,
ESTAT:ISOC_CI_IFP_IU(1.0),17/12/24 11:00:00,Annual,Internet use: never,Percentage of individuals,All individuals,Spain,2024,2.98,,
ESTAT:ISOC_CI_IFP_IU(1.0),17/12/24 11:00:00,Annual,Internet use: never,Percentage of individuals,All individuals,European Union - 27 countries (2007-2013),2005,43.17,,
ESTAT:ISOC_CI_IFP_IU(1.0),17/12/24 11:00:00,Annual,Internet use: never,Percentage of individuals,All individuals,European Union - 27 countries (2007-2013),2006,42.56,,
ESTAT:ISOC_CI_IFP_IU(1.0),17/12/24 11:00:00,Annual,Internet use: never,Percentage of individuals,All individuals,European Union - 27 countries (2007-2013),2007,37.27,,
ESTAT:ISOC_CI_IFP_IU(1.0),17/12/24 11:00:00,Annual,Internet use: never,Percentage of individuals,All individuals,European Union - 27 countries (2007-2013),2008,32.88,,
ESTAT:ISOC_CI_IFP_IU(1.0),17/12/24 11:00:00,Annual,Internet use: never,Percentage of individuals,All individuals,European Union - 27 countries (2007-2013),2009,30.15,,
ESTAT:ISOC_CI_IFP_IU(1.0),17/12/24 11:00:00,Annual,Internet use: never,Percentage of individuals,All individuals,European Union - 27 countries (2007-2013),2010,26.67,,
ESTAT:ISOC_CI_IFP_IU(1.0),17/12/24 11:00:00,Annual,Internet use: never,Percentage of individuals,All individuals,European Union - 27 countries (2007-2013),2011,24.32,,
ESTAT:ISOC_CI_IFP_IU(1.0),17/12/24 11:00:00,Annual,Internet use: never,Percentage of individuals,All individuals,European Union - 27 countries (2007-2013),2012,22.39,,
ESTAT:ISOC_CI_IFP_IU(1.0),17/12/24 11:00:00,Annual,Internet use: never,Percentage of individuals,All individuals,European Union - 27 countries (2007-2013),2013,20.42,,
ESTAT:ISOC_CI_IFP_IU(1.0),17/12/24 11:00:00,Annual,Internet use: never,Percentage of individuals,All individuals,European Union - 27 countries (2007-2013),2014,17.99,,
ESTAT:ISOC_CI_IFP_IU(1.0),17/12/24 11:00:00,Annual,Internet use: never,Percentage of individuals,All individuals,European Union - 27 countries (2007-2013),2015,16.36,,
ESTAT:ISOC_CI_IFP_IU(1.0),17/12/24 11:00:00,Annual,Internet use: never,Percentage of individuals,All individuals,European Union - 27 countries (2007-2013),2016,14.29,,
ESTAT:ISOC_CI_IFP_IU(1.0),17/12/24 11:00:00,Annual,Internet use: never,Percentage of individuals,All individuals,European Union - 27 countries (2007-2013),2017,12.81,,
ESTAT:ISOC_CI_IFP_IU(1.0),17/12/24 11:00:00,Annual,Internet use: never,Percentage of individuals,All individuals,European Union - 27 countries (2007-2013),2018,11.17,,
ESTAT:ISOC_CI_IFP_IU(1.0),17/12/24 11:00:00,Annual,Internet use: never,Percentage of individuals,All individuals,European Union - 27 countries (from 2020),2007,39.46,,
ESTAT:ISOC_CI_IFP_IU(1.0),17/12/24 11:00:00,Annual,Internet use: never,Percentage of individuals,All individuals,European Union - 27 countries (from 2020),2008,34.95,,
ESTAT:ISOC_CI_IFP_IU(1.0),17/12/24 11:00:00,Annual,Internet use: never,Percentage of individuals,All individuals,European Union - 27 countries (from 2020),2009,32.39,,
ESTAT:ISOC_CI_IFP_IU(1.0),17/12/24 11:00:00,Annual,Internet use: never,Percentage of individuals,All individuals,European Union - 27 countries (from 2020),2010,28.73,,
ESTAT:ISOC_CI_IFP_IU(1.0),17/12/24 11:00:00,Annual,Internet use: never,Percentage of individuals,All individuals,European Union - 27 countries (from 2020),2011,26.27,,
ESTAT:ISOC_CI_IFP_IU(1.0),17/12/24 11:00:00,Annual,Internet use: never,Percentage of individuals,All individuals,European Union - 27 countries (from 2020),2012,24.20,,
ESTAT:ISOC_CI_IFP_IU(1.0),17/12/24 11:00:00,Annual,Internet use: never,Percentage of individuals,All individuals,European Union - 27 countries (from 2020),2013,22.21,,
ESTAT:ISOC_CI_IFP_IU(1.0),17/12/24 11:00:00,Annual,Internet use: never,Percentage of individuals,All individuals,European Union - 27 countries (from 2020),2014,19.85,,
ESTAT:ISOC_CI_IFP_IU(1.0),17/12/24 11:00:00,Annual,Internet use: never,Percentage of individuals,All individuals,European Union - 27 countries (from 2020),2015,17.81,,
ESTAT:ISOC_CI_IFP_IU(1.0),17/12/24 11:00:00,Annual,Internet use: never,Percentage of individuals,All individuals,European Union - 27 countries (from 2020),2016,15.88,,
ESTAT:ISOC_CI_IFP_IU(1.0),17/12/24 11:00:00,Annual,Internet use: never,Percentage of individuals,All individuals,European Union - 27 countries (from 2020),2017,14.25,,
ESTAT:ISOC_CI_IFP_IU(1.0),17/12/24 11:00:00,Annual,Internet use: never,Percentage of individuals,All individuals,European Union - 27 countries (from 2020),2018,12.26,,
ESTAT:ISOC_CI_IFP_IU(1.0),17/12/24 11:00:00,Annual,Internet use: never,Percentage of individuals,All individuals,European Union - 27 countries (from 2020),2019,10.37,,
ESTAT:ISOC_CI_IFP_IU(1.0),17/12/24 11:00:00,Annual,Internet use: never,Percentage of individuals,All individuals,European Union - 27 countries (from 2020),2020,8.81,e,
ESTAT:ISOC_CI_IFP_IU(1.0),17/12/24 11:00:00,Annual,Internet use: never,Percentage of individuals,All individuals,European Union - 27 countries (from 2020),2021,7.70,b,
ESTAT:ISOC_CI_IFP_IU(1.0),17/12/24 11:00:00,Annual,Internet use: never,Percentage of individuals,All individuals,European Union - 27 countries (from 2020),2022,7.00,,
ESTAT:ISOC_CI_IFP_IU(1.0),17/12/24 11:00:00,Annual,Internet use: never,Percentage of individuals,All individuals,European Union - 27 countries (from 2020),2023,5.97,,
ESTAT:ISOC_CI_IFP_IU(1.0),17/12/24 11:00:00,Annual,Internet use: never,Percentage of individuals,All individuals,European Union - 27 countries (from 2020),2024,4.89,,
ESTAT:ISOC_CI_IFP_IU(1.0),17/12/24 11:00:00,Annual,Internet use: never,Percentage of individuals,All individuals,European Union - 28 countries (2013-2020),2007,37.44,,
ESTAT:ISOC_CI_IFP_IU(1.0),17/12/24 11:00:00,Annual,Internet use: never,Percentage of individuals,All individuals,European Union - 28 countries (2013-2020),2008,33.08,,
ESTAT:ISOC_CI_IFP_IU(1.0),17/12/24 11:00:00,Annual,Internet use: never,Percentage of individuals,All individuals,European Union - 28 countries (2013-2020),2009,30.30,,
ESTAT:ISOC_CI_IFP_IU(1.0),17/12/24 11:00:00,Annual,Internet use: never,Percentage of individuals,All individuals,European Union - 28 countries (2013-2020),2010,26.81,,
ESTAT:ISOC_CI_IFP_IU(1.0),17/12/24 11:00:00,Annual,Internet use: never,Percentage of individuals,All individuals,European Union - 28 countries (2013-2020),2011,24.45,,
ESTAT:ISOC_CI_IFP_IU(1.0),17/12/24 11:00:00,Annual,Internet use: never,Percentage of individuals,All individuals,European Union - 28 countries (2013-2020),2012,22.50,,
ESTAT:ISOC_CI_IFP_IU(1.0),17/12/24 11:00:00,Annual,Internet use: never,Percentage of individuals,All individuals,European Union - 28 countries (2013-2020),2013,20.49,,
ESTAT:ISOC_CI_IFP_IU(1.0),17/12/24 11:00:00,Annual,Internet use: never,Percentage of individuals,All individuals,European Union - 28 countries (2013-2020),2014,18.08,,
ESTAT:ISOC_CI_IFP_IU(1.0),17/12/24 11:00:00,Annual,Internet use: never,Percentage of individuals,All individuals,European Union - 28 countries (2013-2020),2015,16.44,,
ESTAT:ISOC_CI_IFP_IU(1.0),17/12/24 11:00:00,Annual,Internet use: never,Percentage of individuals,All individuals,European Union - 28 countries (2013-2020),2016,14.37,,
ESTAT:ISOC_CI_IFP_IU(1.0),17/12/24 11:00:00,Annual,Internet use: never,Percentage of individuals,All individuals,European Union - 28 countries (2013-2020),2017,12.94,,
ESTAT:ISOC_CI_IFP_IU(1.0),17/12/24 11:00:00,Annual,Internet use: never,Percentage of individuals,All individuals,European Union - 28 countries (2013-2020),2018,11.25,,
ESTAT:ISOC_CI_IFP_IU(1.0),17/12/24 11:00:00,Annual,Internet use: never,Percentage of individuals,All individuals,European Union - 28 countries (2013-2020),2019,9.45,,
ESTAT:ISOC_CI_IFP_IU(1.0),17/12/24 11:00:00,Annual,Internet use: never,Percentage of individuals,All individuals,Finland,2005,23.06,,
ESTAT:ISOC_CI_IFP_IU(1.0),17/12/24 11:00:00,Annual,Internet use: never,Percentage of individuals,All individuals,Finland,2006,17.55,,
ESTAT:ISOC_CI_IFP_IU(1.0),17/12/24 11:00:00,Annual,Internet use: never,Percentage of individuals,All individuals,Finland,2007,16.71,,
ESTAT:ISOC_CI_IFP_IU(1.0),17/12/24 11:00:00,Annual,Internet use: never,Percentage of individuals,All individuals,Finland,2008,13.39,,
ESTAT:ISOC_CI_IFP_IU(1.0),17/12/24 11:00:00,Annual,Internet use: never,Percentage of individuals,All individuals,Finland,2009,14.57,,
ESTAT:ISOC_CI_IFP_IU(1.0),17/12/24 11:00:00,Annual,Internet use: never,Percentage of individuals,All individuals,Finland,2010,10.60,,
ESTAT:ISOC_CI_IFP_IU(1.0),17/12/24 11:00:00,Annual,Internet use: never,Percentage of individuals,All individuals,Finland,2011,8.89,,
ESTAT:ISOC_CI_IFP_IU(1.0),17/12/24 11:00:00,Annual,Internet use: never,Percentage of individuals,All individuals,Finland,2012,7.37,,
ESTAT:ISOC_CI_IFP_IU(1.0),17/12/24 11:00:00,Annual,Internet use: never,Percentage of individuals,All individuals,Finland,2013,6.12,,
ESTAT:ISOC_CI_IFP_IU(1.0),17/12/24 11:00:00,Annual,Internet use: never,Percentage of individuals,All individuals,Finland,2014,5.52,,
ESTAT:ISOC_CI_IFP_IU(1.0),17/12/24 11:00:00,Annual,Internet use: never,Percentage of individuals,All individuals,Finland,2015,5.47,,
ESTAT:ISOC_CI_IFP_IU(1.0),17/12/24 11:00:00,Annual,Internet use: never,Percentage of individuals,All individuals,Finland,2016,4.34,,
ESTAT:ISOC_CI_IFP_IU(1.0),17/12/24 11:00:00,Annual,Internet use: never,Percentage of individuals,All individuals,Finland,2017,5.06,,
ESTAT:ISOC_CI_IFP_IU(1.0),17/12/24 11:00:00,Annual,Internet use: never,Percentage of individuals,All individuals,Finland,2018,4.44,,
ESTAT:ISOC_CI_IFP_IU(1.0),17/12/24 11:00:00,Annual,Internet use: never,Percentage of individuals,All individuals,Finland,2019,3.22,,
ESTAT:ISOC_CI_IFP_IU(1.0),17/12/24 11:00:00,Annual,Internet use: never,Percentage of individuals,All individuals,Finland,2020,1.62,,
ESTAT:ISOC_CI_IFP_IU(1.0),17/12/24 11:00:00,Annual,Internet use: never,Percentage of individuals,All individuals,Finland,2021,2.01,,
ESTAT:ISOC_CI_IFP_IU(1.0),17/12/24 11:00:00,Annual,Internet use: never,Percentage of individuals,All individuals,Finland,2022,1.90,,
ESTAT:ISOC_CI_IFP_IU(1.0),17/12/24 11:00:00,Annual,Internet use: never,Percentage of individuals,All individuals,Finland,2023,1.49,,
ESTAT:ISOC_CI_IFP_IU(1.0),17/12/24 11:00:00,Annual,Internet use: never,Percentage of individuals,All individuals,Finland,2024,1.15,,
ESTAT:ISOC_CI_IFP_IU(1.0),17/12/24 11:00:00,Annual,Internet use: never,Percentage of individuals,All individuals,France,2006,45.68,,
ESTAT:ISOC_CI_IFP_IU(1.0),17/12/24 11:00:00,Annual,Internet use: never,Percentage of individuals,All individuals,France,2007,33.52,,
ESTAT:ISOC_CI_IFP_IU(1.0),17/12/24 11:00:00,Annual,Internet use: never,Percentage of individuals,All individuals,France,2008,26.10,,
ESTAT:ISOC_CI_IFP_IU(1.0),17/12/24 11:00:00,Annual,Internet use: never,Percentage of individuals,All individuals,France,2009,25.15,,
ESTAT:ISOC_CI_IFP_IU(1.0),17/12/24 11:00:00,Annual,Internet use: never,Percentage of individuals,All individuals,France,2010,20.28,,
ESTAT:ISOC_CI_IFP_IU(1.0),17/12/24 11:00:00,Annual,Internet use: never,Percentage of individuals,All individuals,France,2011,17.83,,
ESTAT:ISOC_CI_IFP_IU(1.0),17/12/24 11:00:00,Annual,Internet use: never,Percentage of individuals,All individuals,France,2012,15.09,,
ESTAT:ISOC_CI_IFP_IU(1.0),17/12/24 11:00:00,Annual,Internet use: never,Percentage of individuals,All individuals,France,2013,13.98,,
ESTAT:ISOC_CI_IFP_IU(1.0),17/12/24 11:00:00,Annual,Internet use: never,Percentage of individuals,All individuals,France,2014,12.11,,
ESTAT:ISOC_CI_IFP_IU(1.0),17/12/24 11:00:00,Annual,Internet use: never,Percentage of individuals,All individuals,France,2015,10.77,,
ESTAT:ISOC_CI_IFP_IU(1.0),17/12/24 11:00:00,Annual,Internet use: never,Percentage of individuals,All individuals,France,2016,9.80,,
ESTAT:ISOC_CI_IFP_IU(1.0),17/12/24 11:00:00,Annual,Internet use: never,Percentage of individuals,All individuals,France,2017,9.97,,
ESTAT:ISOC_CI_IFP_IU(1.0),17/12/24 11:00:00,Annual,Internet use: never,Percentage of individuals,All individuals,France,2018,7.78,,
ESTAT:ISOC_CI_IFP_IU(1.0),17/12/24 11:00:00,Annual,Internet use: never,Percentage of individuals,All individuals,France,2019,6.68,,
ESTAT:ISOC_CI_IFP_IU(1.0),17/12/24 11:00:00,Annual,Internet use: never,Percentage of individuals,All individuals,France,2021,4.85,,
ESTAT:ISOC_CI_IFP_IU(1.0),17/12/24 11:00:00,Annual,Internet use: never,Percentage of individuals,All individuals,France,2022,5.88,,
ESTAT:ISOC_CI_IFP_IU(1.0),17/12/24 11:00:00,Annual,Internet use: never,Percentage of individuals,All individuals,France,2023,4.22,,
ESTAT:ISOC_CI_IFP_IU(1.0),17/12/24 11:00:00,Annual,Internet use: never,Percentage of individuals,All individuals,France,2024,3.38,,
ESTAT:ISOC_CI_IFP_IU(1.0),17/12/24 11:00:00,Annual,Internet use: never,Percentage of individuals,All individuals,Croatia,2007,55.58,,
ESTAT:ISOC_CI_IFP_IU(1.0),17/12/24 11:00:00,Annual,Internet use: never,Percentage of individuals,All individuals,Croatia,2008,54.00,,
ESTAT:ISOC_CI_IFP_IU(1.0),17/12/24 11:00:00,Annual,Internet use: never,Percentage of individuals,All individuals,Croatia,2009,46.71,,
ESTAT:ISOC_CI_IFP_IU(1.0),17/12/24 11:00:00,Annual,Internet use: never,Percentage of individuals,All individuals,Croatia,2010,42.13,,
ESTAT:ISOC_CI_IFP_IU(1.0),17/12/24 11:00:00,Annual,Internet use: never,Percentage of individuals,All individuals,Croatia,2011,38.65,,
ESTAT:ISOC_CI_IFP_IU(1.0),17/12/24 11:00:00,Annual,Internet use: never,Percentage of individuals,All individuals,Croatia,2012,34.51,,
ESTAT:ISOC_CI_IFP_IU(1.0),17/12/24 11:00:00,Annual,Internet use: never,Percentage of individuals,All individuals,Croatia,2013,28.57,,
ESTAT:ISOC_CI_IFP_IU(1.0),17/12/24 11:00:00,Annual,Internet use: never,Percentage of individuals,All individuals,Croatia,2014,27.72,,
ESTAT:ISOC_CI_IFP_IU(1.0),17/12/24 11:00:00,Annual,Internet use: never,Percentage of individuals,All individuals,Croatia,2015,26.25,,
ESTAT:ISOC_CI_IFP_IU(1.0),17/12/24 11:00:00,Annual,Internet use: never,Percentage of individuals,All individuals,Croatia,2016,23.44,,
ESTAT:ISOC_CI_IFP_IU(1.0),17/12/24 11:00:00,Annual,Internet use: never,Percentage of individuals,All individuals,Croatia,2017,28.38,,
ESTAT:ISOC_CI_IFP_IU(1.0),17/12/24 11:00:00,Annual,Internet use: never,Percentage of individuals,All individuals,Croatia,2018,21.37,,
ESTAT:ISOC_CI_IFP_IU(1.0),17/12/24 11:00:00,Annual,Internet use: never,Percentage of individuals,All individuals,Croatia,2019,18.31,,
ESTAT:ISOC_CI_IFP_IU(1.0),17/12/24 11:00:00,Annual,Internet use: never,Percentage of individuals,All individuals,Croatia,2020,17.20,,
ESTAT:ISOC_CI_IFP_IU(1.0),17/12/24 11:00:00,Annual,Internet use: never,Percentage of individuals,All individuals,Croatia,2021,14.91,,
ESTAT:ISOC_CI_IFP_IU(1.0),17/12/24 11:00:00,Annual,Internet use: never,Percentage of individuals,All individuals,Croatia,2022,13.41,,
ESTAT:ISOC_CI_IFP_IU(1.0),17/12/24 11:00:00,Annual,Internet use: never,Percentage of individuals,All individuals,Croatia,2023,13.65,,
ESTAT:ISOC_CI_IFP_IU(1.0),17/12/24 11:00:00,Annual,Internet use: never,Percentage of individuals,All individuals,Croatia,2024,13.54,,
ESTAT:ISOC_CI_IFP_IU(1.0),17/12/24 11:00:00,Annual,Internet use: never,Percentage of individuals,All individuals,Hungary,2005,60.15,,
ESTAT:ISOC_CI_IFP_IU(1.0),17/12/24 11:00:00,Annual,Internet use: never,Percentage of individuals,All individuals,Hungary,2006,52.13,,
ESTAT:ISOC_CI_IFP_IU(1.0),17/12/24 11:00:00,Annual,Internet use: never,Percentage of individuals,All individuals,Hungary,2007,46.04,,
ESTAT:ISOC_CI_IFP_IU(1.0),17/12/24 11:00:00,Annual,Internet use: never,Percentage of individuals,All individuals,Hungary,2008,38.28,,
ESTAT:ISOC_CI_IFP_IU(1.0),17/12/24 11:00:00,Annual,Internet use: never,Percentage of individuals,All individuals,Hungary,2009,37.13,,
ESTAT:ISOC_CI_IFP_IU(1.0),17/12/24 11:00:00,Annual,Internet use: never,Percentage of individuals,All individuals,Hungary,2010,33.10,,
ESTAT:ISOC_CI_IFP_IU(1.0),17/12/24 11:00:00,Annual,Internet use: never,Percentage of individuals,All individuals,Hungary,2011,28.62,,
ESTAT:ISOC_CI_IFP_IU(1.0),17/12/24 11:00:00,Annual,Internet use: never,Percentage of individuals,All individuals,Hungary,2012,26.15,,
ESTAT:ISOC_CI_IFP_IU(1.0),17/12/24 11:00:00,Annual,Internet use: never,Percentage of individuals,All individuals,Hungary,2013,24.39,,
ESTAT:ISOC_CI_IFP_IU(1.0),17/12/24 11:00:00,Annual,Internet use: never,Percentage of individuals,All individuals,Hungary,2014,22.09,,
ESTAT:ISOC_CI_IFP_IU(1.0),17/12/24 11:00:00,Annual,Internet use: never,Percentage of individuals,All individuals,Hungary,2015,21.17,,
ESTAT:ISOC_CI_IFP_IU(1.0),17/12/24 11:00:00,Annual,Internet use: never,Percentage of individuals,All individuals,Hungary,2016,18.87,,
ESTAT:ISOC_CI_IFP_IU(1.0),17/12/24 11:00:00,Annual,Internet use: never,Percentage of individuals,All individuals,Hungary,2017,17.04,,
ESTAT:ISOC_CI_IFP_IU(1.0),17/12/24 11:00:00,Annual,Internet use: never,Percentage of individuals,All individuals,Hungary,2018,16.13,,
ESTAT:ISOC_CI_IFP_IU(1.0),17/12/24 11:00:00,Annual,Internet use: never,Percentage of individuals,All individuals,Hungary,2019,14.25,,
ESTAT:ISOC_CI_IFP_IU(1.0),17/12/24 11:00:00,Annual,Internet use: never,Percentage of individuals,All individuals,Hungary,2020,12.46,,
ESTAT:ISOC_CI_IFP_IU(1.0),17/12/24 11:00:00,Annual,Internet use: never,Percentage of individuals,All individuals,Hungary,2021,9.93,,
ESTAT:ISOC_CI_IFP_IU(1.0),17/12/24 11:00:00,Annual,Internet use: never,Percentage of individuals,All individuals,Hungary,2022,9.54,,
ESTAT:ISOC_CI_IFP_IU(1.0),17/12/24 11:00:00,Annual,Internet use: never,Percentage of individuals,All individuals,Hungary,2023,7.46,,
ESTAT:ISOC_CI_IFP_IU(1.0),17/12/24 11:00:00,Annual,Internet use: never,Percentage of individuals,All individuals,Hungary,2024,5.33,,
ESTAT:ISOC_CI_IFP_IU(1.0),17/12/24 11:00:00,Annual,Internet use: never,Percentage of individuals,All individuals,Ireland,2005,55.06,,
ESTAT:ISOC_CI_IFP_IU(1.0),17/12/24 11:00:00,Annual,Internet use: never,Percentage of individuals,All individuals,Ireland,2006,41.61,,
ESTAT:ISOC_CI_IFP_IU(1.0),17/12/24 11:00:00,Annual,Internet use: never,Percentage of individuals,All individuals,Ireland,2007,34.99,,
ESTAT:ISOC_CI_IFP_IU(1.0),17/12/24 11:00:00,Annual,Internet use: never,Percentage of individuals,All individuals,Ireland,2008,31.85,,
ESTAT:ISOC_CI_IFP_IU(1.0),17/12/24 11:00:00,Annual,Internet use: never,Percentage of individuals,All individuals,Ireland,2009,30.38,,
ESTAT:ISOC_CI_IFP_IU(1.0),17/12/24 11:00:00,Annual,Internet use: never,Percentage of individuals,All individuals,Ireland,2010,27.22,,
ESTAT:ISOC_CI_IFP_IU(1.0),17/12/24 11:00:00,Annual,Internet use: never,Percentage of individuals,All individuals,Ireland,2011,21.24,,
ESTAT:ISOC_CI_IFP_IU(1.0),17/12/24 11:00:00,Annual,Internet use: never,Percentage of individuals,All individuals,Ireland,2012,17.94,,
ESTAT:ISOC_CI_IFP_IU(1.0),17/12/24 11:00:00,Annual,Internet use: never,Percentage of individuals,All individuals,Ireland,2013,17.61,,
ESTAT:ISOC_CI_IFP_IU(1.0),17/12/24 11:00:00,Annual,Internet use: never,Percentage of individuals,All individuals,Ireland,2014,16.26,,
ESTAT:ISOC_CI_IFP_IU(1.0),17/12/24 11:00:00,Annual,Internet use: never,Percentage of individuals,All individuals,Ireland,2015,16.47,,
ESTAT:ISOC_CI_IFP_IU(1.0),17/12/24 11:00:00,Annual,Internet use: never,Percentage of individuals,All individuals,Ireland,2016,14.87,,
ESTAT:ISOC_CI_IFP_IU(1.0),17/12/24 11:00:00,Annual,Internet use: never,Percentage of individuals,All individuals,Ireland,2017,15.85,,
ESTAT:ISOC_CI_IFP_IU(1.0),17/12/24 11:00:00,Annual,Internet use: never,Percentage of individuals,All individuals,Ireland,2018,15.50,,
ESTAT:ISOC_CI_IFP_IU(1.0),17/12/24 11:00:00,Annual,Internet use: never,Percentage of individuals,All individuals,Ireland,2019,8.65,,
ESTAT:ISOC_CI_IFP_IU(1.0),17/12/24 11:00:00,Annual,Internet use: never,Percentage of individuals,All individuals,Ireland,2020,5.75,,
ESTAT:ISOC_CI_IFP_IU(1.0),17/12/24 11:00:00,Annual,Internet use: never,Percentage of individuals,All individuals,Ireland,2021,0.07,b,
ESTAT:ISOC_CI_IFP_IU(1.0),17/12/24 11:00:00,Annual,Internet use: never,Percentage of individuals,All individuals,Ireland,2022,6.93,,
ESTAT:ISOC_CI_IFP_IU(1.0),17/12/24 11:00:00,Annual,Internet use: never,Percentage of individuals,All individuals,Ireland,2023,6.21,,
ESTAT:ISOC_CI_IFP_IU(1.0),17/12/24 11:00:00,Annual,Internet use: never,Percentage of individuals,All individuals,Ireland,2024,1.14,,
ESTAT:ISOC_CI_IFP_IU(1.0),17/12/24 11:00:00,Annual,Internet use: never,Percentage of individuals,All individuals,Iceland,2005,10.58,,
ESTAT:ISOC_CI_IFP_IU(1.0),17/12/24 11:00:00,Annual,Internet use: never,Percentage of individuals,All individuals,Iceland,2006,9.41,,
ESTAT:ISOC_CI_IFP_IU(1.0),17/12/24 11:00:00,Annual,Internet use: never,Percentage of individuals,All individuals,Iceland,2007,7.94,,
ESTAT:ISOC_CI_IFP_IU(1.0),17/12/24 11:00:00,Annual,Internet use: never,Percentage of individuals,All individuals,Iceland,2008,7.69,,
ESTAT:ISOC_CI_IFP_IU(1.0),17/12/24 11:00:00,Annual,Internet use: never,Percentage of individuals,All individuals,Iceland,2009,5.81,,
ESTAT:ISOC_CI_IFP_IU(1.0),17/12/24 11:00:00,Annual,Internet use: never,Percentage of individuals,All individuals,Iceland,2010,4.88,,
ESTAT:ISOC_CI_IFP_IU(1.0),17/12/24 11:00:00,Annual,Internet use: never,Percentage of individuals,All individuals,Iceland,2011,4.20,,
ESTAT:ISOC_CI_IFP_IU(1.0),17/12/24 11:00:00,Annual,Internet use: never,Percentage of individuals,All individuals,Iceland,2012,3.11,,
ESTAT:ISOC_CI_IFP_IU(1.0),17/12/24 11:00:00,Annual,Internet use: never,Percentage of individuals,All individuals,Iceland,2013,2.79,,
ESTAT:ISOC_CI_IFP_IU(1.0),17/12/24 11:00:00,Annual,Internet use: never,Percentage of individuals,All individuals,Iceland,2014,1.36,,
ESTAT:ISOC_CI_IFP_IU(1.0),17/12/24 11:00:00,Annual,Internet use: never,Percentage of individuals,All individuals,Iceland,2017,1.15,,
ESTAT:ISOC_CI_IFP_IU(1.0),17/12/24 11:00:00,Annual,Internet use: never,Percentage of individuals,All individuals,Iceland,2018,0.60,,
ESTAT:ISOC_CI_IFP_IU(1.0),17/12/24 11:00:00,Annual,Internet use: never,Percentage of individuals,All individuals,Iceland,2019,0.43,,
ESTAT:ISOC_CI_IFP_IU(1.0),17/12/24 11:00:00,Annual,Internet use: never,Percentage of individuals,All individuals,Iceland,2020,0.47,,
ESTAT:ISOC_CI_IFP_IU(1.0),17/12/24 11:00:00,Annual,Internet use: never,Percentage of individuals,All individuals,Iceland,2021,0.31,,
ESTAT:ISOC_CI_IFP_IU(1.0),17/12/24 11:00:00,Annual,Internet use: never,Percentage of individuals,All individuals,Italy,2005,61.78,,
ESTAT:ISOC_CI_IFP_IU(1.0),17/12/24 11:00:00,Annual,Internet use: never,Percentage of individuals,All individuals,Italy,2006,59.20,,
ESTAT:ISOC_CI_IFP_IU(1.0),17/12/24 11:00:00,Annual,Internet use: never,Percentage of individuals,All individuals,Italy,2007,54.02,,
ESTAT:ISOC_CI_IFP_IU(1.0),17/12/24 11:00:00,Annual,Internet use: never,Percentage of individuals,All individuals,Italy,2008,50.08,,
ESTAT:ISOC_CI_IFP_IU(1.0),17/12/24 11:00:00,Annual,Internet use: never,Percentage of individuals,All individuals,Italy,2009,45.48,,
ESTAT:ISOC_CI_IFP_IU(1.0),17/12/24 11:00:00,Annual,Internet use: never,Percentage of individuals,All individuals,Italy,2010,41.15,,
ESTAT:ISOC_CI_IFP_IU(1.0),17/12/24 11:00:00,Annual,Internet use: never,Percentage of individuals,All individuals,Italy,2011,38.58,,
ESTAT:ISOC_CI_IFP_IU(1.0),17/12/24 11:00:00,Annual,Internet use: never,Percentage of individuals,All individuals,Italy,2012,37.18,,
ESTAT:ISOC_CI_IFP_IU(1.0),17/12/24 11:00:00,Annual,Internet use: never,Percentage of individuals,All individuals,Italy,2013,34.40,,
ESTAT:ISOC_CI_IFP_IU(1.0),17/12/24 11:00:00,Annual,Internet use: never,Percentage of individuals,All individuals,Italy,2014,31.51,,
ESTAT:ISOC_CI_IFP_IU(1.0),17/12/24 11:00:00,Annual,Internet use: never,Percentage of individuals,All individuals,Italy,2015,27.90,,
ESTAT:ISOC_CI_IFP_IU(1.0),17/12/24 11:00:00,Annual,Internet use: never,Percentage of individuals,All individuals,Italy,2016,24.70,,
ESTAT:ISOC_CI_IFP_IU(1.0),17/12/24 11:00:00,Annual,Internet use: never,Percentage of individuals,All individuals,Italy,2017,22.32,,
ESTAT:ISOC_CI_IFP_IU(1.0),17/12/24 11:00:00,Annual,Internet use: never,Percentage of individuals,All individuals,Italy,2018,18.62,,
ESTAT:ISOC_CI_IFP_IU(1.0),17/12/24 11:00:00,Annual,Internet use: never,Percentage of individuals,All individuals,Italy,2019,16.83,,
ESTAT:ISOC_CI_IFP_IU(1.0),17/12/24 11:00:00,Annual,Internet use: never,Percentage of individuals,All individuals,Italy,2020,14.23,,
ESTAT:ISOC_CI_IFP_IU(1.0),17/12/24 11:00:00,Annual,Internet use: never,Percentage of individuals,All individuals,Italy,2021,11.25,,
ESTAT:ISOC_CI_IFP_IU(1.0),17/12/24 11:00:00,Annual,Internet use: never,Percentage of individuals,All individuals,Italy,2022,9.88,,
ESTAT:ISOC_CI_IFP_IU(1.0),17/12/24 11:00:00,Annual,Internet use: never,Percentage of individuals,All individuals,Italy,2023,8.86,,
ESTAT:ISOC_CI_IFP_IU(1.0),17/12/24 11:00:00,Annual,Internet use: never,Percentage of individuals,All individuals,Italy,2024,6.53,,
ESTAT:ISOC_CI_IFP_IU(1.0),17/12/24 11:00:00,Annual,Internet use: never,Percentage of individuals,All individuals,Lithuania,2005,61.45,,
ESTAT:ISOC_CI_IFP_IU(1.0),17/12/24 11:00:00,Annual,Internet use: never,Percentage of individuals,All individuals,Lithuania,2006,54.10,,
ESTAT:ISOC_CI_IFP_IU(1.0),17/12/24 11:00:00,Annual,Internet use: never,Percentage of individuals,All individuals,Lithuania,2007,48.68,,
ESTAT:ISOC_CI_IFP_IU(1.0),17/12/24 11:00:00,Annual,Internet use: never,Percentage of individuals,All individuals,Lithuania,2008,42.71,,
ESTAT:ISOC_CI_IFP_IU(1.0),17/12/24 11:00:00,Annual,Internet use: never,Percentage of individuals,All individuals,Lithuania,2009,38.22,,
ESTAT:ISOC_CI_IFP_IU(1.0),17/12/24 11:00:00,Annual,Internet use: never,Percentage of individuals,All individuals,Lithuania,2010,35.45,,
ESTAT:ISOC_CI_IFP_IU(1.0),17/12/24 11:00:00,Annual,Internet use: never,Percentage of individuals,All individuals,Lithuania,2011,34.26,,
ESTAT:ISOC_CI_IFP_IU(1.0),17/12/24 11:00:00,Annual,Internet use: never,Percentage of individuals,All individuals,Lithuania,2012,30.99,,
ESTAT:ISOC_CI_IFP_IU(1.0),17/12/24 11:00:00,Annual,Internet use: never,Percentage of individuals,All individuals,Lithuania,2013,28.74,,
ESTAT:ISOC_CI_IFP_IU(1.0),17/12/24 11:00:00,Annual,Internet use: never,Percentage of individuals,All individuals,Lithuania,2014,25.02,,
ESTAT:ISOC_CI_IFP_IU(1.0),17/12/24 11:00:00,Annual,Internet use: never,Percentage of individuals,All individuals,Lithuania,2015,24.57,,
ESTAT:ISOC_CI_IFP_IU(1.0),17/12/24 11:00:00,Annual,Internet use: never,Percentage of individuals,All individuals,Lithuania,2016,21.75,,
ESTAT:ISOC_CI_IFP_IU(1.0),17/12/24 11:00:00,Annual,Internet use: never,Percentage of individuals,All individuals,Lithuania,2017,19.29,,
ESTAT:ISOC_CI_IFP_IU(1.0),17/12/24 11:00:00,Annual,Internet use: never,Percentage of individuals,All individuals,Lithuania,2018,16.54,,
ESTAT:ISOC_CI_IFP_IU(1.0),17/12/24 11:00:00,Annual,Internet use: never,Percentage of individuals,All individuals,Lithuania,2019,15.11,,
ESTAT:ISOC_CI_IFP_IU(1.0),17/12/24 11:00:00,Annual,Internet use: never,Percentage of individuals,All individuals,Lithuania,2020,13.53,,
ESTAT:ISOC_CI_IFP_IU(1.0),17/12/24 11:00:00,Annual,Internet use: never,Percentage of individuals,All individuals,Lithuania,2021,10.71,,
ESTAT:ISOC_CI_IFP_IU(1.0),17/12/24 11:00:00,Annual,Internet use: never,Percentage of individuals,All individuals,Lithuania,2022,9.75,,
ESTAT:ISOC_CI_IFP_IU(1.0),17/12/24 11:00:00,Annual,Internet use: never,Percentage of individuals,All individuals,Lithuania,2023,9.66,,
ESTAT:ISOC_CI_IFP_IU(1.0),17/12/24 11:00:00,Annual,Internet use: never,Percentage of individuals,All individuals,Lithuania,2024,8.97,,
ESTAT:ISOC_CI_IFP_IU(1.0),17/12/24 11:00:00,Annual,Internet use: never,Percentage of individuals,All individuals,Luxembourg,2005,28.88,,
ESTAT:ISOC_CI_IFP_IU(1.0),17/12/24 11:00:00,Annual,Internet use: never,Percentage of individuals,All individuals,Luxembourg,2006,26.85,,
ESTAT:ISOC_CI_IFP_IU(1.0),17/12/24 11:00:00,Annual,Internet use: never,Percentage of individuals,All individuals,Luxembourg,2007,20.06,,
ESTAT:ISOC_CI_IFP_IU(1.0),17/12/24 11:00:00,Annual,Internet use: never,Percentage of individuals,All individuals,Luxembourg,2008,16.32,,
ESTAT:ISOC_CI_IFP_IU(1.0),17/12/24 11:00:00,Annual,Internet use: never,Percentage of individuals,All individuals,Luxembourg,2009,11.49,,
ESTAT:ISOC_CI_IFP_IU(1.0),17/12/24 11:00:00,Annual,Internet use: never,Percentage of individuals,All individuals,Luxembourg,2010,8.22,,
ESTAT:ISOC_CI_IFP_IU(1.0),17/12/24 11:00:00,Annual,Internet use: never,Percentage of individuals,All individuals,Luxembourg,2011,8.13,,
ESTAT:ISOC_CI_IFP_IU(1.0),17/12/24 11:00:00,Annual,Internet use: never,Percentage of individuals,All individuals,Luxembourg,2012,6.20,,
ESTAT:ISOC_CI_IFP_IU(1.0),17/12/24 11:00:00,Annual,Internet use: never,Percentage of individuals,All individuals,Luxembourg,2013,4.66,,
ESTAT:ISOC_CI_IFP_IU(1.0),17/12/24 11:00:00,Annual,Internet use: never,Percentage of individuals,All individuals,Luxembourg,2014,4.05,,
ESTAT:ISOC_CI_IFP_IU(1.0),17/12/24 11:00:00,Annual,Internet use: never,Percentage of individuals,All individuals,Luxembourg,2015,2.18,,
ESTAT:ISOC_CI_IFP_IU(1.0),17/12/24 11:00:00,Annual,Internet use: never,Percentage of individuals,All individuals,Luxembourg,2016,1.86,,
ESTAT:ISOC_CI_IFP_IU(1.0),17/12/24 11:00:00,Annual,Internet use: never,Percentage of individuals,All individuals,Luxembourg,2017,2.17,,
ESTAT:ISOC_CI_IFP_IU(1.0),17/12/24 11:00:00,Annual,Internet use: never,Percentage of individuals,All individuals,Luxembourg,2018,2.94,b,
ESTAT:ISOC_CI_IFP_IU(1.0),17/12/24 11:00:00,Annual,Internet use: never,Percentage of individuals,All individuals,Luxembourg,2019,2.88,,
ESTAT:ISOC_CI_IFP_IU(1.0),17/12/24 11:00:00,Annual,Internet use: never,Percentage of individuals,All individuals,Luxembourg,2020,1.18,,
ESTAT:ISOC_CI_IFP_IU(1.0),17/12/24 11:00:00,Annual,Internet use: never,Percentage of individuals,All individuals,Luxembourg,2021,1.17,,
ESTAT:ISOC_CI_IFP_IU(1.0),17/12/24 11:00:00,Annual,Internet use: never,Percentage of individuals,All individuals,Luxembourg,2022,1.37,,
ESTAT:ISOC_CI_IFP_IU(1.0),17/12/24 11:00:00,Annual,Internet use: never,Percentage of individuals,All individuals,Luxembourg,2023,0.41,,
ESTAT:ISOC_CI_IFP_IU(1.0),17/12/24 11:00:00,Annual,Internet use: never,Percentage of individuals,All individuals,Luxembourg,2024,1.08,,
ESTAT:ISOC_CI_IFP_IU(1.0),17/12/24 11:00:00,Annual,Internet use: never,Percentage of individuals,All individuals,Latvia,2005,51.07,,
ESTAT:ISOC_CI_IFP_IU(1.0),17/12/24 11:00:00,Annual,Internet use: never,Percentage of individuals,All individuals,Latvia,2006,44.51,,
ESTAT:ISOC_CI_IFP_IU(1.0),17/12/24 11:00:00,Annual,Internet use: never,Percentage of individuals,All individuals,Latvia,2007,39.08,,
ESTAT:ISOC_CI_IFP_IU(1.0),17/12/24 11:00:00,Annual,Internet use: never,Percentage of individuals,All individuals,Latvia,2008,33.58,,
ESTAT:ISOC_CI_IFP_IU(1.0),17/12/24 11:00:00,Annual,Internet use: never,Percentage of individuals,All individuals,Latvia,2009,31.47,,
ESTAT:ISOC_CI_IFP_IU(1.0),17/12/24 11:00:00,Annual,Internet use: never,Percentage of individuals,All individuals,Latvia,2010,28.88,,
ESTAT:ISOC_CI_IFP_IU(1.0),17/12/24 11:00:00,Annual,Internet use: never,Percentage of individuals,All individuals,Latvia,2011,26.61,,
ESTAT:ISOC_CI_IFP_IU(1.0),17/12/24 11:00:00,Annual,Internet use: never,Percentage of individuals,All individuals,Latvia,2012,24.21,,
ESTAT:ISOC_CI_IFP_IU(1.0),17/12/24 11:00:00,Annual,Internet use: never,Percentage of individuals,All individuals,Latvia,2013,22.09,,
ESTAT:ISOC_CI_IFP_IU(1.0),17/12/24 11:00:00,Annual,Internet use: never,Percentage of individuals,All individuals,Latvia,2014,20.64,,
ESTAT:ISOC_CI_IFP_IU(1.0),17/12/24 11:00:00,Annual,Internet use: never,Percentage of individuals,All individuals,Latvia,2015,18.18,,
ESTAT:ISOC_CI_IFP_IU(1.0),17/12/24 11:00:00,Annual,Internet use: never,Percentage of individuals,All individuals,Latvia,2016,17.41,b,
ESTAT:ISOC_CI_IFP_IU(1.0),17/12/24 11:00:00,Annual,Internet use: never,Percentage of individuals,All individuals,Latvia,2017,15.83,,
ESTAT:ISOC_CI_IFP_IU(1.0),17/12/24 11:00:00,Annual,Internet use: never,Percentage of individuals,All individuals,Latvia,2018,13.29,,
ESTAT:ISOC_CI_IFP_IU(1.0),17/12/24 11:00:00,Annual,Internet use: never,Percentage of individuals,All individuals,Latvia,2019,11.59,,
ESTAT:ISOC_CI_IFP_IU(1.0),17/12/24 11:00:00,Annual,Internet use: never,Percentage of individuals,All individuals,Latvia,2020,8.43,,
ESTAT:ISOC_CI_IFP_IU(1.0),17/12/24 11:00:00,Annual,Internet use: never,Percentage of individuals,All individuals,Latvia,2021,6.22,,
ESTAT:ISOC_CI_IFP_IU(1.0),17/12/24 11:00:00,Annual,Internet use: never,Percentage of individuals,All individuals,Latvia,2022,6.69,,
ESTAT:ISOC_CI_IFP_IU(1.0),17/12/24 11:00:00,Annual,Internet use: never,Percentage of individuals,All individuals,Latvia,2023,6.09,,
ESTAT:ISOC_CI_IFP_IU(1.0),17/12/24 11:00:00,Annual,Internet use: never,Percentage of individuals,All individuals,Latvia,2024,5.07,,
ESTAT:ISOC_CI_IFP_IU(1.0),17/12/24 11:00:00,Annual,Internet use: never,Percentage of individuals,All individuals,Montenegro,2012,37.44,,
ESTAT:ISOC_CI_IFP_IU(1.0),17/12/24 11:00:00,Annual,Internet use: never,Percentage of individuals,All individuals,Montenegro,2017,23.74,,
ESTAT:ISOC_CI_IFP_IU(1.0),17/12/24 11:00:00,Annual,Internet use: never,Percentage of individuals,All individuals,Montenegro,2018,22.86,,
ESTAT:ISOC_CI_IFP_IU(1.0),17/12/24 11:00:00,Annual,Internet use: never,Percentage of individuals,All individuals,Montenegro,2019,20.44,,
ESTAT:ISOC_CI_IFP_IU(1.0),17/12/24 11:00:00,Annual,Internet use: never,Percentage of individuals,All individuals,Montenegro,2020,18.63,,
ESTAT:ISOC_CI_IFP_IU(1.0),17/12/24 11:00:00,Annual,Internet use: never,Percentage of individuals,All individuals,Montenegro,2021,13.72,,
ESTAT:ISOC_CI_IFP_IU(1.0),17/12/24 11:00:00,Annual,Internet use: never,Percentage of individuals,All individuals,Montenegro,2022,7.71,,
ESTAT:ISOC_CI_IFP_IU(1.0),17/12/24 11:00:00,Annual,Internet use: never,Percentage of individuals,All individuals,Montenegro,2023,7.71,,
ESTAT:ISOC_CI_IFP_IU(1.0),17/12/24 11:00:00,Annual,Internet use: never,Percentage of individuals,All individuals,Montenegro,2024,7.51,,
ESTAT:ISOC_CI_IFP_IU(1.0),17/12/24 11:00:00,Annual,Internet use: never,Percentage of individuals,All individuals,North Macedonia,2006,68.67,,
ESTAT:ISOC_CI_IFP_IU(1.0),17/12/24 11:00:00,Annual,Internet use: never,Percentage of individuals,All individuals,North Macedonia,2008,50.96,,
ESTAT:ISOC_CI_IFP_IU(1.0),17/12/24 11:00:00,Annual,Internet use: never,Percentage of individuals,All individuals,North Macedonia,2009,47.34,,
ESTAT:ISOC_CI_IFP_IU(1.0),17/12/24 11:00:00,Annual,Internet use: never,Percentage of individuals,All individuals,North Macedonia,2010,44.48,,
ESTAT:ISOC_CI_IFP_IU(1.0),17/12/24 11:00:00,Annual,Internet use: never,Percentage of individuals,All individuals,North Macedonia,2012,38.51,,
ESTAT:ISOC_CI_IFP_IU(1.0),17/12/24 11:00:00,Annual,Internet use: never,Percentage of individuals,All individuals,North Macedonia,2013,32.64,,
ESTAT:ISOC_CI_IFP_IU(1.0),17/12/24 11:00:00,Annual,Internet use: never,Percentage of individuals,All individuals,North Macedonia,2014,28.73,,
ESTAT:ISOC_CI_IFP_IU(1.0),17/12/24 11:00:00,Annual,Internet use: never,Percentage of individuals,All individuals,North Macedonia,2015,25.88,,
ESTAT:ISOC_CI_IFP_IU(1.0),17/12/24 11:00:00,Annual,Internet use: never,Percentage of individuals,All individuals,North Macedonia,2016,23.24,,
ESTAT:ISOC_CI_IFP_IU(1.0),17/12/24 11:00:00,Annual,Internet use: never,Percentage of individuals,All individuals,North Macedonia,2017,20.89,,
ESTAT:ISOC_CI_IFP_IU(1.0),17/12/24 11:00:00,Annual,Internet use: never,Percentage of individuals,All individuals,North Macedonia,2018,18.06,,
ESTAT:ISOC_CI_IFP_IU(1.0),17/12/24 11:00:00,Annual,Internet use: never,Percentage of individuals,All individuals,North Macedonia,2019,16.69,,
ESTAT:ISOC_CI_IFP_IU(1.0),17/12/24 11:00:00,Annual,Internet use: never,Percentage of individuals,All individuals,North Macedonia,2020,14.10,,
ESTAT:ISOC_CI_IFP_IU(1.0),17/12/24 11:00:00,Annual,Internet use: never,Percentage of individuals,All individuals,North Macedonia,2021,11.44,,
ESTAT:ISOC_CI_IFP_IU(1.0),17/12/24 11:00:00,Annual,Internet use: never,Percentage of individuals,All individuals,North Macedonia,2024,6.48,,
ESTAT:ISOC_CI_IFP_IU(1.0),17/12/24 11:00:00,Annual,Internet use: never,Percentage of individuals,All individuals,Malta,2005,56.56,,
ESTAT:ISOC_CI_IFP_IU(1.0),17/12/24 11:00:00,Annual,Internet use: never,Percentage of individuals,All individuals,Malta,2006,58.04,,
ESTAT:ISOC_CI_IFP_IU(1.0),17/12/24 11:00:00,Annual,Internet use: never,Percentage of individuals,All individuals,Malta,2007,51.11,,
ESTAT:ISOC_CI_IFP_IU(1.0),17/12/24 11:00:00,Annual,Internet use: never,Percentage of individuals,All individuals,Malta,2008,48.93,,
ESTAT:ISOC_CI_IFP_IU(1.0),17/12/24 11:00:00,Annual,Internet use: never,Percentage of individuals,All individuals,Malta,2009,39.68,,
ESTAT:ISOC_CI_IFP_IU(1.0),17/12/24 11:00:00,Annual,Internet use: never,Percentage of individuals,All individuals,Malta,2010,35.91,,
ESTAT:ISOC_CI_IFP_IU(1.0),17/12/24 11:00:00,Annual,Internet use: never,Percentage of individuals,All individuals,Malta,2011,29.71,,
ESTAT:ISOC_CI_IFP_IU(1.0),17/12/24 11:00:00,Annual,Internet use: never,Percentage of individuals,All individuals,Malta,2012,28.95,,
ESTAT:ISOC_CI_IFP_IU(1.0),17/12/24 11:00:00,Annual,Internet use: never,Percentage of individuals,All individuals,Malta,2013,27.67,,
ESTAT:ISOC_CI_IFP_IU(1.0),17/12/24 11:00:00,Annual,Internet use: never,Percentage of individuals,All individuals,Malta,2014,24.11,,
ESTAT:ISOC_CI_IFP_IU(1.0),17/12/24 11:00:00,Annual,Internet use: never,Percentage of individuals,All individuals,Malta,2015,21.07,,
ESTAT:ISOC_CI_IFP_IU(1.0),17/12/24 11:00:00,Annual,Internet use: never,Percentage of individuals,All individuals,Malta,2016,20.58,,
ESTAT:ISOC_CI_IFP_IU(1.0),17/12/24 11:00:00,Annual,Internet use: never,Percentage of individuals,All individuals,Malta,2017,17.85,,
ESTAT:ISOC_CI_IFP_IU(1.0),17/12/24 11:00:00,Annual,Internet use: never,Percentage of individuals,All individuals,Malta,2018,16.59,,
ESTAT:ISOC_CI_IFP_IU(1.0),17/12/24 11:00:00,Annual,Internet use: never,Percentage of individuals,All individuals,Malta,2019,12.88,,
ESTAT:ISOC_CI_IFP_IU(1.0),17/12/24 11:00:00,Annual,Internet use: never,Percentage of individuals,All individuals,Malta,2020,12.39,,
ESTAT:ISOC_CI_IFP_IU(1.0),17/12/24 11:00:00,Annual,Internet use: never,Percentage of individuals,All individuals,Malta,2021,11.59,,
ESTAT:ISOC_CI_IFP_IU(1.0),17/12/24 11:00:00,Annual,Internet use: never,Percentage of individuals,All individuals,Malta,2022,7.43,,
ESTAT:ISOC_CI_IFP_IU(1.0),17/12/24 11:00:00,Annual,Internet use: never,Percentage of individuals,All individuals,Malta,2023,6.99,,
ESTAT:ISOC_CI_IFP_IU(1.0),17/12/24 11:00:00,Annual,Internet use: never,Percentage of individuals,All individuals,Malta,2024,5.70,,
ESTAT:ISOC_CI_IFP_IU(1.0),17/12/24 11:00:00,Annual,Internet use: never,Percentage of individuals,All individuals,Netherlands,2005,17.89,,
ESTAT:ISOC_CI_IFP_IU(1.0),17/12/24 11:00:00,Annual,Internet use: never,Percentage of individuals,All individuals,Netherlands,2006,16.00,,
ESTAT:ISOC_CI_IFP_IU(1.0),17/12/24 11:00:00,Annual,Internet use: never,Percentage of individuals,All individuals,Netherlands,2007,12.57,,
ESTAT:ISOC_CI_IFP_IU(1.0),17/12/24 11:00:00,Annual,Internet use: never,Percentage of individuals,All individuals,Netherlands,2008,11.45,,
ESTAT:ISOC_CI_IFP_IU(1.0),17/12/24 11:00:00,Annual,Internet use: never,Percentage of individuals,All individuals,Netherlands,2009,9.65,,
ESTAT:ISOC_CI_IFP_IU(1.0),17/12/24 11:00:00,Annual,Internet use: never,Percentage of individuals,All individuals,Netherlands,2010,8.16,,
ESTAT:ISOC_CI_IFP_IU(1.0),17/12/24 11:00:00,Annual,Internet use: never,Percentage of individuals,All individuals,Netherlands,2011,6.97,,
ESTAT:ISOC_CI_IFP_IU(1.0),17/12/24 11:00:00,Annual,Internet use: never,Percentage of individuals,All individuals,Netherlands,2012,5.78,,
ESTAT:ISOC_CI_IFP_IU(1.0),17/12/24 11:00:00,Annual,Internet use: never,Percentage of individuals,All individuals,Netherlands,2013,4.88,,
ESTAT:ISOC_CI_IFP_IU(1.0),17/12/24 11:00:00,Annual,Internet use: never,Percentage of individuals,All individuals,Netherlands,2014,4.95,,
ESTAT:ISOC_CI_IFP_IU(1.0),17/12/24 11:00:00,Annual,Internet use: never,Percentage of individuals,All individuals,Netherlands,2015,4.44,,
ESTAT:ISOC_CI_IFP_IU(1.0),17/12/24 11:00:00,Annual,Internet use: never,Percentage of individuals,All individuals,Netherlands,2016,4.65,,
ESTAT:ISOC_CI_IFP_IU(1.0),17/12/24 11:00:00,Annual,Internet use: never,Percentage of individuals,All individuals,Netherlands,2017,2.96,,
ESTAT:ISOC_CI_IFP_IU(1.0),17/12/24 11:00:00,Annual,Internet use: never,Percentage of individuals,All individuals,Netherlands,2018,3.67,,
ESTAT:ISOC_CI_IFP_IU(1.0),17/12/24 11:00:00,Annual,Internet use: never,Percentage of individuals,All individuals,Netherlands,2019,2.43,,
ESTAT:ISOC_CI_IFP_IU(1.0),17/12/24 11:00:00,Annual,Internet use: never,Percentage of individuals,All individuals,Netherlands,2020,3.71,,
ESTAT:ISOC_CI_IFP_IU(1.0),17/12/24 11:00:00,Annual,Internet use: never,Percentage of individuals,All individuals,Netherlands,2021,3.49,,
ESTAT:ISOC_CI_IFP_IU(1.0),17/12/24 11:00:00,Annual,Internet use: never,Percentage of individuals,All individuals,Netherlands,2022,3.22,,
ESTAT:ISOC_CI_IFP_IU(1.0),17/12/24 11:00:00,Annual,Internet use: never,Percentage of individuals,All individuals,Netherlands,2023,0.58,,
ESTAT:ISOC_CI_IFP_IU(1.0),17/12/24 11:00:00,Annual,Internet use: never,Percentage of individuals,All individuals,Netherlands,2024,0.35,,
ESTAT:ISOC_CI_IFP_IU(1.0),17/12/24 11:00:00,Annual,Internet use: never,Percentage of individuals,All individuals,Norway,2005,15.00,,
ESTAT:ISOC_CI_IFP_IU(1.0),17/12/24 11:00:00,Annual,Internet use: never,Percentage of individuals,All individuals,Norway,2006,16.61,,
ESTAT:ISOC_CI_IFP_IU(1.0),17/12/24 11:00:00,Annual,Internet use: never,Percentage of individuals,All individuals,Norway,2007,10.94,,
ESTAT:ISOC_CI_IFP_IU(1.0),17/12/24 11:00:00,Annual,Internet use: never,Percentage of individuals,All individuals,Norway,2008,7.83,,
ESTAT:ISOC_CI_IFP_IU(1.0),17/12/24 11:00:00,Annual,Internet use: never,Percentage of individuals,All individuals,Norway,2009,6.41,,
ESTAT:ISOC_CI_IFP_IU(1.0),17/12/24 11:00:00,Annual,Internet use: never,Percentage of individuals,All individuals,Norway,2010,5.23,,
ESTAT:ISOC_CI_IFP_IU(1.0),17/12/24 11:00:00,Annual,Internet use: never,Percentage of individuals,All individuals,Norway,2011,4.63,,
ESTAT:ISOC_CI_IFP_IU(1.0),17/12/24 11:00:00,Annual,Internet use: never,Percentage of individuals,All individuals,Norway,2012,3.84,,
ESTAT:ISOC_CI_IFP_IU(1.0),17/12/24 11:00:00,Annual,Internet use: never,Percentage of individuals,All individuals,Norway,2013,3.14,,
ESTAT:ISOC_CI_IFP_IU(1.0),17/12/24 11:00:00,Annual,Internet use: never,Percentage of individuals,All individuals,Norway,2014,2.69,,
ESTAT:ISOC_CI_IFP_IU(1.0),17/12/24 11:00:00,Annual,Internet use: never,Percentage of individuals,All individuals,Norway,2015,1.46,,
ESTAT:ISOC_CI_IFP_IU(1.0),17/12/24 11:00:00,Annual,Internet use: never,Percentage of individuals,All individuals,Norway,2016,1.66,,
ESTAT:ISOC_CI_IFP_IU(1.0),17/12/24 11:00:00,Annual,Internet use: never,Percentage of individuals,All individuals,Norway,2017,1.11,,
ESTAT:ISOC_CI_IFP_IU(1.0),17/12/24 11:00:00,Annual,Internet use: never,Percentage of individuals,All individuals,Norway,2018,1.17,,
ESTAT:ISOC_CI_IFP_IU(1.0),17/12/24 11:00:00,Annual,Internet use: never,Percentage of individuals,All individuals,Norway,2019,0.82,,
ESTAT:ISOC_CI_IFP_IU(1.0),17/12/24 11:00:00,Annual,Internet use: never,Percentage of individuals,All individuals,Norway,2020,0.67,,
ESTAT:ISOC_CI_IFP_IU(1.0),17/12/24 11:00:00,Annual,Internet use: never,Percentage of individuals,All individuals,Norway,2021,0.26,,
ESTAT:ISOC_CI_IFP_IU(1.0),17/12/24 11:00:00,Annual,Internet use: never,Percentage of individuals,All individuals,Norway,2022,0.08,,
ESTAT:ISOC_CI_IFP_IU(1.0),17/12/24 11:00:00,Annual,Internet use: never,Percentage of individuals,All individuals,Norway,2023,0.08,,
ESTAT:ISOC_CI_IFP_IU(1.0),17/12/24 11:00:00,Annual,Internet use: never,Percentage of individuals,All individuals,Norway,2024,0.30,,
ESTAT:ISOC_CI_IFP_IU(1.0),17/12/24 11:00:00,Annual,Internet use: never,Percentage of individuals,All individuals,Poland,2005,57.77,,
ESTAT:ISOC_CI_IFP_IU(1.0),17/12/24 11:00:00,Annual,Internet use: never,Percentage of individuals,All individuals,Poland,2006,52.13,,
ESTAT:ISOC_CI_IFP_IU(1.0),17/12/24 11:00:00,Annual,Internet use: never,Percentage of individuals,All individuals,Poland,2007,47.84,,
ESTAT:ISOC_CI_IFP_IU(1.0),17/12/24 11:00:00,Annual,Internet use: never,Percentage of individuals,All individuals,Poland,2008,43.75,,
ESTAT:ISOC_CI_IFP_IU(1.0),17/12/24 11:00:00,Annual,Internet use: never,Percentage of individuals,All individuals,Poland,2009,38.57,,
ESTAT:ISOC_CI_IFP_IU(1.0),17/12/24 11:00:00,Annual,Internet use: never,Percentage of individuals,All individuals,Poland,2010,35.07,,
ESTAT:ISOC_CI_IFP_IU(1.0),17/12/24 11:00:00,Annual,Internet use: never,Percentage of individuals,All individuals,Poland,2011,32.71,,
ESTAT:ISOC_CI_IFP_IU(1.0),17/12/24 11:00:00,Annual,Internet use: never,Percentage of individuals,All individuals,Poland,2012,32.37,,
ESTAT:ISOC_CI_IFP_IU(1.0),17/12/24 11:00:00,Annual,Internet use: never,Percentage of individuals,All individuals,Poland,2013,31.97,,
ESTAT:ISOC_CI_IFP_IU(1.0),17/12/24 11:00:00,Annual,Internet use: never,Percentage of individuals,All individuals,Poland,2014,28.11,,
ESTAT:ISOC_CI_IFP_IU(1.0),17/12/24 11:00:00,Annual,Internet use: never,Percentage of individuals,All individuals,Poland,2015,27.08,,
ESTAT:ISOC_CI_IFP_IU(1.0),17/12/24 11:00:00,Annual,Internet use: never,Percentage of individuals,All individuals,Poland,2016,22.27,,
ESTAT:ISOC_CI_IFP_IU(1.0),17/12/24 11:00:00,Annual,Internet use: never,Percentage of individuals,All individuals,Poland,2017,19.62,,
ESTAT:ISOC_CI_IFP_IU(1.0),17/12/24 11:00:00,Annual,Internet use: never,Percentage of individuals,All individuals,Poland,2018,18.32,,
ESTAT:ISOC_CI_IFP_IU(1.0),17/12/24 11:00:00,Annual,Internet use: never,Percentage of individuals,All individuals,Poland,2019,15.48,,
ESTAT:ISOC_CI_IFP_IU(1.0),17/12/24 11:00:00,Annual,Internet use: never,Percentage of individuals,All individuals,Poland,2020,13.16,,
ESTAT:ISOC_CI_IFP_IU(1.0),17/12/24 11:00:00,Annual,Internet use: never,Percentage of individuals,All individuals,Poland,2021,11.14,,
ESTAT:ISOC_CI_IFP_IU(1.0),17/12/24 11:00:00,Annual,Internet use: never,Percentage of individuals,All individuals,Poland,2022,9.42,,
ESTAT:ISOC_CI_IFP_IU(1.0),17/12/24 11:00:00,Annual,Internet use: never,Percentage of individuals,All individuals,Poland,2023,9.78,,
ESTAT:ISOC_CI_IFP_IU(1.0),17/12/24 11:00:00,Annual,Internet use: never,Percentage of individuals,All individuals,Poland,2024,8.52,,
ESTAT:ISOC_CI_IFP_IU(1.0),17/12/24 11:00:00,Annual,Internet use: never,Percentage of individuals,All individuals,Portugal,2005,62.60,,
ESTAT:ISOC_CI_IFP_IU(1.0),17/12/24 11:00:00,Annual,Internet use: never,Percentage of individuals,All individuals,Portugal,2006,59.72,,
ESTAT:ISOC_CI_IFP_IU(1.0),17/12/24 11:00:00,Annual,Internet use: never,Percentage of individuals,All individuals,Portugal,2007,55.62,,
ESTAT:ISOC_CI_IFP_IU(1.0),17/12/24 11:00:00,Annual,Internet use: never,Percentage of individuals,All individuals,Portugal,2008,54.38,,
ESTAT:ISOC_CI_IFP_IU(1.0),17/12/24 11:00:00,Annual,Internet use: never,Percentage of individuals,All individuals,Portugal,2009,50.47,,
ESTAT:ISOC_CI_IFP_IU(1.0),17/12/24 11:00:00,Annual,Internet use: never,Percentage of individuals,All individuals,Portugal,2010,45.51,,
ESTAT:ISOC_CI_IFP_IU(1.0),17/12/24 11:00:00,Annual,Internet use: never,Percentage of individuals,All individuals,Portugal,2011,40.50,,
ESTAT:ISOC_CI_IFP_IU(1.0),17/12/24 11:00:00,Annual,Internet use: never,Percentage of individuals,All individuals,Portugal,2012,34.45,,
ESTAT:ISOC_CI_IFP_IU(1.0),17/12/24 11:00:00,Annual,Internet use: never,Percentage of individuals,All individuals,Portugal,2013,33.09,,
ESTAT:ISOC_CI_IFP_IU(1.0),17/12/24 11:00:00,Annual,Internet use: never,Percentage of individuals,All individuals,Portugal,2014,30.46,,
ESTAT:ISOC_CI_IFP_IU(1.0),17/12/24 11:00:00,Annual,Internet use: never,Percentage of individuals,All individuals,Portugal,2015,27.86,,
ESTAT:ISOC_CI_IFP_IU(1.0),17/12/24 11:00:00,Annual,Internet use: never,Percentage of individuals,All individuals,Portugal,2016,25.79,,
ESTAT:ISOC_CI_IFP_IU(1.0),17/12/24 11:00:00,Annual,Internet use: never,Percentage of individuals,All individuals,Portugal,2017,22.34,,
ESTAT:ISOC_CI_IFP_IU(1.0),17/12/24 11:00:00,Annual,Internet use: never,Percentage of individuals,All individuals,Portugal,2018,22.78,,
ESTAT:ISOC_CI_IFP_IU(1.0),17/12/24 11:00:00,Annual,Internet use: never,Percentage of individuals,All individuals,Portugal,2019,21.97,,
ESTAT:ISOC_CI_IFP_IU(1.0),17/12/24 11:00:00,Annual,Internet use: never,Percentage of individuals,All individuals,Portugal,2020,18.22,,
ESTAT:ISOC_CI_IFP_IU(1.0),17/12/24 11:00:00,Annual,Internet use: never,Percentage of individuals,All individuals,Portugal,2021,15.61,,
ESTAT:ISOC_CI_IFP_IU(1.0),17/12/24 11:00:00,Annual,Internet use: never,Percentage of individuals,All individuals,Portugal,2022,13.62,,
ESTAT:ISOC_CI_IFP_IU(1.0),17/12/24 11:00:00,Annual,Internet use: never,Percentage of individuals,All individuals,Portugal,2023,12.39,,
ESTAT:ISOC_CI_IFP_IU(1.0),17/12/24 11:00:00,Annual,Internet use: never,Percentage of individuals,All individuals,Portugal,2024,9.77,,
ESTAT:ISOC_CI_IFP_IU(1.0),17/12/24 11:00:00,Annual,Internet use: never,Percentage of individuals,All individuals,Romania,2006,74.01,,
ESTAT:ISOC_CI_IFP_IU(1.0),17/12/24 11:00:00,Annual,Internet use: never,Percentage of individuals,All individuals,Romania,2007,69.19,,
ESTAT:ISOC_CI_IFP_IU(1.0),17/12/24 11:00:00,Annual,Internet use: never,Percentage of individuals,All individuals,Romania,2008,64.08,,
ESTAT:ISOC_CI_IFP_IU(1.0),17/12/24 11:00:00,Annual,Internet use: never,Percentage of individuals,All individuals,Romania,2009,62.48,,
ESTAT:ISOC_CI_IFP_IU(1.0),17/12/24 11:00:00,Annual,Internet use: never,Percentage of individuals,All individuals,Romania,2010,57.20,,
ESTAT:ISOC_CI_IFP_IU(1.0),17/12/24 11:00:00,Annual,Internet use: never,Percentage of individuals,All individuals,Romania,2011,54.21,,
ESTAT:ISOC_CI_IFP_IU(1.0),17/12/24 11:00:00,Annual,Internet use: never,Percentage of individuals,All individuals,Romania,2012,47.73,,
ESTAT:ISOC_CI_IFP_IU(1.0),17/12/24 11:00:00,Annual,Internet use: never,Percentage of individuals,All individuals,Romania,2013,42.37,,
ESTAT:ISOC_CI_IFP_IU(1.0),17/12/24 11:00:00,Annual,Internet use: never,Percentage of individuals,All individuals,Romania,2014,38.60,b,
ESTAT:ISOC_CI_IFP_IU(1.0),17/12/24 11:00:00,Annual,Internet use: never,Percentage of individuals,All individuals,Romania,2015,31.80,,
ESTAT:ISOC_CI_IFP_IU(1.0),17/12/24 11:00:00,Annual,Internet use: never,Percentage of individuals,All individuals,Romania,2016,30.29,,
ESTAT:ISOC_CI_IFP_IU(1.0),17/12/24 11:00:00,Annual,Internet use: never,Percentage of individuals,All individuals,Romania,2017,26.54,,
ESTAT:ISOC_CI_IFP_IU(1.0),17/12/24 11:00:00,Annual,Internet use: never,Percentage of individuals,All individuals,Romania,2018,21.22,,
ESTAT:ISOC_CI_IFP_IU(1.0),17/12/24 11:00:00,Annual,Internet use: never,Percentage of individuals,All individuals,Romania,2019,17.66,,
ESTAT:ISOC_CI_IFP_IU(1.0),17/12/24 11:00:00,Annual,Internet use: never,Percentage of individuals,All individuals,Romania,2020,14.05,,
ESTAT:ISOC_CI_IFP_IU(1.0),17/12/24 11:00:00,Annual,Internet use: never,Percentage of individuals,All individuals,Romania,2021,11.36,,
ESTAT:ISOC_CI_IFP_IU(1.0),17/12/24 11:00:00,Annual,Internet use: never,Percentage of individuals,All individuals,Romania,2022,10.35,,
ESTAT:ISOC_CI_IFP_IU(1.0),17/12/24 11:00:00,Annual,Internet use: never,Percentage of individuals,All individuals,Romania,2023,7.45,,
ESTAT:ISOC_CI_IFP_IU(1.0),17/12/24 11:00:00,Annual,Internet use: never,Percentage of individuals,All individuals,Romania,2024,5.32,,
ESTAT:ISOC_CI_IFP_IU(1.0),17/12/24 11:00:00,Annual,Internet use: never,Percentage of individuals,All individuals,Serbia,2007,65.38,,
ESTAT:ISOC_CI_IFP_IU(1.0),17/12/24 11:00:00,Annual,Internet use: never,Percentage of individuals,All individuals,Serbia,2009,56.40,,
ESTAT:ISOC_CI_IFP_IU(1.0),17/12/24 11:00:00,Annual,Internet use: never,Percentage of individuals,All individuals,Serbia,2015,30.59,,
ESTAT:ISOC_CI_IFP_IU(1.0),17/12/24 11:00:00,Annual,Internet use: never,Percentage of individuals,All individuals,Serbia,2017,25.77,,
ESTAT:ISOC_CI_IFP_IU(1.0),17/12/24 11:00:00,Annual,Internet use: never,Percentage of individuals,All individuals,Serbia,2018,24.24,,
ESTAT:ISOC_CI_IFP_IU(1.0),17/12/24 11:00:00,Annual,Internet use: never,Percentage of individuals,All individuals,Serbia,2019,19.36,,
ESTAT:ISOC_CI_IFP_IU(1.0),17/12/24 11:00:00,Annual,Internet use: never,Percentage of individuals,All individuals,Serbia,2020,17.43,,
ESTAT:ISOC_CI_IFP_IU(1.0),17/12/24 11:00:00,Annual,Internet use: never,Percentage of individuals,All individuals,Serbia,2021,10.43,,
ESTAT:ISOC_CI_IFP_IU(1.0),17/12/24 11:00:00,Annual,Internet use: never,Percentage of individuals,All individuals,Serbia,2022,10.62,,
ESTAT:ISOC_CI_IFP_IU(1.0),17/12/24 11:00:00,Annual,Internet use: never,Percentage of individuals,All individuals,Serbia,2023,8.90,,
ESTAT:ISOC_CI_IFP_IU(1.0),17/12/24 11:00:00,Annual,Internet use: never,Percentage of individuals,All individuals,Serbia,2024,7.35,,
ESTAT:ISOC_CI_IFP_IU(1.0),17/12/24 11:00:00,Annual,Internet use: never,Percentage of individuals,All individuals,Sweden,2005,11.57,,
ESTAT:ISOC_CI_IFP_IU(1.0),17/12/24 11:00:00,Annual,Internet use: never,Percentage of individuals,All individuals,Sweden,2006,9.52,,
ESTAT:ISOC_CI_IFP_IU(1.0),17/12/24 11:00:00,Annual,Internet use: never,Percentage of individuals,All individuals,Sweden,2007,14.79,,
ESTAT:ISOC_CI_IFP_IU(1.0),17/12/24 11:00:00,Annual,Internet use: never,Percentage of individuals,All individuals,Sweden,2008,8.64,,
ESTAT:ISOC_CI_IFP_IU(1.0),17/12/24 11:00:00,Annual,Internet use: never,Percentage of individuals,All individuals,Sweden,2009,7.35,,
ESTAT:ISOC_CI_IFP_IU(1.0),17/12/24 11:00:00,Annual,Internet use: never,Percentage of individuals,All individuals,Sweden,2010,6.77,,
ESTAT:ISOC_CI_IFP_IU(1.0),17/12/24 11:00:00,Annual,Internet use: never,Percentage of individuals,All individuals,Sweden,2011,4.62,,
ESTAT:ISOC_CI_IFP_IU(1.0),17/12/24 11:00:00,Annual,Internet use: never,Percentage of individuals,All individuals,Sweden,2012,5.44,,
ESTAT:ISOC_CI_IFP_IU(1.0),17/12/24 11:00:00,Annual,Internet use: never,Percentage of individuals,All individuals,Sweden,2013,3.73,,
ESTAT:ISOC_CI_IFP_IU(1.0),17/12/24 11:00:00,Annual,Internet use: never,Percentage of individuals,All individuals,Sweden,2014,5.50,,
ESTAT:ISOC_CI_IFP_IU(1.0),17/12/24 11:00:00,Annual,Internet use: never,Percentage of individuals,All individuals,Sweden,2015,4.52,,
ESTAT:ISOC_CI_IFP_IU(1.0),17/12/24 11:00:00,Annual,Internet use: never,Percentage of individuals,All individuals,Sweden,2016,2.53,b,
ESTAT:ISOC_CI_IFP_IU(1.0),17/12/24 11:00:00,Annual,Internet use: never,Percentage of individuals,All individuals,Sweden,2017,2.25,,
ESTAT:ISOC_CI_IFP_IU(1.0),17/12/24 11:00:00,Annual,Internet use: never,Percentage of individuals,All individuals,Sweden,2018,4.31,,
ESTAT:ISOC_CI_IFP_IU(1.0),17/12/24 11:00:00,Annual,Internet use: never,Percentage of individuals,All individuals,Sweden,2019,1.81,,
ESTAT:ISOC_CI_IFP_IU(1.0),17/12/24 11:00:00,Annual,Internet use: never,Percentage of individuals,All individuals,Sweden,2020,1.19,,
ESTAT:ISOC_CI_IFP_IU(1.0),17/12/24 11:00:00,Annual,Internet use: never,Percentage of individuals,All individuals,Sweden,2021,1.37,,
ESTAT:ISOC_CI_IFP_IU(1.0),17/12/24 11:00:00,Annual,Internet use: never,Percentage of individuals,All individuals,Sweden,2022,1.13,,
ESTAT:ISOC_CI_IFP_IU(1.0),17/12/24 11:00:00,Annual,Internet use: never,Percentage of individuals,All individuals,Sweden,2023,0.91,,
ESTAT:ISOC_CI_IFP_IU(1.0),17/12/24 11:00:00,Annual,Internet use: never,Percentage of individuals,All individuals,Sweden,2024,0.69,,
ESTAT:ISOC_CI_IFP_IU(1.0),17/12/24 11:00:00,Annual,Internet use: never,Percentage of individuals,All individuals,Slovenia,2005,47.66,,
ESTAT:ISOC_CI_IFP_IU(1.0),17/12/24 11:00:00,Annual,Internet use: never,Percentage of individuals,All individuals,Slovenia,2006,43.49,,
ESTAT:ISOC_CI_IFP_IU(1.0),17/12/24 11:00:00,Annual,Internet use: never,Percentage of individuals,All individuals,Slovenia,2007,39.46,,
ESTAT:ISOC_CI_IFP_IU(1.0),17/12/24 11:00:00,Annual,Internet use: never,Percentage of individuals,All individuals,Slovenia,2008,39.79,,
ESTAT:ISOC_CI_IFP_IU(1.0),17/12/24 11:00:00,Annual,Internet use: never,Percentage of individuals,All individuals,Slovenia,2009,33.00,,
ESTAT:ISOC_CI_IFP_IU(1.0),17/12/24 11:00:00,Annual,Internet use: never,Percentage of individuals,All individuals,Slovenia,2010,28.45,,
ESTAT:ISOC_CI_IFP_IU(1.0),17/12/24 11:00:00,Annual,Internet use: never,Percentage of individuals,All individuals,Slovenia,2011,29.10,,
ESTAT:ISOC_CI_IFP_IU(1.0),17/12/24 11:00:00,Annual,Internet use: never,Percentage of individuals,All individuals,Slovenia,2012,27.98,,
ESTAT:ISOC_CI_IFP_IU(1.0),17/12/24 11:00:00,Annual,Internet use: never,Percentage of individuals,All individuals,Slovenia,2013,22.59,,
ESTAT:ISOC_CI_IFP_IU(1.0),17/12/24 11:00:00,Annual,Internet use: never,Percentage of individuals,All individuals,Slovenia,2014,24.06,,
ESTAT:ISOC_CI_IFP_IU(1.0),17/12/24 11:00:00,Annual,Internet use: never,Percentage of individuals,All individuals,Slovenia,2015,22.13,,
ESTAT:ISOC_CI_IFP_IU(1.0),17/12/24 11:00:00,Annual,Internet use: never,Percentage of individuals,All individuals,Slovenia,2016,21.90,,
ESTAT:ISOC_CI_IFP_IU(1.0),17/12/24 11:00:00,Annual,Internet use: never,Percentage of individuals,All individuals,Slovenia,2017,17.62,,
ESTAT:ISOC_CI_IFP_IU(1.0),17/12/24 11:00:00,Annual,Internet use: never,Percentage of individuals,All individuals,Slovenia,2018,16.02,,
ESTAT:ISOC_CI_IFP_IU(1.0),17/12/24 11:00:00,Annual,Internet use: never,Percentage of individuals,All individuals,Slovenia,2019,13.00,,
ESTAT:ISOC_CI_IFP_IU(1.0),17/12/24 11:00:00,Annual,Internet use: never,Percentage of individuals,All individuals,Slovenia,2020,11.12,,
ESTAT:ISOC_CI_IFP_IU(1.0),17/12/24 11:00:00,Annual,Internet use: never,Percentage of individuals,All individuals,Slovenia,2021,7.82,,
ESTAT:ISOC_CI_IFP_IU(1.0),17/12/24 11:00:00,Annual,Internet use: never,Percentage of individuals,All individuals,Slovenia,2022,8.62,,
ESTAT:ISOC_CI_IFP_IU(1.0),17/12/24 11:00:00,Annual,Internet use: never,Percentage of individuals,All individuals,Slovenia,2023,7.96,,
ESTAT:ISOC_CI_IFP_IU(1.0),17/12/24 11:00:00,Annual,Internet use: never,Percentage of individuals,All individuals,Slovenia,2024,7.01,,
ESTAT:ISOC_CI_IFP_IU(1.0),17/12/24 11:00:00,Annual,Internet use: never,Percentage of individuals,All individuals,Slovakia,2005,41.66,,
ESTAT:ISOC_CI_IFP_IU(1.0),17/12/24 11:00:00,Annual,Internet use: never,Percentage of individuals,All individuals,Slovakia,2006,40.87,,
ESTAT:ISOC_CI_IFP_IU(1.0),17/12/24 11:00:00,Annual,Internet use: never,Percentage of individuals,All individuals,Slovakia,2007,35.01,,
ESTAT:ISOC_CI_IFP_IU(1.0),17/12/24 11:00:00,Annual,Internet use: never,Percentage of individuals,All individuals,Slovakia,2008,24.62,,
ESTAT:ISOC_CI_IFP_IU(1.0),17/12/24 11:00:00,Annual,Internet use: never,Percentage of individuals,All individuals,Slovakia,2009,21.90,,
ESTAT:ISOC_CI_IFP_IU(1.0),17/12/24 11:00:00,Annual,Internet use: never,Percentage of individuals,All individuals,Slovakia,2010,17.49,,
ESTAT:ISOC_CI_IFP_IU(1.0),17/12/24 11:00:00,Annual,Internet use: never,Percentage of individuals,All individuals,Slovakia,2011,19.54,,
ESTAT:ISOC_CI_IFP_IU(1.0),17/12/24 11:00:00,Annual,Internet use: never,Percentage of individuals,All individuals,Slovakia,2012,17.68,,
ESTAT:ISOC_CI_IFP_IU(1.0),17/12/24 11:00:00,Annual,Internet use: never,Percentage of individuals,All individuals,Slovakia,2013,15.25,,
ESTAT:ISOC_CI_IFP_IU(1.0),17/12/24 11:00:00,Annual,Internet use: never,Percentage of individuals,All individuals,Slovakia,2014,14.60,,
ESTAT:ISOC_CI_IFP_IU(1.0),17/12/24 11:00:00,Annual,Internet use: never,Percentage of individuals,All individuals,Slovakia,2015,16.26,,
ESTAT:ISOC_CI_IFP_IU(1.0),17/12/24 11:00:00,Annual,Internet use: never,Percentage of individuals,All individuals,Slovakia,2016,15.07,,
ESTAT:ISOC_CI_IFP_IU(1.0),17/12/24 11:00:00,Annual,Internet use: never,Percentage of individuals,All individuals,Slovakia,2017,14.04,,
ESTAT:ISOC_CI_IFP_IU(1.0),17/12/24 11:00:00,Annual,Internet use: never,Percentage of individuals,All individuals,Slovakia,2018,13.35,,
ESTAT:ISOC_CI_IFP_IU(1.0),17/12/24 11:00:00,Annual,Internet use: never,Percentage of individuals,All individuals,Slovakia,2019,11.71,,
ESTAT:ISOC_CI_IFP_IU(1.0),17/12/24 11:00:00,Annual,Internet use: never,Percentage of individuals,All individuals,Slovakia,2020,6.74,,
ESTAT:ISOC_CI_IFP_IU(1.0),17/12/24 11:00:00,Annual,Internet use: never,Percentage of individuals,All individuals,Slovakia,2021,7.75,,
ESTAT:ISOC_CI_IFP_IU(1.0),17/12/24 11:00:00,Annual,Internet use: never,Percentage of individuals,All individuals,Slovakia,2022,7.48,,
ESTAT:ISOC_CI_IFP_IU(1.0),17/12/24 11:00:00,Annual,Internet use: never,Percentage of individuals,All individuals,Slovakia,2023,8.64,,
ESTAT:ISOC_CI_IFP_IU(1.0),17/12/24 11:00:00,Annual,Internet use: never,Percentage of individuals,All individuals,Slovakia,2024,6.15,,
ESTAT:ISOC_CI_IFP_IU(1.0),17/12/24 11:00:00,Annual,Internet use: never,Percentage of individuals,All individuals,Trkiye,2005,82.45,,
ESTAT:ISOC_CI_IFP_IU(1.0),17/12/24 11:00:00,Annual,Internet use: never,Percentage of individuals,All individuals,Trkiye,2007,69.86,,
ESTAT:ISOC_CI_IFP_IU(1.0),17/12/24 11:00:00,Annual,Internet use: never,Percentage of individuals,All individuals,Trkiye,2008,64.15,,
ESTAT:ISOC_CI_IFP_IU(1.0),17/12/24 11:00:00,Annual,Internet use: never,Percentage of individuals,All individuals,Trkiye,2009,61.86,,
ESTAT:ISOC_CI_IFP_IU(1.0),17/12/24 11:00:00,Annual,Internet use: never,Percentage of individuals,All individuals,Trkiye,2010,58.36,,
ESTAT:ISOC_CI_IFP_IU(1.0),17/12/24 11:00:00,Annual,Internet use: never,Percentage of individuals,All individuals,Trkiye,2012,52.56,,
ESTAT:ISOC_CI_IFP_IU(1.0),17/12/24 11:00:00,Annual,Internet use: never,Percentage of individuals,All individuals,Trkiye,2013,51.10,,
ESTAT:ISOC_CI_IFP_IU(1.0),17/12/24 11:00:00,Annual,Internet use: never,Percentage of individuals,All individuals,Trkiye,2014,46.22,,
ESTAT:ISOC_CI_IFP_IU(1.0),17/12/24 11:00:00,Annual,Internet use: never,Percentage of individuals,All individuals,Trkiye,2015,44.08,,
ESTAT:ISOC_CI_IFP_IU(1.0),17/12/24 11:00:00,Annual,Internet use: never,Percentage of individuals,All individuals,Trkiye,2016,38.84,,
ESTAT:ISOC_CI_IFP_IU(1.0),17/12/24 11:00:00,Annual,Internet use: never,Percentage of individuals,All individuals,Trkiye,2017,33.15,,
ESTAT:ISOC_CI_IFP_IU(1.0),17/12/24 11:00:00,Annual,Internet use: never,Percentage of individuals,All individuals,Trkiye,2018,27.11,,
ESTAT:ISOC_CI_IFP_IU(1.0),17/12/24 11:00:00,Annual,Internet use: never,Percentage of individuals,All individuals,Trkiye,2019,24.66,,
ESTAT:ISOC_CI_IFP_IU(1.0),17/12/24 11:00:00,Annual,Internet use: never,Percentage of individuals,All individuals,Trkiye,2020,21.02,,
ESTAT:ISOC_CI_IFP_IU(1.0),17/12/24 11:00:00,Annual,Internet use: never,Percentage of individuals,All individuals,Trkiye,2021,17.37,,
ESTAT:ISOC_CI_IFP_IU(1.0),17/12/24 11:00:00,Annual,Internet use: never,Percentage of individuals,All individuals,Trkiye,2022,14.99,,
ESTAT:ISOC_CI_IFP_IU(1.0),17/12/24 11:00:00,Annual,Internet use: never,Percentage of individuals,All individuals,Trkiye,2023,12.88,,
ESTAT:ISOC_CI_IFP_IU(1.0),17/12/24 11:00:00,Annual,Internet use: never,Percentage of individuals,All individuals,Trkiye,2024,11.20,,
ESTAT:ISOC_CI_IFP_IU(1.0),17/12/24 11:00:00,Annual,Internet use: never,Percentage of individuals,All individuals,United Kingdom,2005,28.21,,
ESTAT:ISOC_CI_IFP_IU(1.0),17/12/24 11:00:00,Annual,Internet use: never,Percentage of individuals,All individuals,United Kingdom,2006,29.01,,
ESTAT:ISOC_CI_IFP_IU(1.0),17/12/24 11:00:00,Annual,Internet use: never,Percentage of individuals,All individuals,United Kingdom,2007,22.10,,
ESTAT:ISOC_CI_IFP_IU(1.0),17/12/24 11:00:00,Annual,Internet use: never,Percentage of individuals,All individuals,United Kingdom,2008,18.91,,
ESTAT:ISOC_CI_IFP_IU(1.0),17/12/24 11:00:00,Annual,Internet use: never,Percentage of individuals,All individuals,United Kingdom,2009,14.81,,
ESTAT:ISOC_CI_IFP_IU(1.0),17/12/24 11:00:00,Annual,Internet use: never,Percentage of individuals,All individuals,United Kingdom,2010,12.67,,
ESTAT:ISOC_CI_IFP_IU(1.0),17/12/24 11:00:00,Annual,Internet use: never,Percentage of individuals,All individuals,United Kingdom,2011,11.23,,
ESTAT:ISOC_CI_IFP_IU(1.0),17/12/24 11:00:00,Annual,Internet use: never,Percentage of individuals,All individuals,United Kingdom,2012,10.11,,
ESTAT:ISOC_CI_IFP_IU(1.0),17/12/24 11:00:00,Annual,Internet use: never,Percentage of individuals,All individuals,United Kingdom,2013,7.99,,
ESTAT:ISOC_CI_IFP_IU(1.0),17/12/24 11:00:00,Annual,Internet use: never,Percentage of individuals,All individuals,United Kingdom,2014,5.53,,
ESTAT:ISOC_CI_IFP_IU(1.0),17/12/24 11:00:00,Annual,Internet use: never,Percentage of individuals,All individuals,United Kingdom,2015,6.15,,
ESTAT:ISOC_CI_IFP_IU(1.0),17/12/24 11:00:00,Annual,Internet use: never,Percentage of individuals,All individuals,United Kingdom,2016,3.85,,
ESTAT:ISOC_CI_IFP_IU(1.0),17/12/24 11:00:00,Annual,Internet use: never,Percentage of individuals,All individuals,United Kingdom,2017,3.90,,
ESTAT:ISOC_CI_IFP_IU(1.0),17/12/24 11:00:00,Annual,Internet use: never,Percentage of individuals,All individuals,United Kingdom,2018,4.31,,
ESTAT:ISOC_CI_IFP_IU(1.0),17/12/24 11:00:00,Annual,Internet use: never,Percentage of individuals,All individuals,United Kingdom,2019,3.17,,
ESTAT:ISOC_CI_IFP_IU(1.0),17/12/24 11:00:00,Annual,Internet use: never,Percentage of individuals,All individuals,United Kingdom,2020,1.53,,
ESTAT:ISOC_CI_IFP_IU(1.0),17/12/24 11:00:00,Annual,Internet use: never,Percentage of individuals,All individuals,Kosovo*,2017,13.05,,
ESTAT:ISOC_CI_IFP_IU(1.0),17/12/24 11:00:00,Annual,Internet use: never,Percentage of individuals,All individuals,Kosovo*,2018,10.78,,
ESTAT:ISOC_CI_IFP_IU(1.0),17/12/24 11:00:00,Annual,Internet use: never,Percentage of individuals,All individuals,Kosovo*,2019,8.06,,
ESTAT:ISOC_CI_IFP_IU(1.0),17/12/24 11:00:00,Annual,Internet use: never,Percentage of individuals,All individuals,Kosovo*,2020,2.38,,
