freq,unit,indic_is,ind_type,geo,TIME_PERIOD,OBS_VALUE
Annual,Percentage of individuals,"Internet use: participating in social networks (creating user profile, posting messages or other contributions to facebook, twitter, etc.)",All individuals,Albania,2018,48.33
Annual,Percentage of individuals,"Internet use: participating in social networks (creating user profile, posting messages or other contributions to facebook, twitter, etc.)",All individuals,Albania,2019,52.13
Annual,Percentage of individuals,"Internet use: participating in social networks (creating user profile, posting messages or other contributions to facebook, twitter, etc.)",All individuals,Albania,2020,54.8
Annual,Percentage of individuals,"Internet use: participating in social networks (creating user profile, posting messages or other contributions to facebook, twitter, etc.)",All individuals,Albania,2021,60.77
Annual,Percentage of individuals,"Internet use: participating in social networks (creating user profile, posting messages or other contributions to facebook, twitter, etc.)",All individuals,Albania,2022,64.07
Annual,Percentage of individuals,"Internet use: participating in social networks (creating user profile, posting messages or other contributions to facebook, twitter, etc.)",All individuals,Albania,2023,66.27
Annual,Percentage of individuals,"Internet use: participating in social networks (creating user profile, posting messages or other contributions to facebook, twitter, etc.)",All individuals,Austria,2013,37.45
Annual,Percentage of individuals,"Internet use: participating in social networks (creating user profile, posting messages or other contributions to facebook, twitter, etc.)",All individuals,Austria,2014,44.24
Annual,Percentage of individuals,"Internet use: participating in social networks (creating user profile, posting messages or other contributions to facebook, twitter, etc.)",All individuals,Austria,2015,45.33
Annual,Percentage of individuals,"Internet use: participating in social networks (creating user profile, posting messages or other contributions to facebook, twitter, etc.)",All individuals,Austria,2016,49.02
Annual,Percentage of individuals,"Internet use: participating in social networks (creating user profile, posting messages or other contributions to facebook, twitter, etc.)",All individuals,Austria,2017,51.19
Annual,Percentage of individuals,"Internet use: participating in social networks (creating user profile, posting messages or other contributions to facebook, twitter, etc.)",All individuals,Austria,2018,53.17
Annual,Percentage of individuals,"Internet use: participating in social networks (creating user profile, posting messages or other contributions to facebook, twitter, etc.)",All individuals,Austria,2019,55.55
Annual,Percentage of individuals,"Internet use: participating in social networks (creating user profile, posting messages or other contributions to facebook, twitter, etc.)",All individuals,Austria,2020,59.54
Annual,Percentage of individuals,"Internet use: participating in social networks (creating user profile, posting messages or other contributions to facebook, twitter, etc.)",All individuals,Austria,2021,57.11
Annual,Percentage of individuals,"Internet use: participating in social networks (creating user profile, posting messages or other contributions to facebook, twitter, etc.)",All individuals,Austria,2022,61.47
Annual,Percentage of individuals,"Internet use: participating in social networks (creating user profile, posting messages or other contributions to facebook, twitter, etc.)",All individuals,Austria,2023,63.42
Annual,Percentage of individuals,"Internet use: participating in social networks (creating user profile, posting messages or other contributions to facebook, twitter, etc.)",All individuals,Austria,2024,64.74
Annual,Percentage of individuals,"Internet use: participating in social networks (creating user profile, posting messages or other contributions to facebook, twitter, etc.)",All individuals,Bosnia and Herzegovina,2018,46.09
Annual,Percentage of individuals,"Internet use: participating in social networks (creating user profile, posting messages or other contributions to facebook, twitter, etc.)",All individuals,Bosnia and Herzegovina,2019,45.84
Annual,Percentage of individuals,"Internet use: participating in social networks (creating user profile, posting messages or other contributions to facebook, twitter, etc.)",All individuals,Bosnia and Herzegovina,2020,50.04
Annual,Percentage of individuals,"Internet use: participating in social networks (creating user profile, posting messages or other contributions to facebook, twitter, etc.)",All individuals,Bosnia and Herzegovina,2021,49.65
Annual,Percentage of individuals,"Internet use: participating in social networks (creating user profile, posting messages or other contributions to facebook, twitter, etc.)",All individuals,Bosnia and Herzegovina,2023,57.74
Annual,Percentage of individuals,"Internet use: participating in social networks (creating user profile, posting messages or other contributions to facebook, twitter, etc.)",All individuals,Bosnia and Herzegovina,2024,65.46
Annual,Percentage of individuals,"Internet use: participating in social networks (creating user profile, posting messages or other contributions to facebook, twitter, etc.)",All individuals,Belgium,2013,46.64
Annual,Percentage of individuals,"Internet use: participating in social networks (creating user profile, posting messages or other contributions to facebook, twitter, etc.)",All individuals,Belgium,2014,52.43
Annual,Percentage of individuals,"Internet use: participating in social networks (creating user profile, posting messages or other contributions to facebook, twitter, etc.)",All individuals,Belgium,2015,66.72
Annual,Percentage of individuals,"Internet use: participating in social networks (creating user profile, posting messages or other contributions to facebook, twitter, etc.)",All individuals,Belgium,2016,69.31
Annual,Percentage of individuals,"Internet use: participating in social networks (creating user profile, posting messages or other contributions to facebook, twitter, etc.)",All individuals,Belgium,2017,72.02
Annual,Percentage of individuals,"Internet use: participating in social networks (creating user profile, posting messages or other contributions to facebook, twitter, etc.)",All individuals,Belgium,2018,72.6
Annual,Percentage of individuals,"Internet use: participating in social networks (creating user profile, posting messages or other contributions to facebook, twitter, etc.)",All individuals,Belgium,2019,75.53
Annual,Percentage of individuals,"Internet use: participating in social networks (creating user profile, posting messages or other contributions to facebook, twitter, etc.)",All individuals,Belgium,2020,78.9
Annual,Percentage of individuals,"Internet use: participating in social networks (creating user profile, posting messages or other contributions to facebook, twitter, etc.)",All individuals,Belgium,2021,62.78
Annual,Percentage of individuals,"Internet use: participating in social networks (creating user profile, posting messages or other contributions to facebook, twitter, etc.)",All individuals,Belgium,2022,67.84
Annual,Percentage of individuals,"Internet use: participating in social networks (creating user profile, posting messages or other contributions to facebook, twitter, etc.)",All individuals,Belgium,2023,68.48
Annual,Percentage of individuals,"Internet use: participating in social networks (creating user profile, posting messages or other contributions to facebook, twitter, etc.)",All individuals,Belgium,2024,72.64
Annual,Percentage of individuals,"Internet use: participating in social networks (creating user profile, posting messages or other contributions to facebook, twitter, etc.)",All individuals,Bulgaria,2013,37.3
Annual,Percentage of individuals,"Internet use: participating in social networks (creating user profile, posting messages or other contributions to facebook, twitter, etc.)",All individuals,Bulgaria,2014,39.57
Annual,Percentage of individuals,"Internet use: participating in social networks (creating user profile, posting messages or other contributions to facebook, twitter, etc.)",All individuals,Bulgaria,2015,42.15
Annual,Percentage of individuals,"Internet use: participating in social networks (creating user profile, posting messages or other contributions to facebook, twitter, etc.)",All individuals,Bulgaria,2016,45.03
Annual,Percentage of individuals,"Internet use: participating in social networks (creating user profile, posting messages or other contributions to facebook, twitter, etc.)",All individuals,Bulgaria,2017,49.95
Annual,Percentage of individuals,"Internet use: participating in social networks (creating user profile, posting messages or other contributions to facebook, twitter, etc.)",All individuals,Bulgaria,2018,51.36
Annual,Percentage of individuals,"Internet use: participating in social networks (creating user profile, posting messages or other contributions to facebook, twitter, etc.)",All individuals,Bulgaria,2019,52.85
Annual,Percentage of individuals,"Internet use: participating in social networks (creating user profile, posting messages or other contributions to facebook, twitter, etc.)",All individuals,Bulgaria,2020,54.74
Annual,Percentage of individuals,"Internet use: participating in social networks (creating user profile, posting messages or other contributions to facebook, twitter, etc.)",All individuals,Bulgaria,2021,60.05
Annual,Percentage of individuals,"Internet use: participating in social networks (creating user profile, posting messages or other contributions to facebook, twitter, etc.)",All individuals,Bulgaria,2022,63.42
Annual,Percentage of individuals,"Internet use: participating in social networks (creating user profile, posting messages or other contributions to facebook, twitter, etc.)",All individuals,Bulgaria,2023,64.2
Annual,Percentage of individuals,"Internet use: participating in social networks (creating user profile, posting messages or other contributions to facebook, twitter, etc.)",All individuals,Bulgaria,2024,64.99
Annual,Percentage of individuals,"Internet use: participating in social networks (creating user profile, posting messages or other contributions to facebook, twitter, etc.)",All individuals,Switzerland,2014,42.86
Annual,Percentage of individuals,"Internet use: participating in social networks (creating user profile, posting messages or other contributions to facebook, twitter, etc.)",All individuals,Switzerland,2017,52.72
Annual,Percentage of individuals,"Internet use: participating in social networks (creating user profile, posting messages or other contributions to facebook, twitter, etc.)",All individuals,Switzerland,2019,53.26
Annual,Percentage of individuals,"Internet use: participating in social networks (creating user profile, posting messages or other contributions to facebook, twitter, etc.)",All individuals,Switzerland,2021,67.1
Annual,Percentage of individuals,"Internet use: participating in social networks (creating user profile, posting messages or other contributions to facebook, twitter, etc.)",All individuals,Switzerland,2023,69.11
Annual,Percentage of individuals,"Internet use: participating in social networks (creating user profile, posting messages or other contributions to facebook, twitter, etc.)",All individuals,Cyprus,2013,44.33
Annual,Percentage of individuals,"Internet use: participating in social networks (creating user profile, posting messages or other contributions to facebook, twitter, etc.)",All individuals,Cyprus,2014,50.1
Annual,Percentage of individuals,"Internet use: participating in social networks (creating user profile, posting messages or other contributions to facebook, twitter, etc.)",All individuals,Cyprus,2015,54.04
Annual,Percentage of individuals,"Internet use: participating in social networks (creating user profile, posting messages or other contributions to facebook, twitter, etc.)",All individuals,Cyprus,2016,59.97
Annual,Percentage of individuals,"Internet use: participating in social networks (creating user profile, posting messages or other contributions to facebook, twitter, etc.)",All individuals,Cyprus,2017,63.04
Annual,Percentage of individuals,"Internet use: participating in social networks (creating user profile, posting messages or other contributions to facebook, twitter, etc.)",All individuals,Cyprus,2018,68.96
Annual,Percentage of individuals,"Internet use: participating in social networks (creating user profile, posting messages or other contributions to facebook, twitter, etc.)",All individuals,Cyprus,2019,71.72
Annual,Percentage of individuals,"Internet use: participating in social networks (creating user profile, posting messages or other contributions to facebook, twitter, etc.)",All individuals,Cyprus,2020,78.18
Annual,Percentage of individuals,"Internet use: participating in social networks (creating user profile, posting messages or other contributions to facebook, twitter, etc.)",All individuals,Cyprus,2021,78.62
Annual,Percentage of individuals,"Internet use: participating in social networks (creating user profile, posting messages or other contributions to facebook, twitter, etc.)",All individuals,Cyprus,2022,77.91
Annual,Percentage of individuals,"Internet use: participating in social networks (creating user profile, posting messages or other contributions to facebook, twitter, etc.)",All individuals,Cyprus,2023,82.56
Annual,Percentage of individuals,"Internet use: participating in social networks (creating user profile, posting messages or other contributions to facebook, twitter, etc.)",All individuals,Cyprus,2024,86.81
Annual,Percentage of individuals,"Internet use: participating in social networks (creating user profile, posting messages or other contributions to facebook, twitter, etc.)",All individuals,Czechia,2013,36.3
Annual,Percentage of individuals,"Internet use: participating in social networks (creating user profile, posting messages or other contributions to facebook, twitter, etc.)",All individuals,Czechia,2014,39.98
Annual,Percentage of individuals,"Internet use: participating in social networks (creating user profile, posting messages or other contributions to facebook, twitter, etc.)",All individuals,Czechia,2015,40.64
Annual,Percentage of individuals,"Internet use: participating in social networks (creating user profile, posting messages or other contributions to facebook, twitter, etc.)",All individuals,Czechia,2016,45.05
Annual,Percentage of individuals,"Internet use: participating in social networks (creating user profile, posting messages or other contributions to facebook, twitter, etc.)",All individuals,Czechia,2017,48.35
Annual,Percentage of individuals,"Internet use: participating in social networks (creating user profile, posting messages or other contributions to facebook, twitter, etc.)",All individuals,Czechia,2018,55.57
Annual,Percentage of individuals,"Internet use: participating in social networks (creating user profile, posting messages or other contributions to facebook, twitter, etc.)",All individuals,Czechia,2019,58.95
Annual,Percentage of individuals,"Internet use: participating in social networks (creating user profile, posting messages or other contributions to facebook, twitter, etc.)",All individuals,Czechia,2020,58.97
Annual,Percentage of individuals,"Internet use: participating in social networks (creating user profile, posting messages or other contributions to facebook, twitter, etc.)",All individuals,Czechia,2021,61.5
Annual,Percentage of individuals,"Internet use: participating in social networks (creating user profile, posting messages or other contributions to facebook, twitter, etc.)",All individuals,Czechia,2022,64.13
Annual,Percentage of individuals,"Internet use: participating in social networks (creating user profile, posting messages or other contributions to facebook, twitter, etc.)",All individuals,Czechia,2023,68.13
Annual,Percentage of individuals,"Internet use: participating in social networks (creating user profile, posting messages or other contributions to facebook, twitter, etc.)",All individuals,Czechia,2024,70.24
Annual,Percentage of individuals,"Internet use: participating in social networks (creating user profile, posting messages or other contributions to facebook, twitter, etc.)",All individuals,Germany,2013,42.09
Annual,Percentage of individuals,"Internet use: participating in social networks (creating user profile, posting messages or other contributions to facebook, twitter, etc.)",All individuals,Germany,2014,42.33
Annual,Percentage of individuals,"Internet use: participating in social networks (creating user profile, posting messages or other contributions to facebook, twitter, etc.)",All individuals,Germany,2015,56.96
Annual,Percentage of individuals,"Internet use: participating in social networks (creating user profile, posting messages or other contributions to facebook, twitter, etc.)",All individuals,Germany,2016,50.33
Annual,Percentage of individuals,"Internet use: participating in social networks (creating user profile, posting messages or other contributions to facebook, twitter, etc.)",All individuals,Germany,2017,50.59
Annual,Percentage of individuals,"Internet use: participating in social networks (creating user profile, posting messages or other contributions to facebook, twitter, etc.)",All individuals,Germany,2018,52.7
Annual,Percentage of individuals,"Internet use: participating in social networks (creating user profile, posting messages or other contributions to facebook, twitter, etc.)",All individuals,Germany,2019,52.5
Annual,Percentage of individuals,"Internet use: participating in social networks (creating user profile, posting messages or other contributions to facebook, twitter, etc.)",All individuals,Germany,2020,54.3
Annual,Percentage of individuals,"Internet use: participating in social networks (creating user profile, posting messages or other contributions to facebook, twitter, etc.)",All individuals,Germany,2021,46.6
Annual,Percentage of individuals,"Internet use: participating in social networks (creating user profile, posting messages or other contributions to facebook, twitter, etc.)",All individuals,Germany,2022,47.73
Annual,Percentage of individuals,"Internet use: participating in social networks (creating user profile, posting messages or other contributions to facebook, twitter, etc.)",All individuals,Germany,2023,48.61
Annual,Percentage of individuals,"Internet use: participating in social networks (creating user profile, posting messages or other contributions to facebook, twitter, etc.)",All individuals,Germany,2024,58.02
Annual,Percentage of individuals,"Internet use: participating in social networks (creating user profile, posting messages or other contributions to facebook, twitter, etc.)",All individuals,Denmark,2013,63.6
Annual,Percentage of individuals,"Internet use: participating in social networks (creating user profile, posting messages or other contributions to facebook, twitter, etc.)",All individuals,Denmark,2014,66.49
Annual,Percentage of individuals,"Internet use: participating in social networks (creating user profile, posting messages or other contributions to facebook, twitter, etc.)",All individuals,Denmark,2015,64.86
Annual,Percentage of individuals,"Internet use: participating in social networks (creating user profile, posting messages or other contributions to facebook, twitter, etc.)",All individuals,Denmark,2016,74.37
Annual,Percentage of individuals,"Internet use: participating in social networks (creating user profile, posting messages or other contributions to facebook, twitter, etc.)",All individuals,Denmark,2017,75.5
Annual,Percentage of individuals,"Internet use: participating in social networks (creating user profile, posting messages or other contributions to facebook, twitter, etc.)",All individuals,Denmark,2018,78.64
Annual,Percentage of individuals,"Internet use: participating in social networks (creating user profile, posting messages or other contributions to facebook, twitter, etc.)",All individuals,Denmark,2019,80.76
Annual,Percentage of individuals,"Internet use: participating in social networks (creating user profile, posting messages or other contributions to facebook, twitter, etc.)",All individuals,Denmark,2020,85.01
Annual,Percentage of individuals,"Internet use: participating in social networks (creating user profile, posting messages or other contributions to facebook, twitter, etc.)",All individuals,Denmark,2021,85.42
Annual,Percentage of individuals,"Internet use: participating in social networks (creating user profile, posting messages or other contributions to facebook, twitter, etc.)",All individuals,Denmark,2022,84.73
Annual,Percentage of individuals,"Internet use: participating in social networks (creating user profile, posting messages or other contributions to facebook, twitter, etc.)",All individuals,Denmark,2023,91.02
Annual,Percentage of individuals,"Internet use: participating in social networks (creating user profile, posting messages or other contributions to facebook, twitter, etc.)",All individuals,Denmark,2024,90.02
Annual,Percentage of individuals,"Internet use: participating in social networks (creating user profile, posting messages or other contributions to facebook, twitter, etc.)",All individuals,Estonia,2013,48.82
Annual,Percentage of individuals,"Internet use: participating in social networks (creating user profile, posting messages or other contributions to facebook, twitter, etc.)",All individuals,Estonia,2014,50.64
Annual,Percentage of individuals,"Internet use: participating in social networks (creating user profile, posting messages or other contributions to facebook, twitter, etc.)",All individuals,Estonia,2015,55.83
Annual,Percentage of individuals,"Internet use: participating in social networks (creating user profile, posting messages or other contributions to facebook, twitter, etc.)",All individuals,Estonia,2016,57.45
Annual,Percentage of individuals,"Internet use: participating in social networks (creating user profile, posting messages or other contributions to facebook, twitter, etc.)",All individuals,Estonia,2017,60.31
Annual,Percentage of individuals,"Internet use: participating in social networks (creating user profile, posting messages or other contributions to facebook, twitter, etc.)",All individuals,Estonia,2018,62.07
Annual,Percentage of individuals,"Internet use: participating in social networks (creating user profile, posting messages or other contributions to facebook, twitter, etc.)",All individuals,Estonia,2019,65.14
Annual,Percentage of individuals,"Internet use: participating in social networks (creating user profile, posting messages or other contributions to facebook, twitter, etc.)",All individuals,Estonia,2020,65.2
Annual,Percentage of individuals,"Internet use: participating in social networks (creating user profile, posting messages or other contributions to facebook, twitter, etc.)",All individuals,Estonia,2021,67.33
Annual,Percentage of individuals,"Internet use: participating in social networks (creating user profile, posting messages or other contributions to facebook, twitter, etc.)",All individuals,Estonia,2022,66.08
Annual,Percentage of individuals,"Internet use: participating in social networks (creating user profile, posting messages or other contributions to facebook, twitter, etc.)",All individuals,Estonia,2023,68.49
Annual,Percentage of individuals,"Internet use: participating in social networks (creating user profile, posting messages or other contributions to facebook, twitter, etc.)",All individuals,Estonia,2024,68.43
Annual,Percentage of individuals,"Internet use: participating in social networks (creating user profile, posting messages or other contributions to facebook, twitter, etc.)",All individuals,Greece,2013,36.11
Annual,Percentage of individuals,"Internet use: participating in social networks (creating user profile, posting messages or other contributions to facebook, twitter, etc.)",All individuals,Greece,2014,40.65
Annual,Percentage of individuals,"Internet use: participating in social networks (creating user profile, posting messages or other contributions to facebook, twitter, etc.)",All individuals,Greece,2015,43.91
Annual,Percentage of individuals,"Internet use: participating in social networks (creating user profile, posting messages or other contributions to facebook, twitter, etc.)",All individuals,Greece,2016,46.65
Annual,Percentage of individuals,"Internet use: participating in social networks (creating user profile, posting messages or other contributions to facebook, twitter, etc.)",All individuals,Greece,2017,49.97
Annual,Percentage of individuals,"Internet use: participating in social networks (creating user profile, posting messages or other contributions to facebook, twitter, etc.)",All individuals,Greece,2018,53.03
Annual,Percentage of individuals,"Internet use: participating in social networks (creating user profile, posting messages or other contributions to facebook, twitter, etc.)",All individuals,Greece,2019,56.69
Annual,Percentage of individuals,"Internet use: participating in social networks (creating user profile, posting messages or other contributions to facebook, twitter, etc.)",All individuals,Greece,2020,59.41
Annual,Percentage of individuals,"Internet use: participating in social networks (creating user profile, posting messages or other contributions to facebook, twitter, etc.)",All individuals,Greece,2021,62.05
Annual,Percentage of individuals,"Internet use: participating in social networks (creating user profile, posting messages or other contributions to facebook, twitter, etc.)",All individuals,Greece,2022,67.03
Annual,Percentage of individuals,"Internet use: participating in social networks (creating user profile, posting messages or other contributions to facebook, twitter, etc.)",All individuals,Greece,2023,68.1
Annual,Percentage of individuals,"Internet use: participating in social networks (creating user profile, posting messages or other contributions to facebook, twitter, etc.)",All individuals,Greece,2024,68.67
Annual,Percentage of individuals,"Internet use: participating in social networks (creating user profile, posting messages or other contributions to facebook, twitter, etc.)",All individuals,Spain,2013,45.92
Annual,Percentage of individuals,"Internet use: participating in social networks (creating user profile, posting messages or other contributions to facebook, twitter, etc.)",All individuals,Spain,2014,51.11
Annual,Percentage of individuals,"Internet use: participating in social networks (creating user profile, posting messages or other contributions to facebook, twitter, etc.)",All individuals,Spain,2015,50.93
Annual,Percentage of individuals,"Internet use: participating in social networks (creating user profile, posting messages or other contributions to facebook, twitter, etc.)",All individuals,Spain,2016,53.79
Annual,Percentage of individuals,"Internet use: participating in social networks (creating user profile, posting messages or other contributions to facebook, twitter, etc.)",All individuals,Spain,2017,57.17
Annual,Percentage of individuals,"Internet use: participating in social networks (creating user profile, posting messages or other contributions to facebook, twitter, etc.)",All individuals,Spain,2018,58.06
Annual,Percentage of individuals,"Internet use: participating in social networks (creating user profile, posting messages or other contributions to facebook, twitter, etc.)",All individuals,Spain,2019,58.61
Annual,Percentage of individuals,"Internet use: participating in social networks (creating user profile, posting messages or other contributions to facebook, twitter, etc.)",All individuals,Spain,2020,64.68
Annual,Percentage of individuals,"Internet use: participating in social networks (creating user profile, posting messages or other contributions to facebook, twitter, etc.)",All individuals,Spain,2021,64.66
Annual,Percentage of individuals,"Internet use: participating in social networks (creating user profile, posting messages or other contributions to facebook, twitter, etc.)",All individuals,Spain,2022,63.22
Annual,Percentage of individuals,"Internet use: participating in social networks (creating user profile, posting messages or other contributions to facebook, twitter, etc.)",All individuals,Spain,2023,64.49
Annual,Percentage of individuals,"Internet use: participating in social networks (creating user profile, posting messages or other contributions to facebook, twitter, etc.)",All individuals,Spain,2024,64.7
Annual,Percentage of individuals,"Internet use: participating in social networks (creating user profile, posting messages or other contributions to facebook, twitter, etc.)",All individuals,European Union - 27 countries (from 2020),2013,40.78
Annual,Percentage of individuals,"Internet use: participating in social networks (creating user profile, posting messages or other contributions to facebook, twitter, etc.)",All individuals,European Union - 27 countries (from 2020),2014,43.61
Annual,Percentage of individuals,"Internet use: participating in social networks (creating user profile, posting messages or other contributions to facebook, twitter, etc.)",All individuals,European Union - 27 countries (from 2020),2015,47.9
Annual,Percentage of individuals,"Internet use: participating in social networks (creating user profile, posting messages or other contributions to facebook, twitter, etc.)",All individuals,European Union - 27 countries (from 2020),2016,49.24
Annual,Percentage of individuals,"Internet use: participating in social networks (creating user profile, posting messages or other contributions to facebook, twitter, etc.)",All individuals,European Union - 27 countries (from 2020),2017,51.8
Annual,Percentage of individuals,"Internet use: participating in social networks (creating user profile, posting messages or other contributions to facebook, twitter, etc.)",All individuals,European Union - 27 countries (from 2020),2018,53.73
Annual,Percentage of individuals,"Internet use: participating in social networks (creating user profile, posting messages or other contributions to facebook, twitter, etc.)",All individuals,European Union - 27 countries (from 2020),2019,54.16
Annual,Percentage of individuals,"Internet use: participating in social networks (creating user profile, posting messages or other contributions to facebook, twitter, etc.)",All individuals,European Union - 27 countries (from 2020),2020,57.26
Annual,Percentage of individuals,"Internet use: participating in social networks (creating user profile, posting messages or other contributions to facebook, twitter, etc.)",All individuals,European Union - 27 countries (from 2020),2021,56.84
Annual,Percentage of individuals,"Internet use: participating in social networks (creating user profile, posting messages or other contributions to facebook, twitter, etc.)",All individuals,European Union - 27 countries (from 2020),2022,58.11
Annual,Percentage of individuals,"Internet use: participating in social networks (creating user profile, posting messages or other contributions to facebook, twitter, etc.)",All individuals,European Union - 27 countries (from 2020),2023,59.31
Annual,Percentage of individuals,"Internet use: participating in social networks (creating user profile, posting messages or other contributions to facebook, twitter, etc.)",All individuals,European Union - 27 countries (from 2020),2024,64.83
Annual,Percentage of individuals,"Internet use: participating in social networks (creating user profile, posting messages or other contributions to facebook, twitter, etc.)",All individuals,Finland,2013,51.31
Annual,Percentage of individuals,"Internet use: participating in social networks (creating user profile, posting messages or other contributions to facebook, twitter, etc.)",All individuals,Finland,2014,55.56
Annual,Percentage of individuals,"Internet use: participating in social networks (creating user profile, posting messages or other contributions to facebook, twitter, etc.)",All individuals,Finland,2015,58.17
Annual,Percentage of individuals,"Internet use: participating in social networks (creating user profile, posting messages or other contributions to facebook, twitter, etc.)",All individuals,Finland,2016,61.66
Annual,Percentage of individuals,"Internet use: participating in social networks (creating user profile, posting messages or other contributions to facebook, twitter, etc.)",All individuals,Finland,2017,66.01
Annual,Percentage of individuals,"Internet use: participating in social networks (creating user profile, posting messages or other contributions to facebook, twitter, etc.)",All individuals,Finland,2018,66.94
Annual,Percentage of individuals,"Internet use: participating in social networks (creating user profile, posting messages or other contributions to facebook, twitter, etc.)",All individuals,Finland,2019,66.68
Annual,Percentage of individuals,"Internet use: participating in social networks (creating user profile, posting messages or other contributions to facebook, twitter, etc.)",All individuals,Finland,2020,75.07
Annual,Percentage of individuals,"Internet use: participating in social networks (creating user profile, posting messages or other contributions to facebook, twitter, etc.)",All individuals,Finland,2021,75.11
Annual,Percentage of individuals,"Internet use: participating in social networks (creating user profile, posting messages or other contributions to facebook, twitter, etc.)",All individuals,Finland,2022,75.68
Annual,Percentage of individuals,"Internet use: participating in social networks (creating user profile, posting messages or other contributions to facebook, twitter, etc.)",All individuals,Finland,2023,79.22
Annual,Percentage of individuals,"Internet use: participating in social networks (creating user profile, posting messages or other contributions to facebook, twitter, etc.)",All individuals,Finland,2024,78.93
Annual,Percentage of individuals,"Internet use: participating in social networks (creating user profile, posting messages or other contributions to facebook, twitter, etc.)",All individuals,France,2013,37.75
Annual,Percentage of individuals,"Internet use: participating in social networks (creating user profile, posting messages or other contributions to facebook, twitter, etc.)",All individuals,France,2014,38.53
Annual,Percentage of individuals,"Internet use: participating in social networks (creating user profile, posting messages or other contributions to facebook, twitter, etc.)",All individuals,France,2015,37.72
Annual,Percentage of individuals,"Internet use: participating in social networks (creating user profile, posting messages or other contributions to facebook, twitter, etc.)",All individuals,France,2016,39.85
Annual,Percentage of individuals,"Internet use: participating in social networks (creating user profile, posting messages or other contributions to facebook, twitter, etc.)",All individuals,France,2017,42.81
Annual,Percentage of individuals,"Internet use: participating in social networks (creating user profile, posting messages or other contributions to facebook, twitter, etc.)",All individuals,France,2018,41.92
Annual,Percentage of individuals,"Internet use: participating in social networks (creating user profile, posting messages or other contributions to facebook, twitter, etc.)",All individuals,France,2019,42.32
Annual,Percentage of individuals,"Internet use: participating in social networks (creating user profile, posting messages or other contributions to facebook, twitter, etc.)",All individuals,France,2021,44.83
Annual,Percentage of individuals,"Internet use: participating in social networks (creating user profile, posting messages or other contributions to facebook, twitter, etc.)",All individuals,France,2022,44.5
Annual,Percentage of individuals,"Internet use: participating in social networks (creating user profile, posting messages or other contributions to facebook, twitter, etc.)",All individuals,France,2023,44.39
Annual,Percentage of individuals,"Internet use: participating in social networks (creating user profile, posting messages or other contributions to facebook, twitter, etc.)",All individuals,France,2024,
Annual,Percentage of individuals,"Internet use: participating in social networks (creating user profile, posting messages or other contributions to facebook, twitter, etc.)",All individuals,Croatia,2013,37.84
Annual,Percentage of individuals,"Internet use: participating in social networks (creating user profile, posting messages or other contributions to facebook, twitter, etc.)",All individuals,Croatia,2014,40.44
Annual,Percentage of individuals,"Internet use: participating in social networks (creating user profile, posting messages or other contributions to facebook, twitter, etc.)",All individuals,Croatia,2015,44.6
Annual,Percentage of individuals,"Internet use: participating in social networks (creating user profile, posting messages or other contributions to facebook, twitter, etc.)",All individuals,Croatia,2016,50.39
Annual,Percentage of individuals,"Internet use: participating in social networks (creating user profile, posting messages or other contributions to facebook, twitter, etc.)",All individuals,Croatia,2017,47.25
Annual,Percentage of individuals,"Internet use: participating in social networks (creating user profile, posting messages or other contributions to facebook, twitter, etc.)",All individuals,Croatia,2018,53.93
Annual,Percentage of individuals,"Internet use: participating in social networks (creating user profile, posting messages or other contributions to facebook, twitter, etc.)",All individuals,Croatia,2019,57.88
Annual,Percentage of individuals,"Internet use: participating in social networks (creating user profile, posting messages or other contributions to facebook, twitter, etc.)",All individuals,Croatia,2020,57.17
Annual,Percentage of individuals,"Internet use: participating in social networks (creating user profile, posting messages or other contributions to facebook, twitter, etc.)",All individuals,Croatia,2021,60.89
Annual,Percentage of individuals,"Internet use: participating in social networks (creating user profile, posting messages or other contributions to facebook, twitter, etc.)",All individuals,Croatia,2022,60.14
Annual,Percentage of individuals,"Internet use: participating in social networks (creating user profile, posting messages or other contributions to facebook, twitter, etc.)",All individuals,Croatia,2023,62.76
Annual,Percentage of individuals,"Internet use: participating in social networks (creating user profile, posting messages or other contributions to facebook, twitter, etc.)",All individuals,Croatia,2024,61.0
Annual,Percentage of individuals,"Internet use: participating in social networks (creating user profile, posting messages or other contributions to facebook, twitter, etc.)",All individuals,Hungary,2013,56.44
Annual,Percentage of individuals,"Internet use: participating in social networks (creating user profile, posting messages or other contributions to facebook, twitter, etc.)",All individuals,Hungary,2014,60.02
Annual,Percentage of individuals,"Internet use: participating in social networks (creating user profile, posting messages or other contributions to facebook, twitter, etc.)",All individuals,Hungary,2015,60.75
Annual,Percentage of individuals,"Internet use: participating in social networks (creating user profile, posting messages or other contributions to facebook, twitter, etc.)",All individuals,Hungary,2016,65.62
Annual,Percentage of individuals,"Internet use: participating in social networks (creating user profile, posting messages or other contributions to facebook, twitter, etc.)",All individuals,Hungary,2017,64.57
Annual,Percentage of individuals,"Internet use: participating in social networks (creating user profile, posting messages or other contributions to facebook, twitter, etc.)",All individuals,Hungary,2018,65.32
Annual,Percentage of individuals,"Internet use: participating in social networks (creating user profile, posting messages or other contributions to facebook, twitter, etc.)",All individuals,Hungary,2019,68.86
Annual,Percentage of individuals,"Internet use: participating in social networks (creating user profile, posting messages or other contributions to facebook, twitter, etc.)",All individuals,Hungary,2020,73.99
Annual,Percentage of individuals,"Internet use: participating in social networks (creating user profile, posting messages or other contributions to facebook, twitter, etc.)",All individuals,Hungary,2021,77.24
Annual,Percentage of individuals,"Internet use: participating in social networks (creating user profile, posting messages or other contributions to facebook, twitter, etc.)",All individuals,Hungary,2022,78.54
Annual,Percentage of individuals,"Internet use: participating in social networks (creating user profile, posting messages or other contributions to facebook, twitter, etc.)",All individuals,Hungary,2023,81.32
Annual,Percentage of individuals,"Internet use: participating in social networks (creating user profile, posting messages or other contributions to facebook, twitter, etc.)",All individuals,Hungary,2024,81.01
Annual,Percentage of individuals,"Internet use: participating in social networks (creating user profile, posting messages or other contributions to facebook, twitter, etc.)",All individuals,Ireland,2013,47.51
Annual,Percentage of individuals,"Internet use: participating in social networks (creating user profile, posting messages or other contributions to facebook, twitter, etc.)",All individuals,Ireland,2014,50.43
Annual,Percentage of individuals,"Internet use: participating in social networks (creating user profile, posting messages or other contributions to facebook, twitter, etc.)",All individuals,Ireland,2015,52.55
Annual,Percentage of individuals,"Internet use: participating in social networks (creating user profile, posting messages or other contributions to facebook, twitter, etc.)",All individuals,Ireland,2016,57.89
Annual,Percentage of individuals,"Internet use: participating in social networks (creating user profile, posting messages or other contributions to facebook, twitter, etc.)",All individuals,Ireland,2017,58.86
Annual,Percentage of individuals,"Internet use: participating in social networks (creating user profile, posting messages or other contributions to facebook, twitter, etc.)",All individuals,Ireland,2018,60.13
Annual,Percentage of individuals,"Internet use: participating in social networks (creating user profile, posting messages or other contributions to facebook, twitter, etc.)",All individuals,Ireland,2019,63.58
Annual,Percentage of individuals,"Internet use: participating in social networks (creating user profile, posting messages or other contributions to facebook, twitter, etc.)",All individuals,Ireland,2020,60.55
Annual,Percentage of individuals,"Internet use: participating in social networks (creating user profile, posting messages or other contributions to facebook, twitter, etc.)",All individuals,Ireland,2021,69.06
Annual,Percentage of individuals,"Internet use: participating in social networks (creating user profile, posting messages or other contributions to facebook, twitter, etc.)",All individuals,Ireland,2022,72.07
Annual,Percentage of individuals,"Internet use: participating in social networks (creating user profile, posting messages or other contributions to facebook, twitter, etc.)",All individuals,Ireland,2023,70.06
Annual,Percentage of individuals,"Internet use: participating in social networks (creating user profile, posting messages or other contributions to facebook, twitter, etc.)",All individuals,Ireland,2024,74.5
Annual,Percentage of individuals,"Internet use: participating in social networks (creating user profile, posting messages or other contributions to facebook, twitter, etc.)",All individuals,Iceland,2013,78.88
Annual,Percentage of individuals,"Internet use: participating in social networks (creating user profile, posting messages or other contributions to facebook, twitter, etc.)",All individuals,Iceland,2014,82.73
Annual,Percentage of individuals,"Internet use: participating in social networks (creating user profile, posting messages or other contributions to facebook, twitter, etc.)",All individuals,Iceland,2017,89.46
Annual,Percentage of individuals,"Internet use: participating in social networks (creating user profile, posting messages or other contributions to facebook, twitter, etc.)",All individuals,Iceland,2018,90.87
Annual,Percentage of individuals,"Internet use: participating in social networks (creating user profile, posting messages or other contributions to facebook, twitter, etc.)",All individuals,Iceland,2019,91.65
Annual,Percentage of individuals,"Internet use: participating in social networks (creating user profile, posting messages or other contributions to facebook, twitter, etc.)",All individuals,Iceland,2020,93.82
Annual,Percentage of individuals,"Internet use: participating in social networks (creating user profile, posting messages or other contributions to facebook, twitter, etc.)",All individuals,Iceland,2021,92.98
Annual,Percentage of individuals,"Internet use: participating in social networks (creating user profile, posting messages or other contributions to facebook, twitter, etc.)",All individuals,Italy,2013,31.63
Annual,Percentage of individuals,"Internet use: participating in social networks (creating user profile, posting messages or other contributions to facebook, twitter, etc.)",All individuals,Italy,2014,36.21
Annual,Percentage of individuals,"Internet use: participating in social networks (creating user profile, posting messages or other contributions to facebook, twitter, etc.)",All individuals,Italy,2015,38.05
Annual,Percentage of individuals,"Internet use: participating in social networks (creating user profile, posting messages or other contributions to facebook, twitter, etc.)",All individuals,Italy,2016,41.54
Annual,Percentage of individuals,"Internet use: participating in social networks (creating user profile, posting messages or other contributions to facebook, twitter, etc.)",All individuals,Italy,2017,43.36
Annual,Percentage of individuals,"Internet use: participating in social networks (creating user profile, posting messages or other contributions to facebook, twitter, etc.)",All individuals,Italy,2018,46.48
Annual,Percentage of individuals,"Internet use: participating in social networks (creating user profile, posting messages or other contributions to facebook, twitter, etc.)",All individuals,Italy,2019,42.3
Annual,Percentage of individuals,"Internet use: participating in social networks (creating user profile, posting messages or other contributions to facebook, twitter, etc.)",All individuals,Italy,2020,48.42
Annual,Percentage of individuals,"Internet use: participating in social networks (creating user profile, posting messages or other contributions to facebook, twitter, etc.)",All individuals,Italy,2021,50.19
Annual,Percentage of individuals,"Internet use: participating in social networks (creating user profile, posting messages or other contributions to facebook, twitter, etc.)",All individuals,Italy,2022,53.19
Annual,Percentage of individuals,"Internet use: participating in social networks (creating user profile, posting messages or other contributions to facebook, twitter, etc.)",All individuals,Italy,2023,53.06
Annual,Percentage of individuals,"Internet use: participating in social networks (creating user profile, posting messages or other contributions to facebook, twitter, etc.)",All individuals,Italy,2024,55.96
Annual,Percentage of individuals,"Internet use: participating in social networks (creating user profile, posting messages or other contributions to facebook, twitter, etc.)",All individuals,Lithuania,2013,43.6
Annual,Percentage of individuals,"Internet use: participating in social networks (creating user profile, posting messages or other contributions to facebook, twitter, etc.)",All individuals,Lithuania,2014,47.02
Annual,Percentage of individuals,"Internet use: participating in social networks (creating user profile, posting messages or other contributions to facebook, twitter, etc.)",All individuals,Lithuania,2015,46.27
Annual,Percentage of individuals,"Internet use: participating in social networks (creating user profile, posting messages or other contributions to facebook, twitter, etc.)",All individuals,Lithuania,2016,50.34
Annual,Percentage of individuals,"Internet use: participating in social networks (creating user profile, posting messages or other contributions to facebook, twitter, etc.)",All individuals,Lithuania,2017,53.55
Annual,Percentage of individuals,"Internet use: participating in social networks (creating user profile, posting messages or other contributions to facebook, twitter, etc.)",All individuals,Lithuania,2018,57.95
Annual,Percentage of individuals,"Internet use: participating in social networks (creating user profile, posting messages or other contributions to facebook, twitter, etc.)",All individuals,Lithuania,2019,60.57
Annual,Percentage of individuals,"Internet use: participating in social networks (creating user profile, posting messages or other contributions to facebook, twitter, etc.)",All individuals,Lithuania,2020,61.45
Annual,Percentage of individuals,"Internet use: participating in social networks (creating user profile, posting messages or other contributions to facebook, twitter, etc.)",All individuals,Lithuania,2021,65.19
Annual,Percentage of individuals,"Internet use: participating in social networks (creating user profile, posting messages or other contributions to facebook, twitter, etc.)",All individuals,Lithuania,2022,67.3
Annual,Percentage of individuals,"Internet use: participating in social networks (creating user profile, posting messages or other contributions to facebook, twitter, etc.)",All individuals,Lithuania,2023,68.45
Annual,Percentage of individuals,"Internet use: participating in social networks (creating user profile, posting messages or other contributions to facebook, twitter, etc.)",All individuals,Lithuania,2024,69.84
Annual,Percentage of individuals,"Internet use: participating in social networks (creating user profile, posting messages or other contributions to facebook, twitter, etc.)",All individuals,Luxembourg,2013,56.68
Annual,Percentage of individuals,"Internet use: participating in social networks (creating user profile, posting messages or other contributions to facebook, twitter, etc.)",All individuals,Luxembourg,2014,60.49
Annual,Percentage of individuals,"Internet use: participating in social networks (creating user profile, posting messages or other contributions to facebook, twitter, etc.)",All individuals,Luxembourg,2015,68.28
Annual,Percentage of individuals,"Internet use: participating in social networks (creating user profile, posting messages or other contributions to facebook, twitter, etc.)",All individuals,Luxembourg,2016,67.05
Annual,Percentage of individuals,"Internet use: participating in social networks (creating user profile, posting messages or other contributions to facebook, twitter, etc.)",All individuals,Luxembourg,2017,68.08
Annual,Percentage of individuals,"Internet use: participating in social networks (creating user profile, posting messages or other contributions to facebook, twitter, etc.)",All individuals,Luxembourg,2018,63.76
Annual,Percentage of individuals,"Internet use: participating in social networks (creating user profile, posting messages or other contributions to facebook, twitter, etc.)",All individuals,Luxembourg,2019,62.51
Annual,Percentage of individuals,"Internet use: participating in social networks (creating user profile, posting messages or other contributions to facebook, twitter, etc.)",All individuals,Luxembourg,2020,59.53
Annual,Percentage of individuals,"Internet use: participating in social networks (creating user profile, posting messages or other contributions to facebook, twitter, etc.)",All individuals,Luxembourg,2021,61.95
Annual,Percentage of individuals,"Internet use: participating in social networks (creating user profile, posting messages or other contributions to facebook, twitter, etc.)",All individuals,Luxembourg,2022,61.78
Annual,Percentage of individuals,"Internet use: participating in social networks (creating user profile, posting messages or other contributions to facebook, twitter, etc.)",All individuals,Luxembourg,2023,62.55
Annual,Percentage of individuals,"Internet use: participating in social networks (creating user profile, posting messages or other contributions to facebook, twitter, etc.)",All individuals,Luxembourg,2024,67.7
Annual,Percentage of individuals,"Internet use: participating in social networks (creating user profile, posting messages or other contributions to facebook, twitter, etc.)",All individuals,Latvia,2013,54.45
Annual,Percentage of individuals,"Internet use: participating in social networks (creating user profile, posting messages or other contributions to facebook, twitter, etc.)",All individuals,Latvia,2014,52.74
Annual,Percentage of individuals,"Internet use: participating in social networks (creating user profile, posting messages or other contributions to facebook, twitter, etc.)",All individuals,Latvia,2015,57.5
Annual,Percentage of individuals,"Internet use: participating in social networks (creating user profile, posting messages or other contributions to facebook, twitter, etc.)",All individuals,Latvia,2016,57.07
Annual,Percentage of individuals,"Internet use: participating in social networks (creating user profile, posting messages or other contributions to facebook, twitter, etc.)",All individuals,Latvia,2017,59.9
Annual,Percentage of individuals,"Internet use: participating in social networks (creating user profile, posting messages or other contributions to facebook, twitter, etc.)",All individuals,Latvia,2018,61.47
Annual,Percentage of individuals,"Internet use: participating in social networks (creating user profile, posting messages or other contributions to facebook, twitter, etc.)",All individuals,Latvia,2019,64.66
Annual,Percentage of individuals,"Internet use: participating in social networks (creating user profile, posting messages or other contributions to facebook, twitter, etc.)",All individuals,Latvia,2020,67.09
Annual,Percentage of individuals,"Internet use: participating in social networks (creating user profile, posting messages or other contributions to facebook, twitter, etc.)",All individuals,Latvia,2021,69.76
Annual,Percentage of individuals,"Internet use: participating in social networks (creating user profile, posting messages or other contributions to facebook, twitter, etc.)",All individuals,Latvia,2022,71.19
Annual,Percentage of individuals,"Internet use: participating in social networks (creating user profile, posting messages or other contributions to facebook, twitter, etc.)",All individuals,Latvia,2023,73.25
Annual,Percentage of individuals,"Internet use: participating in social networks (creating user profile, posting messages or other contributions to facebook, twitter, etc.)",All individuals,Latvia,2024,74.14
Annual,Percentage of individuals,"Internet use: participating in social networks (creating user profile, posting messages or other contributions to facebook, twitter, etc.)",All individuals,Montenegro,2017,58.38
Annual,Percentage of individuals,"Internet use: participating in social networks (creating user profile, posting messages or other contributions to facebook, twitter, etc.)",All individuals,Montenegro,2018,60.38
Annual,Percentage of individuals,"Internet use: participating in social networks (creating user profile, posting messages or other contributions to facebook, twitter, etc.)",All individuals,Montenegro,2019,62.15
Annual,Percentage of individuals,"Internet use: participating in social networks (creating user profile, posting messages or other contributions to facebook, twitter, etc.)",All individuals,Montenegro,2020,67.37
Annual,Percentage of individuals,"Internet use: participating in social networks (creating user profile, posting messages or other contributions to facebook, twitter, etc.)",All individuals,Montenegro,2021,71.39
Annual,Percentage of individuals,"Internet use: participating in social networks (creating user profile, posting messages or other contributions to facebook, twitter, etc.)",All individuals,Montenegro,2022,77.32
Annual,Percentage of individuals,"Internet use: participating in social networks (creating user profile, posting messages or other contributions to facebook, twitter, etc.)",All individuals,Montenegro,2023,77.55
Annual,Percentage of individuals,"Internet use: participating in social networks (creating user profile, posting messages or other contributions to facebook, twitter, etc.)",All individuals,Montenegro,2024,78.84
Annual,Percentage of individuals,"Internet use: participating in social networks (creating user profile, posting messages or other contributions to facebook, twitter, etc.)",All individuals,North Macedonia,2013,55.16
Annual,Percentage of individuals,"Internet use: participating in social networks (creating user profile, posting messages or other contributions to facebook, twitter, etc.)",All individuals,North Macedonia,2014,54.32
Annual,Percentage of individuals,"Internet use: participating in social networks (creating user profile, posting messages or other contributions to facebook, twitter, etc.)",All individuals,North Macedonia,2015,58.85
Annual,Percentage of individuals,"Internet use: participating in social networks (creating user profile, posting messages or other contributions to facebook, twitter, etc.)",All individuals,North Macedonia,2016,59.55
Annual,Percentage of individuals,"Internet use: participating in social networks (creating user profile, posting messages or other contributions to facebook, twitter, etc.)",All individuals,North Macedonia,2017,62.42
Annual,Percentage of individuals,"Internet use: participating in social networks (creating user profile, posting messages or other contributions to facebook, twitter, etc.)",All individuals,North Macedonia,2018,64.86
Annual,Percentage of individuals,"Internet use: participating in social networks (creating user profile, posting messages or other contributions to facebook, twitter, etc.)",All individuals,North Macedonia,2019,68.3
Annual,Percentage of individuals,"Internet use: participating in social networks (creating user profile, posting messages or other contributions to facebook, twitter, etc.)",All individuals,North Macedonia,2020,69.77
Annual,Percentage of individuals,"Internet use: participating in social networks (creating user profile, posting messages or other contributions to facebook, twitter, etc.)",All individuals,North Macedonia,2021,73.54
Annual,Percentage of individuals,"Internet use: participating in social networks (creating user profile, posting messages or other contributions to facebook, twitter, etc.)",All individuals,North Macedonia,2024,76.66
Annual,Percentage of individuals,"Internet use: participating in social networks (creating user profile, posting messages or other contributions to facebook, twitter, etc.)",All individuals,Malta,2013,50.93
Annual,Percentage of individuals,"Internet use: participating in social networks (creating user profile, posting messages or other contributions to facebook, twitter, etc.)",All individuals,Malta,2014,53.12
Annual,Percentage of individuals,"Internet use: participating in social networks (creating user profile, posting messages or other contributions to facebook, twitter, etc.)",All individuals,Malta,2015,60.08
Annual,Percentage of individuals,"Internet use: participating in social networks (creating user profile, posting messages or other contributions to facebook, twitter, etc.)",All individuals,Malta,2016,64.04
Annual,Percentage of individuals,"Internet use: participating in social networks (creating user profile, posting messages or other contributions to facebook, twitter, etc.)",All individuals,Malta,2017,70.37
Annual,Percentage of individuals,"Internet use: participating in social networks (creating user profile, posting messages or other contributions to facebook, twitter, etc.)",All individuals,Malta,2018,69.61
Annual,Percentage of individuals,"Internet use: participating in social networks (creating user profile, posting messages or other contributions to facebook, twitter, etc.)",All individuals,Malta,2019,70.66
Annual,Percentage of individuals,"Internet use: participating in social networks (creating user profile, posting messages or other contributions to facebook, twitter, etc.)",All individuals,Malta,2020,72.49
Annual,Percentage of individuals,"Internet use: participating in social networks (creating user profile, posting messages or other contributions to facebook, twitter, etc.)",All individuals,Malta,2021,75.57
Annual,Percentage of individuals,"Internet use: participating in social networks (creating user profile, posting messages or other contributions to facebook, twitter, etc.)",All individuals,Malta,2022,75.74
Annual,Percentage of individuals,"Internet use: participating in social networks (creating user profile, posting messages or other contributions to facebook, twitter, etc.)",All individuals,Malta,2023,75.75
Annual,Percentage of individuals,"Internet use: participating in social networks (creating user profile, posting messages or other contributions to facebook, twitter, etc.)",All individuals,Malta,2024,76.65
Annual,Percentage of individuals,"Internet use: participating in social networks (creating user profile, posting messages or other contributions to facebook, twitter, etc.)",All individuals,Netherlands,2013,55.04
Annual,Percentage of individuals,"Internet use: participating in social networks (creating user profile, posting messages or other contributions to facebook, twitter, etc.)",All individuals,Netherlands,2014,58.6
Annual,Percentage of individuals,"Internet use: participating in social networks (creating user profile, posting messages or other contributions to facebook, twitter, etc.)",All individuals,Netherlands,2015,59.33
Annual,Percentage of individuals,"Internet use: participating in social networks (creating user profile, posting messages or other contributions to facebook, twitter, etc.)",All individuals,Netherlands,2016,61.83
Annual,Percentage of individuals,"Internet use: participating in social networks (creating user profile, posting messages or other contributions to facebook, twitter, etc.)",All individuals,Netherlands,2017,66.56
Annual,Percentage of individuals,"Internet use: participating in social networks (creating user profile, posting messages or other contributions to facebook, twitter, etc.)",All individuals,Netherlands,2018,65.75
Annual,Percentage of individuals,"Internet use: participating in social networks (creating user profile, posting messages or other contributions to facebook, twitter, etc.)",All individuals,Netherlands,2019,66.91
Annual,Percentage of individuals,"Internet use: participating in social networks (creating user profile, posting messages or other contributions to facebook, twitter, etc.)",All individuals,Netherlands,2020,71.23
Annual,Percentage of individuals,"Internet use: participating in social networks (creating user profile, posting messages or other contributions to facebook, twitter, etc.)",All individuals,Netherlands,2021,73.3
Annual,Percentage of individuals,"Internet use: participating in social networks (creating user profile, posting messages or other contributions to facebook, twitter, etc.)",All individuals,Netherlands,2022,74.09
Annual,Percentage of individuals,"Internet use: participating in social networks (creating user profile, posting messages or other contributions to facebook, twitter, etc.)",All individuals,Netherlands,2023,76.62
Annual,Percentage of individuals,"Internet use: participating in social networks (creating user profile, posting messages or other contributions to facebook, twitter, etc.)",All individuals,Netherlands,2024,80.06
Annual,Percentage of individuals,"Internet use: participating in social networks (creating user profile, posting messages or other contributions to facebook, twitter, etc.)",All individuals,Norway,2013,67.58
Annual,Percentage of individuals,"Internet use: participating in social networks (creating user profile, posting messages or other contributions to facebook, twitter, etc.)",All individuals,Norway,2014,70.67
Annual,Percentage of individuals,"Internet use: participating in social networks (creating user profile, posting messages or other contributions to facebook, twitter, etc.)",All individuals,Norway,2015,73.22
Annual,Percentage of individuals,"Internet use: participating in social networks (creating user profile, posting messages or other contributions to facebook, twitter, etc.)",All individuals,Norway,2016,76.16
Annual,Percentage of individuals,"Internet use: participating in social networks (creating user profile, posting messages or other contributions to facebook, twitter, etc.)",All individuals,Norway,2017,82.58
Annual,Percentage of individuals,"Internet use: participating in social networks (creating user profile, posting messages or other contributions to facebook, twitter, etc.)",All individuals,Norway,2018,81.8
Annual,Percentage of individuals,"Internet use: participating in social networks (creating user profile, posting messages or other contributions to facebook, twitter, etc.)",All individuals,Norway,2019,86.31
Annual,Percentage of individuals,"Internet use: participating in social networks (creating user profile, posting messages or other contributions to facebook, twitter, etc.)",All individuals,Norway,2020,87.83
Annual,Percentage of individuals,"Internet use: participating in social networks (creating user profile, posting messages or other contributions to facebook, twitter, etc.)",All individuals,Norway,2021,88.28
Annual,Percentage of individuals,"Internet use: participating in social networks (creating user profile, posting messages or other contributions to facebook, twitter, etc.)",All individuals,Norway,2022,89.65
Annual,Percentage of individuals,"Internet use: participating in social networks (creating user profile, posting messages or other contributions to facebook, twitter, etc.)",All individuals,Norway,2023,89.96
Annual,Percentage of individuals,"Internet use: participating in social networks (creating user profile, posting messages or other contributions to facebook, twitter, etc.)",All individuals,Norway,2024,90.95
Annual,Percentage of individuals,"Internet use: participating in social networks (creating user profile, posting messages or other contributions to facebook, twitter, etc.)",All individuals,Poland,2013,35.29
Annual,Percentage of individuals,"Internet use: participating in social networks (creating user profile, posting messages or other contributions to facebook, twitter, etc.)",All individuals,Poland,2014,36.8
Annual,Percentage of individuals,"Internet use: participating in social networks (creating user profile, posting messages or other contributions to facebook, twitter, etc.)",All individuals,Poland,2015,41.4
Annual,Percentage of individuals,"Internet use: participating in social networks (creating user profile, posting messages or other contributions to facebook, twitter, etc.)",All individuals,Poland,2016,44.2
Annual,Percentage of individuals,"Internet use: participating in social networks (creating user profile, posting messages or other contributions to facebook, twitter, etc.)",All individuals,Poland,2017,48.02
Annual,Percentage of individuals,"Internet use: participating in social networks (creating user profile, posting messages or other contributions to facebook, twitter, etc.)",All individuals,Poland,2018,49.87
Annual,Percentage of individuals,"Internet use: participating in social networks (creating user profile, posting messages or other contributions to facebook, twitter, etc.)",All individuals,Poland,2019,53.04
Annual,Percentage of individuals,"Internet use: participating in social networks (creating user profile, posting messages or other contributions to facebook, twitter, etc.)",All individuals,Poland,2020,54.78
Annual,Percentage of individuals,"Internet use: participating in social networks (creating user profile, posting messages or other contributions to facebook, twitter, etc.)",All individuals,Poland,2021,56.78
Annual,Percentage of individuals,"Internet use: participating in social networks (creating user profile, posting messages or other contributions to facebook, twitter, etc.)",All individuals,Poland,2022,60.61
Annual,Percentage of individuals,"Internet use: participating in social networks (creating user profile, posting messages or other contributions to facebook, twitter, etc.)",All individuals,Poland,2023,62.29
Annual,Percentage of individuals,"Internet use: participating in social networks (creating user profile, posting messages or other contributions to facebook, twitter, etc.)",All individuals,Poland,2024,60.97
Annual,Percentage of individuals,"Internet use: participating in social networks (creating user profile, posting messages or other contributions to facebook, twitter, etc.)",All individuals,Portugal,2013,43.68
Annual,Percentage of individuals,"Internet use: participating in social networks (creating user profile, posting messages or other contributions to facebook, twitter, etc.)",All individuals,Portugal,2014,46.76
Annual,Percentage of individuals,"Internet use: participating in social networks (creating user profile, posting messages or other contributions to facebook, twitter, etc.)",All individuals,Portugal,2015,48.06
Annual,Percentage of individuals,"Internet use: participating in social networks (creating user profile, posting messages or other contributions to facebook, twitter, etc.)",All individuals,Portugal,2016,52.17
Annual,Percentage of individuals,"Internet use: participating in social networks (creating user profile, posting messages or other contributions to facebook, twitter, etc.)",All individuals,Portugal,2017,56.13
Annual,Percentage of individuals,"Internet use: participating in social networks (creating user profile, posting messages or other contributions to facebook, twitter, etc.)",All individuals,Portugal,2018,59.18
Annual,Percentage of individuals,"Internet use: participating in social networks (creating user profile, posting messages or other contributions to facebook, twitter, etc.)",All individuals,Portugal,2019,60.4
Annual,Percentage of individuals,"Internet use: participating in social networks (creating user profile, posting messages or other contributions to facebook, twitter, etc.)",All individuals,Portugal,2020,62.74
Annual,Percentage of individuals,"Internet use: participating in social networks (creating user profile, posting messages or other contributions to facebook, twitter, etc.)",All individuals,Portugal,2021,65.46
Annual,Percentage of individuals,"Internet use: participating in social networks (creating user profile, posting messages or other contributions to facebook, twitter, etc.)",All individuals,Portugal,2022,66.72
Annual,Percentage of individuals,"Internet use: participating in social networks (creating user profile, posting messages or other contributions to facebook, twitter, etc.)",All individuals,Portugal,2023,68.03
Annual,Percentage of individuals,"Internet use: participating in social networks (creating user profile, posting messages or other contributions to facebook, twitter, etc.)",All individuals,Portugal,2024,70.47
Annual,Percentage of individuals,"Internet use: participating in social networks (creating user profile, posting messages or other contributions to facebook, twitter, etc.)",All individuals,Romania,2013,33.42
Annual,Percentage of individuals,"Internet use: participating in social networks (creating user profile, posting messages or other contributions to facebook, twitter, etc.)",All individuals,Romania,2014,36.25
Annual,Percentage of individuals,"Internet use: participating in social networks (creating user profile, posting messages or other contributions to facebook, twitter, etc.)",All individuals,Romania,2015,43.64
Annual,Percentage of individuals,"Internet use: participating in social networks (creating user profile, posting messages or other contributions to facebook, twitter, etc.)",All individuals,Romania,2016,44.29
Annual,Percentage of individuals,"Internet use: participating in social networks (creating user profile, posting messages or other contributions to facebook, twitter, etc.)",All individuals,Romania,2017,52.2
Annual,Percentage of individuals,"Internet use: participating in social networks (creating user profile, posting messages or other contributions to facebook, twitter, etc.)",All individuals,Romania,2018,60.77
Annual,Percentage of individuals,"Internet use: participating in social networks (creating user profile, posting messages or other contributions to facebook, twitter, etc.)",All individuals,Romania,2019,60.18
Annual,Percentage of individuals,"Internet use: participating in social networks (creating user profile, posting messages or other contributions to facebook, twitter, etc.)",All individuals,Romania,2020,64.85
Annual,Percentage of individuals,"Internet use: participating in social networks (creating user profile, posting messages or other contributions to facebook, twitter, etc.)",All individuals,Romania,2021,68.55
Annual,Percentage of individuals,"Internet use: participating in social networks (creating user profile, posting messages or other contributions to facebook, twitter, etc.)",All individuals,Romania,2022,69.01
Annual,Percentage of individuals,"Internet use: participating in social networks (creating user profile, posting messages or other contributions to facebook, twitter, etc.)",All individuals,Romania,2023,75.24
Annual,Percentage of individuals,"Internet use: participating in social networks (creating user profile, posting messages or other contributions to facebook, twitter, etc.)",All individuals,Romania,2024,74.89
Annual,Percentage of individuals,"Internet use: participating in social networks (creating user profile, posting messages or other contributions to facebook, twitter, etc.)",All individuals,Serbia,2015,49.32
Annual,Percentage of individuals,"Internet use: participating in social networks (creating user profile, posting messages or other contributions to facebook, twitter, etc.)",All individuals,Serbia,2017,47.68
Annual,Percentage of individuals,"Internet use: participating in social networks (creating user profile, posting messages or other contributions to facebook, twitter, etc.)",All individuals,Serbia,2018,51.57
Annual,Percentage of individuals,"Internet use: participating in social networks (creating user profile, posting messages or other contributions to facebook, twitter, etc.)",All individuals,Serbia,2019,54.82
Annual,Percentage of individuals,"Internet use: participating in social networks (creating user profile, posting messages or other contributions to facebook, twitter, etc.)",All individuals,Serbia,2020,57.47
Annual,Percentage of individuals,"Internet use: participating in social networks (creating user profile, posting messages or other contributions to facebook, twitter, etc.)",All individuals,Serbia,2021,60.31
Annual,Percentage of individuals,"Internet use: participating in social networks (creating user profile, posting messages or other contributions to facebook, twitter, etc.)",All individuals,Serbia,2022,68.38
Annual,Percentage of individuals,"Internet use: participating in social networks (creating user profile, posting messages or other contributions to facebook, twitter, etc.)",All individuals,Serbia,2023,70.24
Annual,Percentage of individuals,"Internet use: participating in social networks (creating user profile, posting messages or other contributions to facebook, twitter, etc.)",All individuals,Serbia,2024,71.39
Annual,Percentage of individuals,"Internet use: participating in social networks (creating user profile, posting messages or other contributions to facebook, twitter, etc.)",All individuals,Sweden,2013,56.72
Annual,Percentage of individuals,"Internet use: participating in social networks (creating user profile, posting messages or other contributions to facebook, twitter, etc.)",All individuals,Sweden,2014,65.18
Annual,Percentage of individuals,"Internet use: participating in social networks (creating user profile, posting messages or other contributions to facebook, twitter, etc.)",All individuals,Sweden,2015,62.48
Annual,Percentage of individuals,"Internet use: participating in social networks (creating user profile, posting messages or other contributions to facebook, twitter, etc.)",All individuals,Sweden,2016,70.15
Annual,Percentage of individuals,"Internet use: participating in social networks (creating user profile, posting messages or other contributions to facebook, twitter, etc.)",All individuals,Sweden,2017,70.75
Annual,Percentage of individuals,"Internet use: participating in social networks (creating user profile, posting messages or other contributions to facebook, twitter, etc.)",All individuals,Sweden,2018,70.36
Annual,Percentage of individuals,"Internet use: participating in social networks (creating user profile, posting messages or other contributions to facebook, twitter, etc.)",All individuals,Sweden,2019,72.22
Annual,Percentage of individuals,"Internet use: participating in social networks (creating user profile, posting messages or other contributions to facebook, twitter, etc.)",All individuals,Sweden,2020,72.9
Annual,Percentage of individuals,"Internet use: participating in social networks (creating user profile, posting messages or other contributions to facebook, twitter, etc.)",All individuals,Sweden,2021,71.51
Annual,Percentage of individuals,"Internet use: participating in social networks (creating user profile, posting messages or other contributions to facebook, twitter, etc.)",All individuals,Sweden,2022,71.08
Annual,Percentage of individuals,"Internet use: participating in social networks (creating user profile, posting messages or other contributions to facebook, twitter, etc.)",All individuals,Sweden,2023,73.43
Annual,Percentage of individuals,"Internet use: participating in social networks (creating user profile, posting messages or other contributions to facebook, twitter, etc.)",All individuals,Sweden,2024,73.13
Annual,Percentage of individuals,"Internet use: participating in social networks (creating user profile, posting messages or other contributions to facebook, twitter, etc.)",All individuals,Slovenia,2013,38.28
Annual,Percentage of individuals,"Internet use: participating in social networks (creating user profile, posting messages or other contributions to facebook, twitter, etc.)",All individuals,Slovenia,2014,41.82
Annual,Percentage of individuals,"Internet use: participating in social networks (creating user profile, posting messages or other contributions to facebook, twitter, etc.)",All individuals,Slovenia,2015,37.37
Annual,Percentage of individuals,"Internet use: participating in social networks (creating user profile, posting messages or other contributions to facebook, twitter, etc.)",All individuals,Slovenia,2016,38.31
Annual,Percentage of individuals,"Internet use: participating in social networks (creating user profile, posting messages or other contributions to facebook, twitter, etc.)",All individuals,Slovenia,2017,45.16
Annual,Percentage of individuals,"Internet use: participating in social networks (creating user profile, posting messages or other contributions to facebook, twitter, etc.)",All individuals,Slovenia,2018,48.81
Annual,Percentage of individuals,"Internet use: participating in social networks (creating user profile, posting messages or other contributions to facebook, twitter, etc.)",All individuals,Slovenia,2019,52.09
Annual,Percentage of individuals,"Internet use: participating in social networks (creating user profile, posting messages or other contributions to facebook, twitter, etc.)",All individuals,Slovenia,2020,67.07
Annual,Percentage of individuals,"Internet use: participating in social networks (creating user profile, posting messages or other contributions to facebook, twitter, etc.)",All individuals,Slovenia,2021,63.61
Annual,Percentage of individuals,"Internet use: participating in social networks (creating user profile, posting messages or other contributions to facebook, twitter, etc.)",All individuals,Slovenia,2022,63.04
Annual,Percentage of individuals,"Internet use: participating in social networks (creating user profile, posting messages or other contributions to facebook, twitter, etc.)",All individuals,Slovenia,2023,63.46
Annual,Percentage of individuals,"Internet use: participating in social networks (creating user profile, posting messages or other contributions to facebook, twitter, etc.)",All individuals,Slovenia,2024,64.56
Annual,Percentage of individuals,"Internet use: participating in social networks (creating user profile, posting messages or other contributions to facebook, twitter, etc.)",All individuals,Slovakia,2013,48.6
Annual,Percentage of individuals,"Internet use: participating in social networks (creating user profile, posting messages or other contributions to facebook, twitter, etc.)",All individuals,Slovakia,2014,50.37
Annual,Percentage of individuals,"Internet use: participating in social networks (creating user profile, posting messages or other contributions to facebook, twitter, etc.)",All individuals,Slovakia,2015,53.64
Annual,Percentage of individuals,"Internet use: participating in social networks (creating user profile, posting messages or other contributions to facebook, twitter, etc.)",All individuals,Slovakia,2016,56.99
Annual,Percentage of individuals,"Internet use: participating in social networks (creating user profile, posting messages or other contributions to facebook, twitter, etc.)",All individuals,Slovakia,2017,58.74
Annual,Percentage of individuals,"Internet use: participating in social networks (creating user profile, posting messages or other contributions to facebook, twitter, etc.)",All individuals,Slovakia,2018,59.84
Annual,Percentage of individuals,"Internet use: participating in social networks (creating user profile, posting messages or other contributions to facebook, twitter, etc.)",All individuals,Slovakia,2019,59.24
Annual,Percentage of individuals,"Internet use: participating in social networks (creating user profile, posting messages or other contributions to facebook, twitter, etc.)",All individuals,Slovakia,2020,64.49
Annual,Percentage of individuals,"Internet use: participating in social networks (creating user profile, posting messages or other contributions to facebook, twitter, etc.)",All individuals,Slovakia,2021,64.58
Annual,Percentage of individuals,"Internet use: participating in social networks (creating user profile, posting messages or other contributions to facebook, twitter, etc.)",All individuals,Slovakia,2022,57.68
Annual,Percentage of individuals,"Internet use: participating in social networks (creating user profile, posting messages or other contributions to facebook, twitter, etc.)",All individuals,Slovakia,2023,56.99
Annual,Percentage of individuals,"Internet use: participating in social networks (creating user profile, posting messages or other contributions to facebook, twitter, etc.)",All individuals,Slovakia,2024,57.3
Annual,Percentage of individuals,"Internet use: participating in social networks (creating user profile, posting messages or other contributions to facebook, twitter, etc.)",All individuals,Trkiye,2013,31.58
Annual,Percentage of individuals,"Internet use: participating in social networks (creating user profile, posting messages or other contributions to facebook, twitter, etc.)",All individuals,Trkiye,2014,38.19
Annual,Percentage of individuals,"Internet use: participating in social networks (creating user profile, posting messages or other contributions to facebook, twitter, etc.)",All individuals,Trkiye,2015,41.47
Annual,Percentage of individuals,"Internet use: participating in social networks (creating user profile, posting messages or other contributions to facebook, twitter, etc.)",All individuals,Trkiye,2016,48.06
Annual,Percentage of individuals,"Internet use: participating in social networks (creating user profile, posting messages or other contributions to facebook, twitter, etc.)",All individuals,Trkiye,2017,54.14
Annual,Percentage of individuals,"Internet use: participating in social networks (creating user profile, posting messages or other contributions to facebook, twitter, etc.)",All individuals,Trkiye,2018,59.76
Annual,Percentage of individuals,"Internet use: participating in social networks (creating user profile, posting messages or other contributions to facebook, twitter, etc.)",All individuals,Trkiye,2019,60.18
Annual,Percentage of individuals,"Internet use: participating in social networks (creating user profile, posting messages or other contributions to facebook, twitter, etc.)",All individuals,Trkiye,2020,62.31
Annual,Percentage of individuals,"Internet use: participating in social networks (creating user profile, posting messages or other contributions to facebook, twitter, etc.)",All individuals,Trkiye,2021,60.08
Annual,Percentage of individuals,"Internet use: participating in social networks (creating user profile, posting messages or other contributions to facebook, twitter, etc.)",All individuals,Trkiye,2022,70.85
Annual,Percentage of individuals,"Internet use: participating in social networks (creating user profile, posting messages or other contributions to facebook, twitter, etc.)",All individuals,Trkiye,2023,74.58
Annual,Percentage of individuals,"Internet use: participating in social networks (creating user profile, posting messages or other contributions to facebook, twitter, etc.)",All individuals,Trkiye,2024,76.42
Annual,Percentage of individuals,"Internet use: participating in social networks (creating user profile, posting messages or other contributions to facebook, twitter, etc.)",All individuals,United Kingdom,2013,58.12
Annual,Percentage of individuals,"Internet use: participating in social networks (creating user profile, posting messages or other contributions to facebook, twitter, etc.)",All individuals,United Kingdom,2014,59.82
Annual,Percentage of individuals,"Internet use: participating in social networks (creating user profile, posting messages or other contributions to facebook, twitter, etc.)",All individuals,United Kingdom,2015,65.66
Annual,Percentage of individuals,"Internet use: participating in social networks (creating user profile, posting messages or other contributions to facebook, twitter, etc.)",All individuals,United Kingdom,2016,68.75
Annual,Percentage of individuals,"Internet use: participating in social networks (creating user profile, posting messages or other contributions to facebook, twitter, etc.)",All individuals,United Kingdom,2017,71.22
Annual,Percentage of individuals,"Internet use: participating in social networks (creating user profile, posting messages or other contributions to facebook, twitter, etc.)",All individuals,United Kingdom,2018,69.75
Annual,Percentage of individuals,"Internet use: participating in social networks (creating user profile, posting messages or other contributions to facebook, twitter, etc.)",All individuals,United Kingdom,2019,73.13
Annual,Percentage of individuals,"Internet use: participating in social networks (creating user profile, posting messages or other contributions to facebook, twitter, etc.)",All individuals,United Kingdom,2020,75.71
Annual,Percentage of individuals,"Internet use: participating in social networks (creating user profile, posting messages or other contributions to facebook, twitter, etc.)",All individuals,Kosovo*,2017,56.5
Annual,Percentage of individuals,"Internet use: participating in social networks (creating user profile, posting messages or other contributions to facebook, twitter, etc.)",All individuals,Kosovo*,2018,63.27
Annual,Percentage of individuals,"Internet use: participating in social networks (creating user profile, posting messages or other contributions to facebook, twitter, etc.)",All individuals,Kosovo*,2019,67.9
Annual,Percentage of individuals,"Internet use: participating in social networks (creating user profile, posting messages or other contributions to facebook, twitter, etc.)",All individuals,Kosovo*,2020,82.97
