freq,indic_is,unit,ind_type,geo,TIME_PERIOD,OBS_VALUE
Annual,Internet use: finding information about goods and services,Percentage of individuals,All individuals,Albania,2018,28.01
Annual,Internet use: finding information about goods and services,Percentage of individuals,All individuals,Albania,2019,34.4
Annual,Internet use: finding information about goods and services,Percentage of individuals,All individuals,Albania,2020,37.53
Annual,Internet use: finding information about goods and services,Percentage of individuals,All individuals,Albania,2021,44.19
Annual,Internet use: finding information about goods and services,Percentage of individuals,All individuals,Albania,2022,51.21
Annual,Internet use: finding information about goods and services,Percentage of individuals,All individuals,Albania,2023,52.95
Annual,Internet use: finding information about goods and services,Percentage of individuals,All individuals,Austria,2013,67.39
Annual,Internet use: finding information about goods and services,Percentage of individuals,All individuals,Austria,2014,68.87
Annual,Internet use: finding information about goods and services,Percentage of individuals,All individuals,Austria,2015,61.96
Annual,Internet use: finding information about goods and services,Percentage of individuals,All individuals,Austria,2016,70.33
Annual,Internet use: finding information about goods and services,Percentage of individuals,All individuals,Austria,2017,62.54
Annual,Internet use: finding information about goods and services,Percentage of individuals,All individuals,Austria,2018,60.79
Annual,Internet use: finding information about goods and services,Percentage of individuals,All individuals,Austria,2019,61.77
Annual,Internet use: finding information about goods and services,Percentage of individuals,All individuals,Austria,2020,67.38
Annual,Internet use: finding information about goods and services,Percentage of individuals,All individuals,Austria,2021,70.9
Annual,Internet use: finding information about goods and services,Percentage of individuals,All individuals,Austria,2022,75.98
Annual,Internet use: finding information about goods and services,Percentage of individuals,All individuals,Austria,2023,76.32
Annual,Internet use: finding information about goods and services,Percentage of individuals,All individuals,Austria,2024,77.96
Annual,Internet use: finding information about goods and services,Percentage of individuals,All individuals,Bosnia and Herzegovina,2018,51.16
Annual,Internet use: finding information about goods and services,Percentage of individuals,All individuals,Bosnia and Herzegovina,2019,39.54
Annual,Internet use: finding information about goods and services,Percentage of individuals,All individuals,Bosnia and Herzegovina,2020,49.18
Annual,Internet use: finding information about goods and services,Percentage of individuals,All individuals,Bosnia and Herzegovina,2021,50.68
Annual,Internet use: finding information about goods and services,Percentage of individuals,All individuals,Bosnia and Herzegovina,2023,58.63
Annual,Internet use: finding information about goods and services,Percentage of individuals,All individuals,Bosnia and Herzegovina,2024,65.85
Annual,Internet use: finding information about goods and services,Percentage of individuals,All individuals,Belgium,2013,66.61
Annual,Internet use: finding information about goods and services,Percentage of individuals,All individuals,Belgium,2014,71.31
Annual,Internet use: finding information about goods and services,Percentage of individuals,All individuals,Belgium,2015,69.79
Annual,Internet use: finding information about goods and services,Percentage of individuals,All individuals,Belgium,2016,72.24
Annual,Internet use: finding information about goods and services,Percentage of individuals,All individuals,Belgium,2017,73.55
Annual,Internet use: finding information about goods and services,Percentage of individuals,All individuals,Belgium,2018,74.61
Annual,Internet use: finding information about goods and services,Percentage of individuals,All individuals,Belgium,2019,76.18
Annual,Internet use: finding information about goods and services,Percentage of individuals,All individuals,Belgium,2020,77.54
Annual,Internet use: finding information about goods and services,Percentage of individuals,All individuals,Belgium,2021,75.16
Annual,Internet use: finding information about goods and services,Percentage of individuals,All individuals,Belgium,2022,79.23
Annual,Internet use: finding information about goods and services,Percentage of individuals,All individuals,Belgium,2023,78.53
Annual,Internet use: finding information about goods and services,Percentage of individuals,All individuals,Belgium,2024,81.57
Annual,Internet use: finding information about goods and services,Percentage of individuals,All individuals,Bulgaria,2013,34.87
Annual,Internet use: finding information about goods and services,Percentage of individuals,All individuals,Bulgaria,2014,41.27
Annual,Internet use: finding information about goods and services,Percentage of individuals,All individuals,Bulgaria,2015,34.52
Annual,Internet use: finding information about goods and services,Percentage of individuals,All individuals,Bulgaria,2016,38.46
Annual,Internet use: finding information about goods and services,Percentage of individuals,All individuals,Bulgaria,2017,39.34
Annual,Internet use: finding information about goods and services,Percentage of individuals,All individuals,Bulgaria,2018,43.0
Annual,Internet use: finding information about goods and services,Percentage of individuals,All individuals,Bulgaria,2019,37.94
Annual,Internet use: finding information about goods and services,Percentage of individuals,All individuals,Bulgaria,2020,50.04
Annual,Internet use: finding information about goods and services,Percentage of individuals,All individuals,Bulgaria,2021,45.75
Annual,Internet use: finding information about goods and services,Percentage of individuals,All individuals,Bulgaria,2022,60.19
Annual,Internet use: finding information about goods and services,Percentage of individuals,All individuals,Bulgaria,2023,50.75
Annual,Internet use: finding information about goods and services,Percentage of individuals,All individuals,Bulgaria,2024,61.85
Annual,Internet use: finding information about goods and services,Percentage of individuals,All individuals,Switzerland,2014,71.68
Annual,Internet use: finding information about goods and services,Percentage of individuals,All individuals,Switzerland,2017,77.61
Annual,Internet use: finding information about goods and services,Percentage of individuals,All individuals,Switzerland,2019,80.93
Annual,Internet use: finding information about goods and services,Percentage of individuals,All individuals,Switzerland,2021,85.75
Annual,Internet use: finding information about goods and services,Percentage of individuals,All individuals,Switzerland,2023,87.74
Annual,Internet use: finding information about goods and services,Percentage of individuals,All individuals,Cyprus,2013,56.12
Annual,Internet use: finding information about goods and services,Percentage of individuals,All individuals,Cyprus,2014,61.74
Annual,Internet use: finding information about goods and services,Percentage of individuals,All individuals,Cyprus,2015,53.63
Annual,Internet use: finding information about goods and services,Percentage of individuals,All individuals,Cyprus,2016,61.54
Annual,Internet use: finding information about goods and services,Percentage of individuals,All individuals,Cyprus,2017,61.45
Annual,Internet use: finding information about goods and services,Percentage of individuals,All individuals,Cyprus,2018,71.87
Annual,Internet use: finding information about goods and services,Percentage of individuals,All individuals,Cyprus,2019,71.57
Annual,Internet use: finding information about goods and services,Percentage of individuals,All individuals,Cyprus,2020,78.31
Annual,Internet use: finding information about goods and services,Percentage of individuals,All individuals,Cyprus,2021,79.08
Annual,Internet use: finding information about goods and services,Percentage of individuals,All individuals,Cyprus,2022,73.09
Annual,Internet use: finding information about goods and services,Percentage of individuals,All individuals,Cyprus,2023,81.25
Annual,Internet use: finding information about goods and services,Percentage of individuals,All individuals,Cyprus,2024,89.22
Annual,Internet use: finding information about goods and services,Percentage of individuals,All individuals,Czechia,2013,63.36
Annual,Internet use: finding information about goods and services,Percentage of individuals,All individuals,Czechia,2014,69.3
Annual,Internet use: finding information about goods and services,Percentage of individuals,All individuals,Czechia,2015,68.01
Annual,Internet use: finding information about goods and services,Percentage of individuals,All individuals,Czechia,2016,73.69
Annual,Internet use: finding information about goods and services,Percentage of individuals,All individuals,Czechia,2017,73.4
Annual,Internet use: finding information about goods and services,Percentage of individuals,All individuals,Czechia,2018,76.76
Annual,Internet use: finding information about goods and services,Percentage of individuals,All individuals,Czechia,2019,76.24
Annual,Internet use: finding information about goods and services,Percentage of individuals,All individuals,Czechia,2020,76.63
Annual,Internet use: finding information about goods and services,Percentage of individuals,All individuals,Czechia,2021,79.51
Annual,Internet use: finding information about goods and services,Percentage of individuals,All individuals,Czechia,2022,81.57
Annual,Internet use: finding information about goods and services,Percentage of individuals,All individuals,Czechia,2023,84.33
Annual,Internet use: finding information about goods and services,Percentage of individuals,All individuals,Czechia,2024,86.19
Annual,Internet use: finding information about goods and services,Percentage of individuals,All individuals,Germany,2013,77.18
Annual,Internet use: finding information about goods and services,Percentage of individuals,All individuals,Germany,2014,79.32
Annual,Internet use: finding information about goods and services,Percentage of individuals,All individuals,Germany,2015,80.4
Annual,Internet use: finding information about goods and services,Percentage of individuals,All individuals,Germany,2016,82.21
Annual,Internet use: finding information about goods and services,Percentage of individuals,All individuals,Germany,2017,83.41
Annual,Internet use: finding information about goods and services,Percentage of individuals,All individuals,Germany,2018,86.14
Annual,Internet use: finding information about goods and services,Percentage of individuals,All individuals,Germany,2019,85.56
Annual,Internet use: finding information about goods and services,Percentage of individuals,All individuals,Germany,2020,86.74
Annual,Internet use: finding information about goods and services,Percentage of individuals,All individuals,Germany,2021,60.93
Annual,Internet use: finding information about goods and services,Percentage of individuals,All individuals,Germany,2022,60.86
Annual,Internet use: finding information about goods and services,Percentage of individuals,All individuals,Germany,2023,41.67
Annual,Internet use: finding information about goods and services,Percentage of individuals,All individuals,Germany,2024,77.76
Annual,Internet use: finding information about goods and services,Percentage of individuals,All individuals,Denmark,2013,82.16
Annual,Internet use: finding information about goods and services,Percentage of individuals,All individuals,Denmark,2014,83.81
Annual,Internet use: finding information about goods and services,Percentage of individuals,All individuals,Denmark,2015,77.17
Annual,Internet use: finding information about goods and services,Percentage of individuals,All individuals,Denmark,2016,86.31
Annual,Internet use: finding information about goods and services,Percentage of individuals,All individuals,Denmark,2017,79.31
Annual,Internet use: finding information about goods and services,Percentage of individuals,All individuals,Denmark,2018,87.77
Annual,Internet use: finding information about goods and services,Percentage of individuals,All individuals,Denmark,2019,85.02
Annual,Internet use: finding information about goods and services,Percentage of individuals,All individuals,Denmark,2020,90.0
Annual,Internet use: finding information about goods and services,Percentage of individuals,All individuals,Denmark,2021,85.48
Annual,Internet use: finding information about goods and services,Percentage of individuals,All individuals,Denmark,2022,89.97
Annual,Internet use: finding information about goods and services,Percentage of individuals,All individuals,Denmark,2023,88.59
Annual,Internet use: finding information about goods and services,Percentage of individuals,All individuals,Denmark,2024,94.13
Annual,Internet use: finding information about goods and services,Percentage of individuals,All individuals,Estonia,2013,59.96
Annual,Internet use: finding information about goods and services,Percentage of individuals,All individuals,Estonia,2014,75.58
Annual,Internet use: finding information about goods and services,Percentage of individuals,All individuals,Estonia,2015,75.24
Annual,Internet use: finding information about goods and services,Percentage of individuals,All individuals,Estonia,2016,77.12
Annual,Internet use: finding information about goods and services,Percentage of individuals,All individuals,Estonia,2017,74.77
Annual,Internet use: finding information about goods and services,Percentage of individuals,All individuals,Estonia,2018,79.99
Annual,Internet use: finding information about goods and services,Percentage of individuals,All individuals,Estonia,2019,77.93
Annual,Internet use: finding information about goods and services,Percentage of individuals,All individuals,Estonia,2020,80.87
Annual,Internet use: finding information about goods and services,Percentage of individuals,All individuals,Estonia,2021,80.49
Annual,Internet use: finding information about goods and services,Percentage of individuals,All individuals,Estonia,2022,78.55
Annual,Internet use: finding information about goods and services,Percentage of individuals,All individuals,Estonia,2023,78.83
Annual,Internet use: finding information about goods and services,Percentage of individuals,All individuals,Estonia,2024,81.24
Annual,Internet use: finding information about goods and services,Percentage of individuals,All individuals,Greece,2013,49.94
Annual,Internet use: finding information about goods and services,Percentage of individuals,All individuals,Greece,2014,52.05
Annual,Internet use: finding information about goods and services,Percentage of individuals,All individuals,Greece,2015,53.76
Annual,Internet use: finding information about goods and services,Percentage of individuals,All individuals,Greece,2016,56.55
Annual,Internet use: finding information about goods and services,Percentage of individuals,All individuals,Greece,2017,57.38
Annual,Internet use: finding information about goods and services,Percentage of individuals,All individuals,Greece,2018,64.57
Annual,Internet use: finding information about goods and services,Percentage of individuals,All individuals,Greece,2019,66.79
Annual,Internet use: finding information about goods and services,Percentage of individuals,All individuals,Greece,2020,69.43
Annual,Internet use: finding information about goods and services,Percentage of individuals,All individuals,Greece,2021,69.94
Annual,Internet use: finding information about goods and services,Percentage of individuals,All individuals,Greece,2022,74.17
Annual,Internet use: finding information about goods and services,Percentage of individuals,All individuals,Greece,2023,75.76
Annual,Internet use: finding information about goods and services,Percentage of individuals,All individuals,Greece,2024,79.41
Annual,Internet use: finding information about goods and services,Percentage of individuals,All individuals,Spain,2013,47.53
Annual,Internet use: finding information about goods and services,Percentage of individuals,All individuals,Spain,2014,65.58
Annual,Internet use: finding information about goods and services,Percentage of individuals,All individuals,Spain,2015,54.77
Annual,Internet use: finding information about goods and services,Percentage of individuals,All individuals,Spain,2016,66.58
Annual,Internet use: finding information about goods and services,Percentage of individuals,All individuals,Spain,2017,63.0
Annual,Internet use: finding information about goods and services,Percentage of individuals,All individuals,Spain,2018,72.34
Annual,Internet use: finding information about goods and services,Percentage of individuals,All individuals,Spain,2019,72.85
Annual,Internet use: finding information about goods and services,Percentage of individuals,All individuals,Spain,2020,78.29
Annual,Internet use: finding information about goods and services,Percentage of individuals,All individuals,Spain,2021,74.0
Annual,Internet use: finding information about goods and services,Percentage of individuals,All individuals,Spain,2022,75.57
Annual,Internet use: finding information about goods and services,Percentage of individuals,All individuals,Spain,2023,72.3
Annual,Internet use: finding information about goods and services,Percentage of individuals,All individuals,Spain,2024,79.99
Annual,Internet use: finding information about goods and services,Percentage of individuals,All individuals,European Union - 27 countries (from 2020),2013,57.77
Annual,Internet use: finding information about goods and services,Percentage of individuals,All individuals,European Union - 27 countries (from 2020),2014,62.24
Annual,Internet use: finding information about goods and services,Percentage of individuals,All individuals,European Union - 27 countries (from 2020),2015,59.6
Annual,Internet use: finding information about goods and services,Percentage of individuals,All individuals,European Union - 27 countries (from 2020),2016,63.46
Annual,Internet use: finding information about goods and services,Percentage of individuals,All individuals,European Union - 27 countries (from 2020),2017,64.05
Annual,Internet use: finding information about goods and services,Percentage of individuals,All individuals,European Union - 27 countries (from 2020),2018,68.04
Annual,Internet use: finding information about goods and services,Percentage of individuals,All individuals,European Union - 27 countries (from 2020),2019,66.48
Annual,Internet use: finding information about goods and services,Percentage of individuals,All individuals,European Union - 27 countries (from 2020),2020,70.03
Annual,Internet use: finding information about goods and services,Percentage of individuals,All individuals,European Union - 27 countries (from 2020),2021,66.14
Annual,Internet use: finding information about goods and services,Percentage of individuals,All individuals,European Union - 27 countries (from 2020),2022,69.55
Annual,Internet use: finding information about goods and services,Percentage of individuals,All individuals,European Union - 27 countries (from 2020),2023,64.44
Annual,Internet use: finding information about goods and services,Percentage of individuals,All individuals,European Union - 27 countries (from 2020),2024,75.18
Annual,Internet use: finding information about goods and services,Percentage of individuals,All individuals,Finland,2013,79.28
Annual,Internet use: finding information about goods and services,Percentage of individuals,All individuals,Finland,2014,85.27
Annual,Internet use: finding information about goods and services,Percentage of individuals,All individuals,Finland,2015,81.91
Annual,Internet use: finding information about goods and services,Percentage of individuals,All individuals,Finland,2016,85.43
Annual,Internet use: finding information about goods and services,Percentage of individuals,All individuals,Finland,2017,85.32
Annual,Internet use: finding information about goods and services,Percentage of individuals,All individuals,Finland,2018,83.77
Annual,Internet use: finding information about goods and services,Percentage of individuals,All individuals,Finland,2019,86.56
Annual,Internet use: finding information about goods and services,Percentage of individuals,All individuals,Finland,2020,84.66
Annual,Internet use: finding information about goods and services,Percentage of individuals,All individuals,Finland,2021,90.55
Annual,Internet use: finding information about goods and services,Percentage of individuals,All individuals,Finland,2022,90.34
Annual,Internet use: finding information about goods and services,Percentage of individuals,All individuals,Finland,2023,92.26
Annual,Internet use: finding information about goods and services,Percentage of individuals,All individuals,Finland,2024,88.54
Annual,Internet use: finding information about goods and services,Percentage of individuals,All individuals,France,2013,68.31
Annual,Internet use: finding information about goods and services,Percentage of individuals,All individuals,France,2014,69.04
Annual,Internet use: finding information about goods and services,Percentage of individuals,All individuals,France,2015,68.82
Annual,Internet use: finding information about goods and services,Percentage of individuals,All individuals,France,2016,64.55
Annual,Internet use: finding information about goods and services,Percentage of individuals,All individuals,France,2017,67.13
Annual,Internet use: finding information about goods and services,Percentage of individuals,All individuals,France,2018,69.81
Annual,Internet use: finding information about goods and services,Percentage of individuals,All individuals,France,2019,61.54
Annual,Internet use: finding information about goods and services,Percentage of individuals,All individuals,France,2021,63.84
Annual,Internet use: finding information about goods and services,Percentage of individuals,All individuals,France,2022,74.05
Annual,Internet use: finding information about goods and services,Percentage of individuals,All individuals,France,2023,65.41
Annual,Internet use: finding information about goods and services,Percentage of individuals,All individuals,France,2024,75.98
Annual,Internet use: finding information about goods and services,Percentage of individuals,All individuals,Croatia,2013,46.41
Annual,Internet use: finding information about goods and services,Percentage of individuals,All individuals,Croatia,2014,43.63
Annual,Internet use: finding information about goods and services,Percentage of individuals,All individuals,Croatia,2015,56.94
Annual,Internet use: finding information about goods and services,Percentage of individuals,All individuals,Croatia,2016,65.87
Annual,Internet use: finding information about goods and services,Percentage of individuals,All individuals,Croatia,2017,59.25
Annual,Internet use: finding information about goods and services,Percentage of individuals,All individuals,Croatia,2018,65.81
Annual,Internet use: finding information about goods and services,Percentage of individuals,All individuals,Croatia,2019,73.86
Annual,Internet use: finding information about goods and services,Percentage of individuals,All individuals,Croatia,2020,70.94
Annual,Internet use: finding information about goods and services,Percentage of individuals,All individuals,Croatia,2021,73.69
Annual,Internet use: finding information about goods and services,Percentage of individuals,All individuals,Croatia,2022,76.08
Annual,Internet use: finding information about goods and services,Percentage of individuals,All individuals,Croatia,2023,74.75
Annual,Internet use: finding information about goods and services,Percentage of individuals,All individuals,Croatia,2024,73.52
Annual,Internet use: finding information about goods and services,Percentage of individuals,All individuals,Hungary,2013,58.06
Annual,Internet use: finding information about goods and services,Percentage of individuals,All individuals,Hungary,2014,65.95
Annual,Internet use: finding information about goods and services,Percentage of individuals,All individuals,Hungary,2015,60.66
Annual,Internet use: finding information about goods and services,Percentage of individuals,All individuals,Hungary,2016,69.78
Annual,Internet use: finding information about goods and services,Percentage of individuals,All individuals,Hungary,2017,65.01
Annual,Internet use: finding information about goods and services,Percentage of individuals,All individuals,Hungary,2018,68.63
Annual,Internet use: finding information about goods and services,Percentage of individuals,All individuals,Hungary,2019,69.26
Annual,Internet use: finding information about goods and services,Percentage of individuals,All individuals,Hungary,2020,76.27
Annual,Internet use: finding information about goods and services,Percentage of individuals,All individuals,Hungary,2021,78.93
Annual,Internet use: finding information about goods and services,Percentage of individuals,All individuals,Hungary,2022,77.75
Annual,Internet use: finding information about goods and services,Percentage of individuals,All individuals,Hungary,2023,84.81
Annual,Internet use: finding information about goods and services,Percentage of individuals,All individuals,Hungary,2024,83.19
Annual,Internet use: finding information about goods and services,Percentage of individuals,All individuals,Ireland,2013,60.85
Annual,Internet use: finding information about goods and services,Percentage of individuals,All individuals,Ireland,2014,67.68
Annual,Internet use: finding information about goods and services,Percentage of individuals,All individuals,Ireland,2015,64.08
Annual,Internet use: finding information about goods and services,Percentage of individuals,All individuals,Ireland,2016,67.58
Annual,Internet use: finding information about goods and services,Percentage of individuals,All individuals,Ireland,2017,69.7
Annual,Internet use: finding information about goods and services,Percentage of individuals,All individuals,Ireland,2018,72.55
Annual,Internet use: finding information about goods and services,Percentage of individuals,All individuals,Ireland,2019,76.54
Annual,Internet use: finding information about goods and services,Percentage of individuals,All individuals,Ireland,2020,71.72
Annual,Internet use: finding information about goods and services,Percentage of individuals,All individuals,Ireland,2021,87.1
Annual,Internet use: finding information about goods and services,Percentage of individuals,All individuals,Ireland,2022,80.55
Annual,Internet use: finding information about goods and services,Percentage of individuals,All individuals,Ireland,2023,85.22
Annual,Internet use: finding information about goods and services,Percentage of individuals,All individuals,Ireland,2024,93.17
Annual,Internet use: finding information about goods and services,Percentage of individuals,All individuals,Iceland,2013,86.0
Annual,Internet use: finding information about goods and services,Percentage of individuals,All individuals,Iceland,2014,89.13
Annual,Internet use: finding information about goods and services,Percentage of individuals,All individuals,Iceland,2017,88.98
Annual,Internet use: finding information about goods and services,Percentage of individuals,All individuals,Iceland,2018,92.07
Annual,Internet use: finding information about goods and services,Percentage of individuals,All individuals,Iceland,2019,91.78
Annual,Internet use: finding information about goods and services,Percentage of individuals,All individuals,Iceland,2020,94.12
Annual,Internet use: finding information about goods and services,Percentage of individuals,All individuals,Iceland,2021,93.5
Annual,Internet use: finding information about goods and services,Percentage of individuals,All individuals,Italy,2013,37.18
Annual,Internet use: finding information about goods and services,Percentage of individuals,All individuals,Italy,2014,35.06
Annual,Internet use: finding information about goods and services,Percentage of individuals,All individuals,Italy,2015,37.12
Annual,Internet use: finding information about goods and services,Percentage of individuals,All individuals,Italy,2016,34.62
Annual,Internet use: finding information about goods and services,Percentage of individuals,All individuals,Italy,2017,37.87
Annual,Internet use: finding information about goods and services,Percentage of individuals,All individuals,Italy,2018,40.36
Annual,Internet use: finding information about goods and services,Percentage of individuals,All individuals,Italy,2019,40.44
Annual,Internet use: finding information about goods and services,Percentage of individuals,All individuals,Italy,2020,48.37
Annual,Internet use: finding information about goods and services,Percentage of individuals,All individuals,Italy,2021,53.04
Annual,Internet use: finding information about goods and services,Percentage of individuals,All individuals,Italy,2022,53.54
Annual,Internet use: finding information about goods and services,Percentage of individuals,All individuals,Italy,2023,58.38
Annual,Internet use: finding information about goods and services,Percentage of individuals,All individuals,Italy,2024,58.07
Annual,Internet use: finding information about goods and services,Percentage of individuals,All individuals,Lithuania,2013,56.49
Annual,Internet use: finding information about goods and services,Percentage of individuals,All individuals,Lithuania,2014,64.58
Annual,Internet use: finding information about goods and services,Percentage of individuals,All individuals,Lithuania,2015,57.17
Annual,Internet use: finding information about goods and services,Percentage of individuals,All individuals,Lithuania,2016,61.73
Annual,Internet use: finding information about goods and services,Percentage of individuals,All individuals,Lithuania,2017,61.89
Annual,Internet use: finding information about goods and services,Percentage of individuals,All individuals,Lithuania,2018,67.92
Annual,Internet use: finding information about goods and services,Percentage of individuals,All individuals,Lithuania,2019,68.55
Annual,Internet use: finding information about goods and services,Percentage of individuals,All individuals,Lithuania,2020,73.37
Annual,Internet use: finding information about goods and services,Percentage of individuals,All individuals,Lithuania,2021,74.22
Annual,Internet use: finding information about goods and services,Percentage of individuals,All individuals,Lithuania,2022,77.19
Annual,Internet use: finding information about goods and services,Percentage of individuals,All individuals,Lithuania,2023,74.81
Annual,Internet use: finding information about goods and services,Percentage of individuals,All individuals,Lithuania,2024,79.73
Annual,Internet use: finding information about goods and services,Percentage of individuals,All individuals,Luxembourg,2013,69.72
Annual,Internet use: finding information about goods and services,Percentage of individuals,All individuals,Luxembourg,2014,82.23
Annual,Internet use: finding information about goods and services,Percentage of individuals,All individuals,Luxembourg,2015,75.91
Annual,Internet use: finding information about goods and services,Percentage of individuals,All individuals,Luxembourg,2016,86.19
Annual,Internet use: finding information about goods and services,Percentage of individuals,All individuals,Luxembourg,2017,81.58
Annual,Internet use: finding information about goods and services,Percentage of individuals,All individuals,Luxembourg,2018,76.38
Annual,Internet use: finding information about goods and services,Percentage of individuals,All individuals,Luxembourg,2019,67.25
Annual,Internet use: finding information about goods and services,Percentage of individuals,All individuals,Luxembourg,2020,68.32
Annual,Internet use: finding information about goods and services,Percentage of individuals,All individuals,Luxembourg,2021,66.8
Annual,Internet use: finding information about goods and services,Percentage of individuals,All individuals,Luxembourg,2022,69.47
Annual,Internet use: finding information about goods and services,Percentage of individuals,All individuals,Luxembourg,2023,60.12
Annual,Internet use: finding information about goods and services,Percentage of individuals,All individuals,Luxembourg,2024,72.51
Annual,Internet use: finding information about goods and services,Percentage of individuals,All individuals,Latvia,2013,52.19
Annual,Internet use: finding information about goods and services,Percentage of individuals,All individuals,Latvia,2014,52.6
Annual,Internet use: finding information about goods and services,Percentage of individuals,All individuals,Latvia,2015,54.48
Annual,Internet use: finding information about goods and services,Percentage of individuals,All individuals,Latvia,2016,59.7
Annual,Internet use: finding information about goods and services,Percentage of individuals,All individuals,Latvia,2017,57.21
Annual,Internet use: finding information about goods and services,Percentage of individuals,All individuals,Latvia,2018,63.27
Annual,Internet use: finding information about goods and services,Percentage of individuals,All individuals,Latvia,2019,61.88
Annual,Internet use: finding information about goods and services,Percentage of individuals,All individuals,Latvia,2020,70.86
Annual,Internet use: finding information about goods and services,Percentage of individuals,All individuals,Latvia,2021,67.21
Annual,Internet use: finding information about goods and services,Percentage of individuals,All individuals,Latvia,2022,69.64
Annual,Internet use: finding information about goods and services,Percentage of individuals,All individuals,Latvia,2023,66.76
Annual,Internet use: finding information about goods and services,Percentage of individuals,All individuals,Latvia,2024,70.72
Annual,Internet use: finding information about goods and services,Percentage of individuals,All individuals,Montenegro,2017,39.91
Annual,Internet use: finding information about goods and services,Percentage of individuals,All individuals,Montenegro,2018,45.16
Annual,Internet use: finding information about goods and services,Percentage of individuals,All individuals,Montenegro,2019,37.88
Annual,Internet use: finding information about goods and services,Percentage of individuals,All individuals,Montenegro,2020,47.03
Annual,Internet use: finding information about goods and services,Percentage of individuals,All individuals,Montenegro,2021,49.67
Annual,Internet use: finding information about goods and services,Percentage of individuals,All individuals,Montenegro,2022,58.08
Annual,Internet use: finding information about goods and services,Percentage of individuals,All individuals,Montenegro,2023,55.71
Annual,Internet use: finding information about goods and services,Percentage of individuals,All individuals,Montenegro,2024,55.61
Annual,Internet use: finding information about goods and services,Percentage of individuals,All individuals,North Macedonia,2013,34.04
Annual,Internet use: finding information about goods and services,Percentage of individuals,All individuals,North Macedonia,2014,41.81
Annual,Internet use: finding information about goods and services,Percentage of individuals,All individuals,North Macedonia,2015,29.58
Annual,Internet use: finding information about goods and services,Percentage of individuals,All individuals,North Macedonia,2016,38.75
Annual,Internet use: finding information about goods and services,Percentage of individuals,All individuals,North Macedonia,2017,37.54
Annual,Internet use: finding information about goods and services,Percentage of individuals,All individuals,North Macedonia,2018,49.63
Annual,Internet use: finding information about goods and services,Percentage of individuals,All individuals,North Macedonia,2019,53.41
Annual,Internet use: finding information about goods and services,Percentage of individuals,All individuals,North Macedonia,2020,52.05
Annual,Internet use: finding information about goods and services,Percentage of individuals,All individuals,North Macedonia,2021,57.15
Annual,Internet use: finding information about goods and services,Percentage of individuals,All individuals,North Macedonia,2024,65.88
Annual,Internet use: finding information about goods and services,Percentage of individuals,All individuals,Malta,2013,50.1
Annual,Internet use: finding information about goods and services,Percentage of individuals,All individuals,Malta,2014,63.77
Annual,Internet use: finding information about goods and services,Percentage of individuals,All individuals,Malta,2015,61.4
Annual,Internet use: finding information about goods and services,Percentage of individuals,All individuals,Malta,2016,64.77
Annual,Internet use: finding information about goods and services,Percentage of individuals,All individuals,Malta,2017,71.1
Annual,Internet use: finding information about goods and services,Percentage of individuals,All individuals,Malta,2018,71.25
Annual,Internet use: finding information about goods and services,Percentage of individuals,All individuals,Malta,2019,71.56
Annual,Internet use: finding information about goods and services,Percentage of individuals,All individuals,Malta,2020,77.19
Annual,Internet use: finding information about goods and services,Percentage of individuals,All individuals,Malta,2021,77.63
Annual,Internet use: finding information about goods and services,Percentage of individuals,All individuals,Malta,2022,79.51
Annual,Internet use: finding information about goods and services,Percentage of individuals,All individuals,Malta,2023,78.04
Annual,Internet use: finding information about goods and services,Percentage of individuals,All individuals,Malta,2024,80.67
Annual,Internet use: finding information about goods and services,Percentage of individuals,All individuals,Netherlands,2013,83.16
Annual,Internet use: finding information about goods and services,Percentage of individuals,All individuals,Netherlands,2014,85.47
Annual,Internet use: finding information about goods and services,Percentage of individuals,All individuals,Netherlands,2015,84.4
Annual,Internet use: finding information about goods and services,Percentage of individuals,All individuals,Netherlands,2016,84.52
Annual,Internet use: finding information about goods and services,Percentage of individuals,All individuals,Netherlands,2017,88.39
Annual,Internet use: finding information about goods and services,Percentage of individuals,All individuals,Netherlands,2018,88.91
Annual,Internet use: finding information about goods and services,Percentage of individuals,All individuals,Netherlands,2019,89.36
Annual,Internet use: finding information about goods and services,Percentage of individuals,All individuals,Netherlands,2020,88.64
Annual,Internet use: finding information about goods and services,Percentage of individuals,All individuals,Netherlands,2021,90.61
Annual,Internet use: finding information about goods and services,Percentage of individuals,All individuals,Netherlands,2022,89.89
Annual,Internet use: finding information about goods and services,Percentage of individuals,All individuals,Netherlands,2023,95.33
Annual,Internet use: finding information about goods and services,Percentage of individuals,All individuals,Netherlands,2024,96.28
Annual,Internet use: finding information about goods and services,Percentage of individuals,All individuals,Norway,2013,79.01
Annual,Internet use: finding information about goods and services,Percentage of individuals,All individuals,Norway,2014,88.14
Annual,Internet use: finding information about goods and services,Percentage of individuals,All individuals,Norway,2015,82.17
Annual,Internet use: finding information about goods and services,Percentage of individuals,All individuals,Norway,2016,88.37
Annual,Internet use: finding information about goods and services,Percentage of individuals,All individuals,Norway,2017,83.11
Annual,Internet use: finding information about goods and services,Percentage of individuals,All individuals,Norway,2018,90.61
Annual,Internet use: finding information about goods and services,Percentage of individuals,All individuals,Norway,2019,90.3
Annual,Internet use: finding information about goods and services,Percentage of individuals,All individuals,Norway,2020,91.17
Annual,Internet use: finding information about goods and services,Percentage of individuals,All individuals,Norway,2021,92.75
Annual,Internet use: finding information about goods and services,Percentage of individuals,All individuals,Norway,2022,95.63
Annual,Internet use: finding information about goods and services,Percentage of individuals,All individuals,Norway,2023,95.52
Annual,Internet use: finding information about goods and services,Percentage of individuals,All individuals,Norway,2024,95.22
Annual,Internet use: finding information about goods and services,Percentage of individuals,All individuals,Poland,2013,45.47
Annual,Internet use: finding information about goods and services,Percentage of individuals,All individuals,Poland,2014,50.13
Annual,Internet use: finding information about goods and services,Percentage of individuals,All individuals,Poland,2015,42.24
Annual,Internet use: finding information about goods and services,Percentage of individuals,All individuals,Poland,2016,56.63
Annual,Internet use: finding information about goods and services,Percentage of individuals,All individuals,Poland,2017,58.35
Annual,Internet use: finding information about goods and services,Percentage of individuals,All individuals,Poland,2018,63.98
Annual,Internet use: finding information about goods and services,Percentage of individuals,All individuals,Poland,2019,62.24
Annual,Internet use: finding information about goods and services,Percentage of individuals,All individuals,Poland,2020,62.74
Annual,Internet use: finding information about goods and services,Percentage of individuals,All individuals,Poland,2021,65.63
Annual,Internet use: finding information about goods and services,Percentage of individuals,All individuals,Poland,2022,74.25
Annual,Internet use: finding information about goods and services,Percentage of individuals,All individuals,Poland,2023,64.45
Annual,Internet use: finding information about goods and services,Percentage of individuals,All individuals,Poland,2024,69.26
Annual,Internet use: finding information about goods and services,Percentage of individuals,All individuals,Portugal,2013,45.98
Annual,Internet use: finding information about goods and services,Percentage of individuals,All individuals,Portugal,2014,55.67
Annual,Internet use: finding information about goods and services,Percentage of individuals,All individuals,Portugal,2015,52.14
Annual,Internet use: finding information about goods and services,Percentage of individuals,All individuals,Portugal,2016,58.68
Annual,Internet use: finding information about goods and services,Percentage of individuals,All individuals,Portugal,2017,60.49
Annual,Internet use: finding information about goods and services,Percentage of individuals,All individuals,Portugal,2018,63.58
Annual,Internet use: finding information about goods and services,Percentage of individuals,All individuals,Portugal,2019,64.74
Annual,Internet use: finding information about goods and services,Percentage of individuals,All individuals,Portugal,2020,68.12
Annual,Internet use: finding information about goods and services,Percentage of individuals,All individuals,Portugal,2021,71.37
Annual,Internet use: finding information about goods and services,Percentage of individuals,All individuals,Portugal,2022,72.76
Annual,Internet use: finding information about goods and services,Percentage of individuals,All individuals,Portugal,2023,73.18
Annual,Internet use: finding information about goods and services,Percentage of individuals,All individuals,Portugal,2024,77.8
Annual,Internet use: finding information about goods and services,Percentage of individuals,All individuals,Romania,2013,25.71
Annual,Internet use: finding information about goods and services,Percentage of individuals,All individuals,Romania,2014,35.55
Annual,Internet use: finding information about goods and services,Percentage of individuals,All individuals,Romania,2015,26.22
Annual,Internet use: finding information about goods and services,Percentage of individuals,All individuals,Romania,2016,34.81
Annual,Internet use: finding information about goods and services,Percentage of individuals,All individuals,Romania,2017,31.13
Annual,Internet use: finding information about goods and services,Percentage of individuals,All individuals,Romania,2018,41.43
Annual,Internet use: finding information about goods and services,Percentage of individuals,All individuals,Romania,2019,33.48
Annual,Internet use: finding information about goods and services,Percentage of individuals,All individuals,Romania,2020,45.79
Annual,Internet use: finding information about goods and services,Percentage of individuals,All individuals,Romania,2021,43.66
Annual,Internet use: finding information about goods and services,Percentage of individuals,All individuals,Romania,2022,49.28
Annual,Internet use: finding information about goods and services,Percentage of individuals,All individuals,Romania,2023,48.89
Annual,Internet use: finding information about goods and services,Percentage of individuals,All individuals,Romania,2024,56.28
Annual,Internet use: finding information about goods and services,Percentage of individuals,All individuals,Serbia,2015,44.13
Annual,Internet use: finding information about goods and services,Percentage of individuals,All individuals,Serbia,2017,53.04
Annual,Internet use: finding information about goods and services,Percentage of individuals,All individuals,Serbia,2018,56.31
Annual,Internet use: finding information about goods and services,Percentage of individuals,All individuals,Serbia,2019,52.78
Annual,Internet use: finding information about goods and services,Percentage of individuals,All individuals,Serbia,2020,56.07
Annual,Internet use: finding information about goods and services,Percentage of individuals,All individuals,Serbia,2021,59.64
Annual,Internet use: finding information about goods and services,Percentage of individuals,All individuals,Serbia,2022,67.58
Annual,Internet use: finding information about goods and services,Percentage of individuals,All individuals,Serbia,2023,65.16
Annual,Internet use: finding information about goods and services,Percentage of individuals,All individuals,Serbia,2024,69.29
Annual,Internet use: finding information about goods and services,Percentage of individuals,All individuals,Sweden,2013,80.82
Annual,Internet use: finding information about goods and services,Percentage of individuals,All individuals,Sweden,2014,85.9
Annual,Internet use: finding information about goods and services,Percentage of individuals,All individuals,Sweden,2015,72.7
Annual,Internet use: finding information about goods and services,Percentage of individuals,All individuals,Sweden,2016,83.41
Annual,Internet use: finding information about goods and services,Percentage of individuals,All individuals,Sweden,2017,84.12
Annual,Internet use: finding information about goods and services,Percentage of individuals,All individuals,Sweden,2018,82.92
Annual,Internet use: finding information about goods and services,Percentage of individuals,All individuals,Sweden,2019,83.13
Annual,Internet use: finding information about goods and services,Percentage of individuals,All individuals,Sweden,2020,88.48
Annual,Internet use: finding information about goods and services,Percentage of individuals,All individuals,Sweden,2021,82.95
Annual,Internet use: finding information about goods and services,Percentage of individuals,All individuals,Sweden,2022,88.73
Annual,Internet use: finding information about goods and services,Percentage of individuals,All individuals,Sweden,2023,87.46
Annual,Internet use: finding information about goods and services,Percentage of individuals,All individuals,Sweden,2024,89.35
Annual,Internet use: finding information about goods and services,Percentage of individuals,All individuals,Slovenia,2013,54.76
Annual,Internet use: finding information about goods and services,Percentage of individuals,All individuals,Slovenia,2014,62.08
Annual,Internet use: finding information about goods and services,Percentage of individuals,All individuals,Slovenia,2015,60.97
Annual,Internet use: finding information about goods and services,Percentage of individuals,All individuals,Slovenia,2016,64.64
Annual,Internet use: finding information about goods and services,Percentage of individuals,All individuals,Slovenia,2017,69.38
Annual,Internet use: finding information about goods and services,Percentage of individuals,All individuals,Slovenia,2018,69.25
Annual,Internet use: finding information about goods and services,Percentage of individuals,All individuals,Slovenia,2019,69.89
Annual,Internet use: finding information about goods and services,Percentage of individuals,All individuals,Slovenia,2020,76.71
Annual,Internet use: finding information about goods and services,Percentage of individuals,All individuals,Slovenia,2021,75.2
Annual,Internet use: finding information about goods and services,Percentage of individuals,All individuals,Slovenia,2022,75.34
Annual,Internet use: finding information about goods and services,Percentage of individuals,All individuals,Slovenia,2023,76.56
Annual,Internet use: finding information about goods and services,Percentage of individuals,All individuals,Slovenia,2024,78.9
Annual,Internet use: finding information about goods and services,Percentage of individuals,All individuals,Slovakia,2013,55.72
Annual,Internet use: finding information about goods and services,Percentage of individuals,All individuals,Slovakia,2014,59.71
Annual,Internet use: finding information about goods and services,Percentage of individuals,All individuals,Slovakia,2015,57.31
Annual,Internet use: finding information about goods and services,Percentage of individuals,All individuals,Slovakia,2016,60.81
Annual,Internet use: finding information about goods and services,Percentage of individuals,All individuals,Slovakia,2017,58.4
Annual,Internet use: finding information about goods and services,Percentage of individuals,All individuals,Slovakia,2018,63.51
Annual,Internet use: finding information about goods and services,Percentage of individuals,All individuals,Slovakia,2019,59.85
Annual,Internet use: finding information about goods and services,Percentage of individuals,All individuals,Slovakia,2020,78.16
Annual,Internet use: finding information about goods and services,Percentage of individuals,All individuals,Slovakia,2021,71.11
Annual,Internet use: finding information about goods and services,Percentage of individuals,All individuals,Slovakia,2022,67.11
Annual,Internet use: finding information about goods and services,Percentage of individuals,All individuals,Slovakia,2023,65.36
Annual,Internet use: finding information about goods and services,Percentage of individuals,All individuals,Slovakia,2024,70.07
Annual,Internet use: finding information about goods and services,Percentage of individuals,All individuals,Trkiye,2013,25.86
Annual,Internet use: finding information about goods and services,Percentage of individuals,All individuals,Trkiye,2014,32.59
Annual,Internet use: finding information about goods and services,Percentage of individuals,All individuals,Trkiye,2015,30.44
Annual,Internet use: finding information about goods and services,Percentage of individuals,All individuals,Trkiye,2016,38.23
Annual,Internet use: finding information about goods and services,Percentage of individuals,All individuals,Trkiye,2017,42.62
Annual,Internet use: finding information about goods and services,Percentage of individuals,All individuals,Trkiye,2018,48.17
Annual,Internet use: finding information about goods and services,Percentage of individuals,All individuals,Trkiye,2019,48.1
Annual,Internet use: finding information about goods and services,Percentage of individuals,All individuals,Trkiye,2020,51.98
Annual,Internet use: finding information about goods and services,Percentage of individuals,All individuals,Trkiye,2021,48.19
Annual,Internet use: finding information about goods and services,Percentage of individuals,All individuals,Trkiye,2022,61.44
Annual,Internet use: finding information about goods and services,Percentage of individuals,All individuals,Trkiye,2023,61.19
Annual,Internet use: finding information about goods and services,Percentage of individuals,All individuals,Trkiye,2024,65.35
Annual,Internet use: finding information about goods and services,Percentage of individuals,All individuals,United Kingdom,2013,69.63
Annual,Internet use: finding information about goods and services,Percentage of individuals,All individuals,United Kingdom,2014,78.01
Annual,Internet use: finding information about goods and services,Percentage of individuals,All individuals,United Kingdom,2015,74.06
Annual,Internet use: finding information about goods and services,Percentage of individuals,All individuals,United Kingdom,2016,79.85
Annual,Internet use: finding information about goods and services,Percentage of individuals,All individuals,United Kingdom,2017,75.41
Annual,Internet use: finding information about goods and services,Percentage of individuals,All individuals,United Kingdom,2018,81.09
Annual,Internet use: finding information about goods and services,Percentage of individuals,All individuals,United Kingdom,2019,81.3
Annual,Internet use: finding information about goods and services,Percentage of individuals,All individuals,United Kingdom,2020,84.78
Annual,Internet use: finding information about goods and services,Percentage of individuals,All individuals,Kosovo*,2017,30.79
Annual,Internet use: finding information about goods and services,Percentage of individuals,All individuals,Kosovo*,2018,31.94
Annual,Internet use: finding information about goods and services,Percentage of individuals,All individuals,Kosovo*,2019,37.11
Annual,Internet use: finding information about goods and services,Percentage of individuals,All individuals,Kosovo*,2020,71.18
