Entity,Code,Year,Population (historical)
Austria,AUT,1942,6758902
Austria,AUT,1943,6781747
Austria,AUT,1944,6804668
Austria,AUT,1945,6827667
Austria,AUT,1946,6850744
Austria,AUT,1947,6873899
Austria,AUT,1948,6897132
Austria,AUT,1949,6917983
Austria,AUT,1950,6936454
Austria,AUT,1951,6930485
Austria,AUT,1952,6927254
Austria,AUT,1953,6932082
Austria,AUT,1954,6939893
Austria,AUT,1955,6946661
Austria,AUT,1956,6952266
Austria,AUT,1957,6965837
Austria,AUT,1958,6987344
Austria,AUT,1959,7014269
Austria,AUT,1960,7047274
Austria,AUT,1961,7086061
Austria,AUT,1962,7129580
Austria,AUT,1963,7175502
Austria,AUT,1964,7223393
Austria,AUT,1965,7270413
Austria,AUT,1966,7321523
Austria,AUT,1967,7376293
Austria,AUT,1968,7414628
Austria,AUT,1969,7440308
Austria,AUT,1970,7466321
Austria,AUT,1971,7499636
Austria,AUT,1972,7543264
Austria,AUT,1973,7585107
Austria,AUT,1974,7597963
Austria,AUT,1975,7577832
Austria,AUT,1976,7564457
Austria,AUT,1977,7567332
Austria,AUT,1978,7561204
Austria,AUT,1979,7548345
Austria,AUT,1980,7548405
Austria,AUT,1981,7567550
Austria,AUT,1982,7573077
Austria,AUT,1983,7561166
Austria,AUT,1984,7560716
Austria,AUT,1985,7564311
Austria,AUT,1986,7569397
Austria,AUT,1987,7574314
Austria,AUT,1988,7585347
Austria,AUT,1989,7620406
Austria,AUT,1990,7679626
Austria,AUT,1991,7757140
Austria,AUT,1992,7842716
Austria,AUT,1993,7907492
Austria,AUT,1994,7938156
Austria,AUT,1995,7950322
Austria,AUT,1996,7960918
Austria,AUT,1997,7969802
Austria,AUT,1998,7978465
Austria,AUT,1999,7993895
Austria,AUT,2000,8012929
Austria,AUT,2001,8042232
Austria,AUT,2002,8081638
Austria,AUT,2003,8122605
Austria,AUT,2004,8173494
Austria,AUT,2005,8229204
Austria,AUT,2006,8269902
Austria,AUT,2007,8296949
Austria,AUT,2008,8323250
Austria,AUT,2009,8345072
Austria,AUT,2010,8365087
Austria,AUT,2011,8393272
Austria,AUT,2012,8431598
Austria,AUT,2013,8481411
Austria,AUT,2014,8547812
Austria,AUT,2015,8644037
Austria,AUT,2016,8737920
Austria,AUT,2017,8798780
Austria,AUT,2018,8841652
Austria,AUT,2019,8880875
Austria,AUT,2020,8921402
Austria,AUT,2021,8967053
Austria,AUT,2022,9064679
Austria,AUT,2023,9130434
Belgium,BEL,1942,8372598
Belgium,BEL,1943,8401573
Belgium,BEL,1944,8430648
Belgium,BEL,1945,8459824
Belgium,BEL,1946,8489101
Belgium,BEL,1947,8518479
Belgium,BEL,1948,8547959
Belgium,BEL,1949,8580904
Belgium,BEL,1950,8617441
Belgium,BEL,1951,8655757
Belgium,BEL,1952,8696641
Belgium,BEL,1953,8741858
Belgium,BEL,1954,8788384
Belgium,BEL,1955,8835490
Belgium,BEL,1956,8882162
Belgium,BEL,1957,8931863
Belgium,BEL,1958,8986122
Belgium,BEL,1959,9045746
Belgium,BEL,1960,9102170
Belgium,BEL,1961,9158207
Belgium,BEL,1962,9217669
Belgium,BEL,1963,9275198
Belgium,BEL,1964,9337682
Belgium,BEL,1965,9399852
Belgium,BEL,1966,9455001
Belgium,BEL,1967,9505921
Belgium,BEL,1968,9549700
Belgium,BEL,1969,9589187
Belgium,BEL,1970,9630508
Belgium,BEL,1971,9666524
Belgium,BEL,1972,9694851
Belgium,BEL,1973,9718032
Belgium,BEL,1974,9735810
Belgium,BEL,1975,9748475
Belgium,BEL,1976,9758905
Belgium,BEL,1977,9774018
Belgium,BEL,1978,9791813
Belgium,BEL,1979,9811367
Belgium,BEL,1980,9833093
Belgium,BEL,1981,9850674
Belgium,BEL,1982,9862330
Belgium,BEL,1983,9869136
Belgium,BEL,1984,9874586
Belgium,BEL,1985,9880337
Belgium,BEL,1986,9886981
Belgium,BEL,1987,9899150
Belgium,BEL,1988,9916567
Belgium,BEL,1989,9936574
Belgium,BEL,1990,9960969
Belgium,BEL,1991,9998961
Belgium,BEL,1992,10045987
Belgium,BEL,1993,10084932
Belgium,BEL,1994,10116005
Belgium,BEL,1995,10137264
Belgium,BEL,1996,10156973
Belgium,BEL,1997,10181465
Belgium,BEL,1998,10203186
Belgium,BEL,1999,10226681
Belgium,BEL,2000,10251719
Belgium,BEL,2001,10287004
Belgium,BEL,2002,10332978
Belgium,BEL,2003,10376260
Belgium,BEL,2004,10421298
Belgium,BEL,2005,10478883
Belgium,BEL,2006,10548446
Belgium,BEL,2007,10625490
Belgium,BEL,2008,10709710
Belgium,BEL,2009,10812936
Belgium,BEL,2010,10936620
Belgium,BEL,2011,11038627
Belgium,BEL,2012,11107524
Belgium,BEL,2013,11160277
Belgium,BEL,2014,11210111
Belgium,BEL,2015,11275332
Belgium,BEL,2016,11332704
Belgium,BEL,2017,11376583
Belgium,BEL,2018,11428609
Belgium,BEL,2019,11490622
Belgium,BEL,2020,11540103
Belgium,BEL,2021,11570842
Belgium,BEL,2022,11641813
Belgium,BEL,2023,11712894
Bulgaria,BGR,1942,6693150
Bulgaria,BGR,1943,6749643
Bulgaria,BGR,1944,6806614
Bulgaria,BGR,1945,6864065
Bulgaria,BGR,1946,6922000
Bulgaria,BGR,1947,6980425
Bulgaria,BGR,1948,7039343
Bulgaria,BGR,1949,7098413
Bulgaria,BGR,1950,7248511
Bulgaria,BGR,1951,7314427
Bulgaria,BGR,1952,7361957
Bulgaria,BGR,1953,7415922
Bulgaria,BGR,1954,7476267
Bulgaria,BGR,1955,7533656
Bulgaria,BGR,1956,7587160
Bulgaria,BGR,1957,7649545
Bulgaria,BGR,1958,7724890
Bulgaria,BGR,1959,7794174
Bulgaria,BGR,1960,7862933
Bulgaria,BGR,1961,7938309
Bulgaria,BGR,1962,8008324
Bulgaria,BGR,1963,8073731
Bulgaria,BGR,1964,8140078
Bulgaria,BGR,1965,8202417
Bulgaria,BGR,1966,8258788
Bulgaria,BGR,1967,8311127
Bulgaria,BGR,1968,8370642
Bulgaria,BGR,1969,8435276
Bulgaria,BGR,1970,8490822
Bulgaria,BGR,1971,8538899
Bulgaria,BGR,1972,8579911
Bulgaria,BGR,1973,8624801
Bulgaria,BGR,1974,8682749
Bulgaria,BGR,1975,8723148
Bulgaria,BGR,1976,8759432
Bulgaria,BGR,1977,8804691
Bulgaria,BGR,1978,8813739
Bulgaria,BGR,1979,8824994
Bulgaria,BGR,1980,8859538
Bulgaria,BGR,1981,8887801
Bulgaria,BGR,1982,8912738
Bulgaria,BGR,1983,8933328
Bulgaria,BGR,1984,8952608
Bulgaria,BGR,1985,8958852
Bulgaria,BGR,1986,8963472
Bulgaria,BGR,1987,8976205
Bulgaria,BGR,1988,8985725
Bulgaria,BGR,1989,8936388
Bulgaria,BGR,1990,8822365
Bulgaria,BGR,1991,8695799
Bulgaria,BGR,1992,8559091
Bulgaria,BGR,1993,8466532
Bulgaria,BGR,1994,8416925
Bulgaria,BGR,1995,8357576
Bulgaria,BGR,1996,8291403
Bulgaria,BGR,1997,8217101
Bulgaria,BGR,1998,8138192
Bulgaria,BGR,1999,8067463
Bulgaria,BGR,2000,8000519
Bulgaria,BGR,2001,7928456
Bulgaria,BGR,2002,7861949
Bulgaria,BGR,2003,7804406
Bulgaria,BGR,2004,7749431
Bulgaria,BGR,2005,7695047
Bulgaria,BGR,2006,7640290
Bulgaria,BGR,2007,7586895
Bulgaria,BGR,2008,7535590
Bulgaria,BGR,2009,7488018
Bulgaria,BGR,2010,7437594
Bulgaria,BGR,2011,7380021
Bulgaria,BGR,2012,7317021
Bulgaria,BGR,2013,7264606
Bulgaria,BGR,2014,7223451
Bulgaria,BGR,2015,7177516
Bulgaria,BGR,2016,7127436
Bulgaria,BGR,2017,7075639
Bulgaria,BGR,2018,7024746
Bulgaria,BGR,2019,6975467
Bulgaria,BGR,2020,6933654
Bulgaria,BGR,2021,6877222
Bulgaria,BGR,2022,6825863
Bulgaria,BGR,2023,6795804
Croatia,HRV,1942,3611114
Croatia,HRV,1943,3642905
Croatia,HRV,1944,3674976
Croatia,HRV,1945,3707329
Croatia,HRV,1946,3739968
Croatia,HRV,1947,3772893
Croatia,HRV,1948,3806109
Croatia,HRV,1949,3836721
Croatia,HRV,1950,3864993
Croatia,HRV,1951,3911671
Croatia,HRV,1952,3957411
Croatia,HRV,1953,4006128
Croatia,HRV,1954,4048122
Croatia,HRV,1955,4080737
Croatia,HRV,1956,4110129
Croatia,HRV,1957,4136706
Croatia,HRV,1958,4160698
Croatia,HRV,1959,4182085
Croatia,HRV,1960,4200270
Croatia,HRV,1961,4223430
Croatia,HRV,1962,4255018
Croatia,HRV,1963,4287270
Croatia,HRV,1964,4317758
Croatia,HRV,1965,4346709
Croatia,HRV,1966,4374306
Croatia,HRV,1967,4400269
Croatia,HRV,1968,4423830
Croatia,HRV,1969,4444450
Croatia,HRV,1970,4462674
Croatia,HRV,1971,4480164
Croatia,HRV,1972,4497888
Croatia,HRV,1973,4515758
Croatia,HRV,1974,4533947
Croatia,HRV,1975,4552728
Croatia,HRV,1976,4571752
Croatia,HRV,1977,4590624
Croatia,HRV,1978,4609024
Croatia,HRV,1979,4626954
Croatia,HRV,1980,4643902
Croatia,HRV,1981,4664260
Croatia,HRV,1982,4689152
Croatia,HRV,1983,4712881
Croatia,HRV,1984,4734488
Croatia,HRV,1985,4754551
Croatia,HRV,1986,4773057
Croatia,HRV,1987,4790207
Croatia,HRV,1988,4806030
Croatia,HRV,1989,4820726
Croatia,HRV,1990,4835068
Croatia,HRV,1991,4825159
Croatia,HRV,1992,4782238
Croatia,HRV,1993,4729737
Croatia,HRV,1994,4675515
Croatia,HRV,1995,4619361
Croatia,HRV,1996,4562291
Croatia,HRV,1997,4504629
Croatia,HRV,1998,4445669
Croatia,HRV,1999,4385822
Croatia,HRV,2000,4326105
Croatia,HRV,2001,4301078
Croatia,HRV,2002,4305783
Croatia,HRV,2003,4306682
Croatia,HRV,2004,4310054
Croatia,HRV,2005,4313946
Croatia,HRV,2006,4315802
Croatia,HRV,2007,4315957
Croatia,HRV,2008,4314634
Croatia,HRV,2009,4310537
Croatia,HRV,2010,4301152
Croatia,HRV,2011,4280827
Croatia,HRV,2012,4259234
Croatia,HRV,2013,4242404
Croatia,HRV,2014,4219485
Croatia,HRV,2015,4183732
Croatia,HRV,2016,4136438
Croatia,HRV,2017,4079198
Croatia,HRV,2018,4024868
Croatia,HRV,2019,3986338
Croatia,HRV,2020,3953957
Croatia,HRV,2021,3924607
Croatia,HRV,2022,3907031
Croatia,HRV,2023,3896024
Cyprus,CYP,1942,456894
Cyprus,CYP,1943,461176
Cyprus,CYP,1944,465498
Cyprus,CYP,1945,469861
Cyprus,CYP,1946,474265
Cyprus,CYP,1947,478710
Cyprus,CYP,1948,483197
Cyprus,CYP,1949,488274
Cyprus,CYP,1950,493884
Cyprus,CYP,1951,501060
Cyprus,CYP,1952,508693
Cyprus,CYP,1953,516735
Cyprus,CYP,1954,525118
Cyprus,CYP,1955,533873
Cyprus,CYP,1956,543081
Cyprus,CYP,1957,552830
Cyprus,CYP,1958,563293
Cyprus,CYP,1959,574569
Cyprus,CYP,1960,586494
Cyprus,CYP,1961,595522
Cyprus,CYP,1962,601471
Cyprus,CYP,1963,607254
Cyprus,CYP,1964,612531
Cyprus,CYP,1965,617743
Cyprus,CYP,1966,623392
Cyprus,CYP,1967,629253
Cyprus,CYP,1968,635164
Cyprus,CYP,1969,641195
Cyprus,CYP,1970,647444
Cyprus,CYP,1971,654058
Cyprus,CYP,1972,661068
Cyprus,CYP,1973,665945
Cyprus,CYP,1974,663265
Cyprus,CYP,1975,659408
Cyprus,CYP,1976,662044
Cyprus,CYP,1977,667104
Cyprus,CYP,1978,672258
Cyprus,CYP,1979,677550
Cyprus,CYP,1980,683082
Cyprus,CYP,1981,688895
Cyprus,CYP,1982,696503
Cyprus,CYP,1983,707223
Cyprus,CYP,1984,719345
Cyprus,CYP,1985,731290
Cyprus,CYP,1986,743116
Cyprus,CYP,1987,754796
Cyprus,CYP,1988,766239
Cyprus,CYP,1989,777429
Cyprus,CYP,1990,788354
Cyprus,CYP,1991,798950
Cyprus,CYP,1992,810343
Cyprus,CYP,1993,826042
Cyprus,CYP,1994,844669
Cyprus,CYP,1995,862698
Cyprus,CYP,1996,880296
Cyprus,CYP,1997,897576
Cyprus,CYP,1998,914552
Cyprus,CYP,1999,931236
Cyprus,CYP,2000,947667
Cyprus,CYP,2001,964129
Cyprus,CYP,2002,981443
Cyprus,CYP,2003,999602
Cyprus,CYP,2004,1017877
Cyprus,CYP,2005,1036156
Cyprus,CYP,2006,1054425
Cyprus,CYP,2007,1072726
Cyprus,CYP,2008,1091028
Cyprus,CYP,2009,1109377
Cyprus,CYP,2010,1127825
Cyprus,CYP,2011,1146492
Cyprus,CYP,2012,1165402
Cyprus,CYP,2013,1183899
Cyprus,CYP,2014,1201807
Cyprus,CYP,2015,1219504
Cyprus,CYP,2016,1237116
Cyprus,CYP,2017,1254273
Cyprus,CYP,2018,1270743
Cyprus,CYP,2019,1286669
Cyprus,CYP,2020,1302250
Cyprus,CYP,2021,1317312
Cyprus,CYP,2022,1331376
Cyprus,CYP,2023,1344979
Czechia,CZE,1942,11054000
Czechia,CZE,1943,11035000
Czechia,CZE,1944,11109000
Czechia,CZE,1945,10693000
Czechia,CZE,1946,9523000
Czechia,CZE,1947,8765000
Czechia,CZE,1948,8828360
Czechia,CZE,1949,8868627
Czechia,CZE,1950,8916714
Czechia,CZE,1951,8997245
Czechia,CZE,1952,9077206
Czechia,CZE,1953,9152603
Czechia,CZE,1954,9221189
Czechia,CZE,1955,9289428
Czechia,CZE,1956,9358022
Czechia,CZE,1957,9418970
Czechia,CZE,1958,9469711
Czechia,CZE,1959,9508387
Czechia,CZE,1960,9541603
Czechia,CZE,1961,9573387
Czechia,CZE,1962,9597462
Czechia,CZE,1963,9627332
Czechia,CZE,1964,9668744
Czechia,CZE,1965,9706844
Czechia,CZE,1966,9736243
Czechia,CZE,1967,9758986
Czechia,CZE,1968,9775114
Czechia,CZE,1969,9787791
Czechia,CZE,1970,9801251
Czechia,CZE,1971,9822783
Czechia,CZE,1972,9858071
Czechia,CZE,1973,9906212
Czechia,CZE,1974,9965950
Czechia,CZE,1975,10030787
Czechia,CZE,1976,10092942
Czechia,CZE,1977,10149370
Czechia,CZE,1978,10200749
Czechia,CZE,1979,10246154
Czechia,CZE,1980,10275404
Czechia,CZE,1981,10289517
Czechia,CZE,1982,10299007
Czechia,CZE,1983,10302947
Czechia,CZE,1984,10303815
Czechia,CZE,1985,10305142
Czechia,CZE,1986,10304373
Czechia,CZE,1987,10303423
Czechia,CZE,1988,10305448
Czechia,CZE,1989,10305609
Czechia,CZE,1990,10301990
Czechia,CZE,1991,10304419
Czechia,CZE,1992,10312449
Czechia,CZE,1993,10320402
Czechia,CZE,1994,10322332
Czechia,CZE,1995,10312040
Czechia,CZE,1996,10296139
Czechia,CZE,1997,10280049
Czechia,CZE,1998,10265431
Czechia,CZE,1999,10251383
Czechia,CZE,2000,10236809
Czechia,CZE,2001,10231941
Czechia,CZE,2002,10239474
Czechia,CZE,2003,10248907
Czechia,CZE,2004,10261454
Czechia,CZE,2005,10280158
Czechia,CZE,2006,10304594
Czechia,CZE,2007,10337541
Czechia,CZE,2008,10378296
Czechia,CZE,2009,10420986
Czechia,CZE,2010,10464035
Czechia,CZE,2011,10495508
Czechia,CZE,2012,10507338
Czechia,CZE,2013,10511164
Czechia,CZE,2014,10517222
Czechia,CZE,2015,10524419
Czechia,CZE,2016,10531947
Czechia,CZE,2017,10541343
Czechia,CZE,2018,10548935
Czechia,CZE,2019,10554871
Czechia,CZE,2020,10550130
Czechia,CZE,2021,10530683
Czechia,CZE,2022,10673216
Czechia,CZE,2023,10809722
Denmark,DNK,1942,3922171
Denmark,DNK,1943,3964943
Denmark,DNK,1944,4008181
Denmark,DNK,1945,4051891
Denmark,DNK,1946,4096077
Denmark,DNK,1947,4140745
Denmark,DNK,1948,4185901
Denmark,DNK,1949,4228235
Denmark,DNK,1950,4268408
Denmark,DNK,1951,4300264
Denmark,DNK,1952,4332237
Denmark,DNK,1953,4369108
Denmark,DNK,1954,4406405
Denmark,DNK,1955,4438843
Denmark,DNK,1956,4466341
Denmark,DNK,1957,4489659
Denmark,DNK,1958,4516071
Denmark,DNK,1959,4548480
Denmark,DNK,1960,4579349
Denmark,DNK,1961,4611357
Denmark,DNK,1962,4647466
Denmark,DNK,1963,4684268
Denmark,DNK,1964,4721889
Denmark,DNK,1965,4758838
Denmark,DNK,1966,4797200
Denmark,DNK,1967,4835223
Denmark,DNK,1968,4864801
Denmark,DNK,1969,4891800
Denmark,DNK,1970,4928676
Denmark,DNK,1971,4963062
Denmark,DNK,1972,4991568
Denmark,DNK,1973,5021765
Denmark,DNK,1974,5045638
Denmark,DNK,1975,5060403
Denmark,DNK,1976,5072804
Denmark,DNK,1977,5088574
Denmark,DNK,1978,5104342
Denmark,DNK,1979,5116861
Denmark,DNK,1980,5123078
Denmark,DNK,1981,5121628
Denmark,DNK,1982,5117897
Denmark,DNK,1983,5114468
Denmark,DNK,1984,5111830
Denmark,DNK,1985,5113878
Denmark,DNK,1986,5120691
Denmark,DNK,1987,5127135
Denmark,DNK,1988,5129650
Denmark,DNK,1989,5132717
Denmark,DNK,1990,5141025
Denmark,DNK,1991,5154346
Denmark,DNK,1992,5171371
Denmark,DNK,1993,5188639
Denmark,DNK,1994,5206190
Denmark,DNK,1995,5233363
Denmark,DNK,1996,5263072
Denmark,DNK,1997,5285041
Denmark,DNK,1998,5304264
Denmark,DNK,1999,5321814
Denmark,DNK,2000,5339660
Denmark,DNK,2001,5358825
Denmark,DNK,2002,5375966
Denmark,DNK,2003,5390622
Denmark,DNK,2004,5404594
Denmark,DNK,2005,5419551
Denmark,DNK,2006,5437421
Denmark,DNK,2007,5461604
Denmark,DNK,2008,5493766
Denmark,DNK,2009,5523168
Denmark,DNK,2010,5547866
Denmark,DNK,2011,5570846
Denmark,DNK,2012,5591912
Denmark,DNK,2013,5615334
Denmark,DNK,2014,5643793
Denmark,DNK,2015,5683698
Denmark,DNK,2016,5728198
Denmark,DNK,2017,5765168
Denmark,DNK,2018,5793825
Denmark,DNK,2019,5814619
Denmark,DNK,2020,5831530
Denmark,DNK,2021,5856773
Denmark,DNK,2022,5902898
Denmark,DNK,2023,5948134
Estonia,EST,1942,1114940
Estonia,EST,1943,1112289
Estonia,EST,1944,1109645
Estonia,EST,1945,1107007
Estonia,EST,1946,1104375
Estonia,EST,1947,1101750
Estonia,EST,1948,1099131
Estonia,EST,1949,1099233
Estonia,EST,1950,1102046
Estonia,EST,1951,1116194
Estonia,EST,1952,1129876
Estonia,EST,1953,1142642
Estonia,EST,1954,1154811
Estonia,EST,1955,1166878
Estonia,EST,1956,1178166
Estonia,EST,1957,1188784
Estonia,EST,1958,1200410
Estonia,EST,1959,1209942
Estonia,EST,1960,1220465
Estonia,EST,1961,1235170
Estonia,EST,1962,1249634
Estonia,EST,1963,1263755
Estonia,EST,1964,1278342
Estonia,EST,1965,1292805
Estonia,EST,1966,1306445
Estonia,EST,1967,1320059
Estonia,EST,1968,1334308
Estonia,EST,1969,1348697
Estonia,EST,1970,1361873
Estonia,EST,1971,1374524
Estonia,EST,1972,1387215
Estonia,EST,1973,1399343
Estonia,EST,1974,1411552
Estonia,EST,1975,1423506
Estonia,EST,1976,1434868
Estonia,EST,1977,1446570
Estonia,EST,1978,1458230
Estonia,EST,1979,1468020
Estonia,EST,1980,1476465
Estonia,EST,1981,1485343
Estonia,EST,1982,1494911
Estonia,EST,1983,1505247
Estonia,EST,1984,1515614
Estonia,EST,1985,1525281
Estonia,EST,1986,1535594
Estonia,EST,1987,1547259
Estonia,EST,1988,1559099
Estonia,EST,1989,1567590
Estonia,EST,1990,1570310
Estonia,EST,1991,1565380
Estonia,EST,1992,1540213
Estonia,EST,1993,1504344
Estonia,EST,1994,1475716
Estonia,EST,1995,1452776
Estonia,EST,1996,1434655
Estonia,EST,1997,1421494
Estonia,EST,1998,1411206
Estonia,EST,1999,1403579
Estonia,EST,2000,1397001
Estonia,EST,2001,1388174
Estonia,EST,2002,1379438
Estonia,EST,2003,1370849
Estonia,EST,2004,1362682
Estonia,EST,2005,1354847
Estonia,EST,2006,1346884
Estonia,EST,2007,1340709
Estonia,EST,2008,1337078
Estonia,EST,2009,1334528
Estonia,EST,2010,1331450
Estonia,EST,2011,1327366
Estonia,EST,2012,1322616
Estonia,EST,2013,1317921
Estonia,EST,2014,1314456
Estonia,EST,2015,1314581
Estonia,EST,2016,1315850
Estonia,EST,2017,1317432
Estonia,EST,2018,1321971
Estonia,EST,2019,1326821
Estonia,EST,2020,1329674
Estonia,EST,2021,1331750
Estonia,EST,2022,1350092
Estonia,EST,2023,1367194
Finland,FIN,1942,3753257
Finland,FIN,1943,3783678
Finland,FIN,1944,3814345
Finland,FIN,1945,3845261
Finland,FIN,1946,3876427
Finland,FIN,1947,3907846
Finland,FIN,1948,3939520
Finland,FIN,1949,3972991
Finland,FIN,1950,4008410
Finland,FIN,1951,4047649
Finland,FIN,1952,4090838
Finland,FIN,1953,4139764
Finland,FIN,1954,4187257
Finland,FIN,1955,4235198
Finland,FIN,1956,4281931
Finland,FIN,1957,4324192
Finland,FIN,1958,4359881
Finland,FIN,1959,4394750
Finland,FIN,1960,4429631
Finland,FIN,1961,4460997
Finland,FIN,1962,4491737
Finland,FIN,1963,4523897
Finland,FIN,1964,4549092
Finland,FIN,1965,4564150
Finland,FIN,1966,4581447
Finland,FIN,1967,4606643
Finland,FIN,1968,4627350
Finland,FIN,1969,4624083
Finland,FIN,1970,4606308
Finland,FIN,1971,4612135
Finland,FIN,1972,4639549
Finland,FIN,1973,4665910
Finland,FIN,1974,4690365
Finland,FIN,1975,4711174
Finland,FIN,1976,4725341
Finland,FIN,1977,4738579
Finland,FIN,1978,4752243
Finland,FIN,1979,4764439
Finland,FIN,1980,4779361
Finland,FIN,1981,4799850
Finland,FIN,1982,4826882
Finland,FIN,1983,4855793
Finland,FIN,1984,4881827
Finland,FIN,1985,4902263
Finland,FIN,1986,4918255
Finland,FIN,1987,4932259
Finland,FIN,1988,4946629
Finland,FIN,1989,4964527
Finland,FIN,1990,4986574
Finland,FIN,1991,5013889
Finland,FIN,1992,5042147
Finland,FIN,1993,5066592
Finland,FIN,1994,5088454
Finland,FIN,1995,5107920
Finland,FIN,1996,5124716
Finland,FIN,1997,5139926
Finland,FIN,1998,5153548
Finland,FIN,1999,5165515
Finland,FIN,2000,5176198
Finland,FIN,2001,5187973
Finland,FIN,2002,5200549
Finland,FIN,2003,5212955
Finland,FIN,2004,5228144
Finland,FIN,2005,5246083
Finland,FIN,2006,5266247
Finland,FIN,2007,5288716
Finland,FIN,2008,5313381
Finland,FIN,2009,5338855
Finland,FIN,2010,5363347
Finland,FIN,2011,5388236
Finland,FIN,2012,5413978
Finland,FIN,2013,5439058
Finland,FIN,2014,5461686
Finland,FIN,2015,5479718
Finland,FIN,2016,5495469
Finland,FIN,2017,5508399
Finland,FIN,2018,5515732
Finland,FIN,2019,5521755
Finland,FIN,2020,5529617
Finland,FIN,2021,5541068
Finland,FIN,2022,5569299
Finland,FIN,2023,5601185
France,FRA,1942,40507882
France,FRA,1943,40655418
France,FRA,1944,40803492
France,FRA,1945,40952105
France,FRA,1946,41101259
France,FRA,1947,41250956
France,FRA,1948,41401199
France,FRA,1949,41598134
France,FRA,1950,41883122
France,FRA,1951,42333662
France,FRA,1952,42780273
France,FRA,1953,43227873
France,FRA,1954,43676897
France,FRA,1955,44136093
France,FRA,1956,44588523
France,FRA,1957,45036374
France,FRA,1958,45493502
France,FRA,1959,45963766
France,FRA,1960,46428136
France,FRA,1961,46893841
France,FRA,1962,47352625
France,FRA,1963,47817824
France,FRA,1964,48319085
France,FRA,1965,48772824
France,FRA,1966,49184652
France,FRA,1967,49574907
France,FRA,1968,49947252
France,FRA,1969,50355300
France,FRA,1970,50813071
France,FRA,1971,51293056
France,FRA,1972,51743877
France,FRA,1973,52162212
France,FRA,1974,52504744
France,FRA,1975,52746322
France,FRA,1976,52959120
France,FRA,1977,53197133
France,FRA,1978,53429668
France,FRA,1979,53660897
France,FRA,1980,53941061
France,FRA,1981,54255004
France,FRA,1982,54582405
France,FRA,1983,54889407
France,FRA,1984,55176626
France,FRA,1985,55467154
France,FRA,1986,55752833
France,FRA,1987,56048365
France,FRA,1988,56361846
France,FRA,1989,56685081
France,FRA,1990,56990239
France,FRA,1991,57271563
France,FRA,1992,57554865
France,FRA,1993,57801260
France,FRA,1994,57999868
France,FRA,1995,58192206
France,FRA,1996,58380637
France,FRA,1997,58568662
France,FRA,1998,58778817
France,FRA,1999,59084208
France,FRA,2000,59483716
France,FRA,2001,59905130
France,FRA,2002,60327247
France,FRA,2003,60741121
France,FRA,2004,61175243
France,FRA,2005,61625030
France,FRA,2006,62049831
France,FRA,2007,62432438
France,FRA,2008,62780187
France,FRA,2009,63106461
France,FRA,2010,63417366
France,FRA,2011,63733777
France,FRA,2012,64058465
France,FRA,2013,64387736
France,FRA,2014,64692495
France,FRA,2015,64916336
France,FRA,2016,65086852
France,FRA,2017,65284775
France,FRA,2018,65519539
France,FRA,2019,65729460
France,FRA,2020,65905273
France,FRA,2021,66083547
France,FRA,2022,66277412
France,FRA,2023,66438828
Germany,DEU,1942,71830612
Germany,DEU,1943,71678963
Germany,DEU,1944,71527635
Germany,DEU,1945,71376625
Germany,DEU,1946,71225935
Germany,DEU,1947,71075562
Germany,DEU,1948,70925507
Germany,DEU,1949,70888212
Germany,DEU,1950,69847777
Germany,DEU,1951,69782048
Germany,DEU,1952,69826946
Germany,DEU,1953,69935116
Germany,DEU,1954,70104623
Germany,DEU,1955,70334148
Germany,DEU,1956,70613899
Germany,DEU,1957,71088144
Germany,DEU,1958,71694672
Germany,DEU,1959,72241715
Germany,DEU,1960,72811637
Germany,DEU,1961,73376111
Germany,DEU,1962,73997001
Germany,DEU,1963,74698006
Germany,DEU,1964,75313477
Germany,DEU,1965,75966964
Germany,DEU,1966,76611028
Germany,DEU,1967,76970793
Germany,DEU,1968,77321278
Germany,DEU,1969,77944023
Germany,DEU,1970,78205102
Germany,DEU,1971,78345873
Germany,DEU,1972,78719923
Germany,DEU,1973,78966976
Germany,DEU,1974,78996693
Germany,DEU,1975,78701861
Germany,DEU,1976,78364503
Germany,DEU,1977,78185560
Germany,DEU,1978,78115357
Germany,DEU,1979,78147899
Germany,DEU,1980,78315374
Germany,DEU,1981,78448044
Germany,DEU,1982,78393671
Germany,DEU,1983,78224137
Germany,DEU,1984,77998199
Germany,DEU,1985,77863423
Germany,DEU,1986,77923807
Germany,DEU,1987,78062321
Germany,DEU,1988,78385993
Germany,DEU,1989,79007063
Germany,DEU,1990,79707964
Germany,DEU,1991,80303189
Germany,DEU,1992,80934901
Germany,DEU,1993,81486770
Germany,DEU,1994,81773612
Germany,DEU,1995,82019890
Germany,DEU,1996,82263195
Germany,DEU,1997,82389631
Germany,DEU,1998,82011933
Germany,DEU,1999,81678279
Germany,DEU,2000,81797255
Germany,DEU,2001,81933883
Germany,DEU,2002,82068328
Germany,DEU,2003,82111619
Germany,DEU,2004,82092706
Germany,DEU,2005,82046731
Germany,DEU,2006,81701971
Germany,DEU,2007,81298546
Germany,DEU,2008,81110781
Germany,DEU,2009,80935275
Germany,DEU,2010,80830917
Germany,DEU,2011,80857877
Germany,DEU,2012,80916393
Germany,DEU,2013,81041580
Germany,DEU,2014,81376078
Germany,DEU,2015,82077546
Germany,DEU,2016,82760100
Germany,DEU,2017,83104012
Germany,DEU,2018,83368506
Germany,DEU,2019,83559185
Germany,DEU,2020,83628711
Germany,DEU,2021,83697082
Germany,DEU,2022,84086228
Germany,DEU,2023,84548234
Greece,GRC,1942,7410484
Greece,GRC,1943,7439097
Greece,GRC,1944,7467821
Greece,GRC,1945,7496655
Greece,GRC,1946,7525601
Greece,GRC,1947,7554659
Greece,GRC,1948,7583829
Greece,GRC,1949,7621936
Greece,GRC,1950,7651080
Greece,GRC,1951,7712877
Greece,GRC,1952,7775542
Greece,GRC,1953,7841269
Greece,GRC,1954,7910866
Greece,GRC,1955,7984712
Greece,GRC,1956,8060992
Greece,GRC,1957,8136981
Greece,GRC,1958,8214992
Greece,GRC,1959,8297713
Greece,GRC,1960,8384481
Greece,GRC,1961,8447007
Greece,GRC,1962,8473374
Greece,GRC,1963,8488373
Greece,GRC,1964,8503997
Greece,GRC,1965,8521368
Greece,GRC,1966,8579992
Greece,GRC,1967,8655153
Greece,GRC,1968,8717917
Greece,GRC,1969,8747070
Greece,GRC,1970,8747778
Greece,GRC,1971,8787033
Greece,GRC,1972,8849378
Greece,GRC,1973,8893403
Greece,GRC,1974,8929112
Greece,GRC,1975,9016969
Greece,GRC,1976,9160213
Greece,GRC,1977,9282023
Greece,GRC,1978,9389968
Greece,GRC,1979,9526010
Greece,GRC,1980,9653418
Greece,GRC,1981,9754400
Greece,GRC,1982,9837470
Greece,GRC,1983,9911493
Greece,GRC,1984,9978780
Greece,GRC,1985,10037038
Greece,GRC,1986,10088762
Greece,GRC,1987,10134530
Greece,GRC,1988,10177008
Greece,GRC,1989,10218039
Greece,GRC,1990,10258492
Greece,GRC,1991,10306643
Greece,GRC,1992,10359894
Greece,GRC,1993,10412749
Greece,GRC,1994,10466265
Greece,GRC,1995,10519233
Greece,GRC,1996,10570081
Greece,GRC,1997,10622327
Greece,GRC,1998,10675412
Greece,GRC,1999,10727952
Greece,GRC,2000,10782638
Greece,GRC,2001,10843165
Greece,GRC,2002,10890288
Greece,GRC,2003,10918466
Greece,GRC,2004,10947370
Greece,GRC,2005,10981340
Greece,GRC,2006,11016108
Greece,GRC,2007,11045737
Greece,GRC,2008,11076873
Greece,GRC,2009,11108069
Greece,GRC,2010,11124665
Greece,GRC,2011,11108841
Greece,GRC,2012,11048294
Greece,GRC,2013,10967535
Greece,GRC,2014,10893169
Greece,GRC,2015,10820901
Greece,GRC,2016,10775506
Greece,GRC,2017,10753532
Greece,GRC,2018,10730845
Greece,GRC,2019,10718580
Greece,GRC,2020,10699370
Greece,GRC,2021,10579561
Greece,GRC,2022,10412481
Greece,GRC,2023,10242909
Hungary,HUN,1942,9262582
Hungary,HUN,1943,9267656
Hungary,HUN,1944,9272733
Hungary,HUN,1945,9277812
Hungary,HUN,1946,9282895
Hungary,HUN,1947,9287980
Hungary,HUN,1948,9293068
Hungary,HUN,1949,9309618
Hungary,HUN,1950,9337882
Hungary,HUN,1951,9423178
Hungary,HUN,1952,9503934
Hungary,HUN,1953,9594482
Hungary,HUN,1954,9704596
Hungary,HUN,1955,9823216
Hungary,HUN,1956,9853996
Hungary,HUN,1957,9837928
Hungary,HUN,1958,9880680
Hungary,HUN,1959,9936845
Hungary,HUN,1960,9983383
Hungary,HUN,1961,10026516
Hungary,HUN,1962,10058067
Hungary,HUN,1963,10083840
Hungary,HUN,1964,10114375
Hungary,HUN,1965,10141117
Hungary,HUN,1966,10170410
Hungary,HUN,1967,10206813
Hungary,HUN,1968,10244548
Hungary,HUN,1969,10281594
Hungary,HUN,1970,10315140
Hungary,HUN,1971,10343972
Hungary,HUN,1972,10374303
Hungary,HUN,1973,10407440
Hungary,HUN,1974,10453918
Hungary,HUN,1975,10515653
Hungary,HUN,1976,10573771
Hungary,HUN,1977,10623146
Hungary,HUN,1978,10660187
Hungary,HUN,1979,10688256
Hungary,HUN,1980,10695370
Hungary,HUN,1981,10679329
Hungary,HUN,1982,10656106
Hungary,HUN,1983,10622986
Hungary,HUN,1984,10584329
Hungary,HUN,1985,10547258
Hungary,HUN,1986,10511100
Hungary,HUN,1987,10475104
Hungary,HUN,1988,10440534
Hungary,HUN,1989,10403420
Hungary,HUN,1990,10381280
Hungary,HUN,1991,10378175
Hungary,HUN,1992,10371477
Hungary,HUN,1993,10356868
Hungary,HUN,1994,10339937
Hungary,HUN,1995,10322790
Hungary,HUN,1996,10302236
Hungary,HUN,1997,10278600
Hungary,HUN,1998,10251715
Hungary,HUN,1999,10219797
Hungary,HUN,2000,10190596
Hungary,HUN,2001,10166692
Hungary,HUN,2002,10138462
Hungary,HUN,2003,10108970
Hungary,HUN,2004,10085789
Hungary,HUN,2005,10065704
Hungary,HUN,2006,10049947
Hungary,HUN,2007,10034084
Hungary,HUN,2008,10016655
Hungary,HUN,2009,10001382
Hungary,HUN,2010,9979129
Hungary,HUN,2011,9946675
Hungary,HUN,2012,9916620
Hungary,HUN,2013,9889344
Hungary,HUN,2014,9862843
Hungary,HUN,2015,9839210
Hungary,HUN,2016,9810530
Hungary,HUN,2017,9785606
Hungary,HUN,2018,9774395
Hungary,HUN,2019,9770346
Hungary,HUN,2020,9749460
Hungary,HUN,2021,9707848
Hungary,HUN,2022,9684306
Hungary,HUN,2023,9686463
Ireland,IRL,1942,2910825
Ireland,IRL,1943,2911319
Ireland,IRL,1944,2911812
Ireland,IRL,1945,2912306
Ireland,IRL,1946,2912799
Ireland,IRL,1947,2913293
Ireland,IRL,1948,2913787
Ireland,IRL,1949,2911552
Ireland,IRL,1950,2912656
Ireland,IRL,1951,2936865
Ireland,IRL,1952,2941462
Ireland,IRL,1953,2929083
Ireland,IRL,1954,2915173
Ireland,IRL,1955,2899543
Ireland,IRL,1956,2883752
Ireland,IRL,1957,2869102
Ireland,IRL,1958,2854004
Ireland,IRL,1959,2839215
Ireland,IRL,1960,2827691
Ireland,IRL,1961,2824696
Ireland,IRL,1962,2831498
Ireland,IRL,1963,2843036
Ireland,IRL,1964,2857168
Ireland,IRL,1965,2873156
Ireland,IRL,1966,2888886
Ireland,IRL,1967,2905421
Ireland,IRL,1968,2922791
Ireland,IRL,1969,2940760
Ireland,IRL,1970,2961404
Ireland,IRL,1971,2993120
Ireland,IRL,1972,3037155
Ireland,IRL,1973,3084438
Ireland,IRL,1974,3132176
Ireland,IRL,1975,3180118
Ireland,IRL,1976,3228395
Ireland,IRL,1977,3277756
Ireland,IRL,1978,3329185
Ireland,IRL,1979,3375807
Ireland,IRL,1980,3415239
Ireland,IRL,1981,3448826
Ireland,IRL,1982,3475531
Ireland,IRL,1983,3497613
Ireland,IRL,1984,3515954
Ireland,IRL,1985,3531274
Ireland,IRL,1986,3541875
Ireland,IRL,1987,3540381
Ireland,IRL,1988,3525093
Ireland,IRL,1989,3511071
Ireland,IRL,1990,3514015
Ireland,IRL,1991,3534260
Ireland,IRL,1992,3558417
Ireland,IRL,1993,3576120
Ireland,IRL,1994,3590161
Ireland,IRL,1995,3610696
Ireland,IRL,1996,3638507
Ireland,IRL,1997,3672287
Ireland,IRL,1998,3711075
Ireland,IRL,1999,3752937
Ireland,IRL,2000,3802590
Ireland,IRL,2001,3862978
Ireland,IRL,2002,3928440
Ireland,IRL,2003,3992938
Ireland,IRL,2004,4066064
Ireland,IRL,2005,4155282
Ireland,IRL,2006,4268774
Ireland,IRL,2007,4393518
Ireland,IRL,2008,4485992
Ireland,IRL,2009,4533750
Ireland,IRL,2010,4559083
Ireland,IRL,2011,4579604
Ireland,IRL,2012,4600137
Ireland,IRL,2013,4624687
Ireland,IRL,2014,4658237
Ireland,IRL,2015,4702497
Ireland,IRL,2016,4753505
Ireland,IRL,2017,4810258
Ireland,IRL,2018,4872557
Ireland,IRL,2019,4933491
Ireland,IRL,2020,4982604
Ireland,IRL,2021,5028430
Ireland,IRL,2022,5110013
Ireland,IRL,2023,5196629
Italy,ITA,1942,44192767
Italy,ITA,1943,44460808
Italy,ITA,1944,44730474
Italy,ITA,1945,45001776
Italy,ITA,1946,45274723
Italy,ITA,1947,45549326
Italy,ITA,1948,45825595
Italy,ITA,1949,46106450
Italy,ITA,1950,46391676
Italy,ITA,1951,46751901
Italy,ITA,1952,47018177
Italy,ITA,1953,47410887
Italy,ITA,1954,47832232
Italy,ITA,1955,48130816
Italy,ITA,1956,48401948
Italy,ITA,1957,48657023
Italy,ITA,1958,48927097
Italy,ITA,1959,49219449
Italy,ITA,1960,49514555
Italy,ITA,1961,49815254
Italy,ITA,1962,50170591
Italy,ITA,1963,50570978
Italy,ITA,1964,51019579
Italy,ITA,1965,51480733
Italy,ITA,1966,51919066
Italy,ITA,1967,52338335
Italy,ITA,1968,52712156
Italy,ITA,1969,53060142
Italy,ITA,1970,53390231
Italy,ITA,1971,53707790
Italy,ITA,1972,54067562
Italy,ITA,1973,54450571
Italy,ITA,1974,54821112
Italy,ITA,1975,55166046
Italy,ITA,1976,55459414
Italy,ITA,1977,55714552
Italy,ITA,1978,55938969
Italy,ITA,1979,56132381
Italy,ITA,1980,56412088
Italy,ITA,1981,56646753
Italy,ITA,1982,56719179
Italy,ITA,1983,56766113
Italy,ITA,1984,56810354
Italy,ITA,1985,56855498
Italy,ITA,1986,56875982
Italy,ITA,1987,56891919
Italy,ITA,1988,56928746
Italy,ITA,1989,56976750
Italy,ITA,1990,57031457
Italy,ITA,1991,57075393
Italy,ITA,1992,57124992
Italy,ITA,1993,57170761
Italy,ITA,1994,57420136
Italy,ITA,1995,57403344
Italy,ITA,1996,57162098
Italy,ITA,1997,57189272
Italy,ITA,1998,57215190
Italy,ITA,1999,57240797
Italy,ITA,2000,57272200
Italy,ITA,2001,57305758
Italy,ITA,2002,57420635
Italy,ITA,2003,57739696
Italy,ITA,2004,58176735
Italy,ITA,2005,58519697
Italy,ITA,2006,58754433
Italy,ITA,2007,59108723
Italy,ITA,2008,59561686
Italy,ITA,2009,59904016
Italy,ITA,2010,60164212
Italy,ITA,2011,60367882
Italy,ITA,2012,60531522
Italy,ITA,2013,60653865
Italy,ITA,2014,60664169
Italy,ITA,2015,60575314
Italy,ITA,2016,60478103
Italy,ITA,2017,60390317
Italy,ITA,2018,60277496
Italy,ITA,2019,60130136
Italy,ITA,2020,59912763
Italy,ITA,2021,59729354
Italy,ITA,2022,59619106
Italy,ITA,2023,59499452
Latvia,LVA,1942,1922916
Latvia,LVA,1943,1921482
Latvia,LVA,1944,1920049
Latvia,LVA,1945,1918617
Latvia,LVA,1946,1917186
Latvia,LVA,1947,1915756
Latvia,LVA,1948,1914327
Latvia,LVA,1949,1916573
Latvia,LVA,1950,1918725
Latvia,LVA,1951,1933918
Latvia,LVA,1952,1949540
Latvia,LVA,1953,1965203
Latvia,LVA,1954,1982038
Latvia,LVA,1955,2000467
Latvia,LVA,1956,2019509
Latvia,LVA,1957,2040120
Latvia,LVA,1958,2063295
Latvia,LVA,1959,2096984
Latvia,LVA,1960,2131169
Latvia,LVA,1961,2157174
Latvia,LVA,1962,2182288
Latvia,LVA,1963,2205804
Latvia,LVA,1964,2229752
Latvia,LVA,1965,2252770
Latvia,LVA,1966,2274355
Latvia,LVA,1967,2296080
Latvia,LVA,1968,2317285
Latvia,LVA,1969,2337665
Latvia,LVA,1970,2357562
Latvia,LVA,1971,2377074
Latvia,LVA,1972,2395872
Latvia,LVA,1973,2415775
Latvia,LVA,1974,2436992
Latvia,LVA,1975,2455780
Latvia,LVA,1976,2470541
Latvia,LVA,1977,2484607
Latvia,LVA,1978,2497363
Latvia,LVA,1979,2505526
Latvia,LVA,1980,2511754
Latvia,LVA,1981,2519972
Latvia,LVA,1982,2532018
Latvia,LVA,1983,2546977
Latvia,LVA,1984,2562773
Latvia,LVA,1985,2579236
Latvia,LVA,1986,2599784
Latvia,LVA,1987,2625969
Latvia,LVA,1988,2652251
Latvia,LVA,1989,2664839
Latvia,LVA,1990,2660130
Latvia,LVA,1991,2648934
Latvia,LVA,1992,2614832
Latvia,LVA,1993,2563820
Latvia,LVA,1994,2521237
Latvia,LVA,1995,2485951
Latvia,LVA,1996,2457910
Latvia,LVA,1997,2433230
Latvia,LVA,1998,2410219
Latvia,LVA,1999,2390825
Latvia,LVA,2000,2368321
Latvia,LVA,2001,2338300
Latvia,LVA,2002,2311356
Latvia,LVA,2003,2288983
Latvia,LVA,2004,2264178
Latvia,LVA,2005,2239787
Latvia,LVA,2006,2219038
Latvia,LVA,2007,2200772
Latvia,LVA,2008,2177711
Latvia,LVA,2009,2142043
Latvia,LVA,2010,2097834
Latvia,LVA,2011,2059940
Latvia,LVA,2012,2034639
Latvia,LVA,2013,2013004
Latvia,LVA,2014,1994153
Latvia,LVA,2015,1977874
Latvia,LVA,2016,1959864
Latvia,LVA,2017,1942599
Latvia,LVA,2018,1927586
Latvia,LVA,2019,1914267
Latvia,LVA,2020,1901119
Latvia,LVA,2021,1885592
Latvia,LVA,2022,1881058
Latvia,LVA,2023,1882400
Lithuania,LTU,1942,2469807
Lithuania,LTU,1943,2480826
Lithuania,LTU,1944,2491894
Lithuania,LTU,1945,2503011
Lithuania,LTU,1946,2514177
Lithuania,LTU,1947,2525394
Lithuania,LTU,1948,2536661
Lithuania,LTU,1949,2549788
Lithuania,LTU,1950,2433001
Lithuania,LTU,1951,2458822
Lithuania,LTU,1952,2486412
Lithuania,LTU,1953,2515122
Lithuania,LTU,1954,2544711
Lithuania,LTU,1955,2575310
Lithuania,LTU,1956,2607334
Lithuania,LTU,1957,2641760
Lithuania,LTU,1958,2678932
Lithuania,LTU,1959,2722677
Lithuania,LTU,1960,2769098
Lithuania,LTU,1961,2812604
Lithuania,LTU,1962,2853290
Lithuania,LTU,1963,2891080
Lithuania,LTU,1964,2928857
Lithuania,LTU,1965,2965260
Lithuania,LTU,1966,3000359
Lithuania,LTU,1967,3035382
Lithuania,LTU,1968,3070262
Lithuania,LTU,1969,3103423
Lithuania,LTU,1970,3135873
Lithuania,LTU,1971,3170712
Lithuania,LTU,1972,3204902
Lithuania,LTU,1973,3236224
Lithuania,LTU,1974,3266366
Lithuania,LTU,1975,3295734
Lithuania,LTU,1976,3324568
Lithuania,LTU,1977,3353250
Lithuania,LTU,1978,3380073
Lithuania,LTU,1979,3404742
Lithuania,LTU,1980,3428416
Lithuania,LTU,1981,3452313
Lithuania,LTU,1982,3477581
Lithuania,LTU,1983,3505434
Lithuania,LTU,1984,3534124
Lithuania,LTU,1985,3562393
Lithuania,LTU,1986,3593781
Lithuania,LTU,1987,3627368
Lithuania,LTU,1988,3672653
Lithuania,LTU,1989,3696106
Lithuania,LTU,1990,3695015
Lithuania,LTU,1991,3701409
Lithuania,LTU,1992,3697553
Lithuania,LTU,1993,3680202
Lithuania,LTU,1994,3654893
Lithuania,LTU,1995,3627038
Lithuania,LTU,1996,3599721
Lithuania,LTU,1997,3573418
Lithuania,LTU,1998,3547769
Lithuania,LTU,1999,3522905
Lithuania,LTU,2000,3500410
Lithuania,LTU,2001,3473008
Lithuania,LTU,2002,3444051
Lithuania,LTU,2003,3415276
Lithuania,LTU,2004,3376703
Lithuania,LTU,2005,3322264
Lithuania,LTU,2006,3269809
Lithuania,LTU,2007,3231378
Lithuania,LTU,2008,3198483
Lithuania,LTU,2009,3163258
Lithuania,LTU,2010,3097719
Lithuania,LTU,2011,3028642
Lithuania,LTU,2012,2988334
Lithuania,LTU,2013,2958359
Lithuania,LTU,2014,2933172
Lithuania,LTU,2015,2905772
Lithuania,LTU,2016,2869108
Lithuania,LTU,2017,2829318
Lithuania,LTU,2018,2802484
Lithuania,LTU,2019,2795057
Lithuania,LTU,2020,2795766
Lithuania,LTU,2021,2794489
Lithuania,LTU,2022,2816922
Lithuania,LTU,2023,2854105
Luxembourg,LUX,1942,299506
Luxembourg,LUX,1943,298963
Luxembourg,LUX,1944,298421
Luxembourg,LUX,1945,297880
Luxembourg,LUX,1946,297340
Luxembourg,LUX,1947,296801
Luxembourg,LUX,1948,296262
Luxembourg,LUX,1949,296190
Luxembourg,LUX,1950,296578
Luxembourg,LUX,1951,298159
Luxembourg,LUX,1952,299907
Luxembourg,LUX,1953,301691
Luxembourg,LUX,1954,303488
Luxembourg,LUX,1955,305313
Luxembourg,LUX,1956,306953
Luxembourg,LUX,1957,308438
Luxembourg,LUX,1958,310039
Luxembourg,LUX,1959,312041
Luxembourg,LUX,1960,313886
Luxembourg,LUX,1961,316345
Luxembourg,LUX,1962,319662
Luxembourg,LUX,1963,322856
Luxembourg,LUX,1964,326232
Luxembourg,LUX,1965,329709
Luxembourg,LUX,1966,333085
Luxembourg,LUX,1967,335524
Luxembourg,LUX,1968,337014
Luxembourg,LUX,1969,338270
Luxembourg,LUX,1970,339338
Luxembourg,LUX,1971,341961
Luxembourg,LUX,1972,346085
Luxembourg,LUX,1973,349205
Luxembourg,LUX,1974,351432
Luxembourg,LUX,1975,353686
Luxembourg,LUX,1976,355878
Luxembourg,LUX,1977,358251
Luxembourg,LUX,1978,361046
Luxembourg,LUX,1979,362896
Luxembourg,LUX,1980,363710
Luxembourg,LUX,1981,364486
Luxembourg,LUX,1982,365060
Luxembourg,LUX,1983,365492
Luxembourg,LUX,1984,365904
Luxembourg,LUX,1985,366664
Luxembourg,LUX,1986,368408
Luxembourg,LUX,1987,370790
Luxembourg,LUX,1988,373786
Luxembourg,LUX,1989,377384
Luxembourg,LUX,1990,381707
Luxembourg,LUX,1991,386820
Luxembourg,LUX,1992,391973
Luxembourg,LUX,1993,397210
Luxembourg,LUX,1994,402596
Luxembourg,LUX,1995,408237
Luxembourg,LUX,1996,413779
Luxembourg,LUX,1997,418970
Luxembourg,LUX,1998,424158
Luxembourg,LUX,1999,429909
Luxembourg,LUX,2000,436142
Luxembourg,LUX,2001,441755
Luxembourg,LUX,2002,446393
Luxembourg,LUX,2003,451845
Luxembourg,LUX,2004,458307
Luxembourg,LUX,2005,465372
Luxembourg,LUX,2006,472871
Luxembourg,LUX,2007,480277
Luxembourg,LUX,2008,488995
Luxembourg,LUX,2009,498195
Luxembourg,LUX,2010,507418
Luxembourg,LUX,2011,518583
Luxembourg,LUX,2012,530952
Luxembourg,LUX,2013,543359
Luxembourg,LUX,2014,556285
Luxembourg,LUX,2015,569541
Luxembourg,LUX,2016,583511
Luxembourg,LUX,2017,596505
Luxembourg,LUX,2018,608108
Luxembourg,LUX,2019,620166
Luxembourg,LUX,2020,630597
Luxembourg,LUX,2021,640276
Luxembourg,LUX,2022,653316
Luxembourg,LUX,2023,665101
Malta,MLT,1942,261491
Malta,MLT,1943,265297
Malta,MLT,1944,269158
Malta,MLT,1945,273075
Malta,MLT,1946,277050
Malta,MLT,1947,281082
Malta,MLT,1948,285173
Malta,MLT,1949,288773
Malta,MLT,1950,294684
Malta,MLT,1951,300462
Malta,MLT,1952,304914
Malta,MLT,1953,309349
Malta,MLT,1954,313753
Malta,MLT,1955,318148
Malta,MLT,1956,322464
Malta,MLT,1957,326704
Malta,MLT,1958,329415
Malta,MLT,1959,330361
Malta,MLT,1960,330829
Malta,MLT,1961,330855
Malta,MLT,1962,330499
Malta,MLT,1963,329814
Malta,MLT,1964,328794
Malta,MLT,1965,327408
Malta,MLT,1966,325676
Malta,MLT,1967,323820
Malta,MLT,1968,323515
Malta,MLT,1969,324760
Malta,MLT,1970,326016
Malta,MLT,1971,327298
Malta,MLT,1972,328616
Malta,MLT,1973,330057
Malta,MLT,1974,331686
Malta,MLT,1975,333458
Malta,MLT,1976,335291
Malta,MLT,1977,337169
Malta,MLT,1978,339069
Malta,MLT,1979,340974
Malta,MLT,1980,342882
Malta,MLT,1981,344756
Malta,MLT,1982,346654
Malta,MLT,1983,348597
Malta,MLT,1984,350555
Malta,MLT,1985,352567
Malta,MLT,1986,355082
Malta,MLT,1987,358089
Malta,MLT,1988,361226
Malta,MLT,1989,364530
Malta,MLT,1990,367913
Malta,MLT,1991,371335
Malta,MLT,1992,374806
Malta,MLT,1993,378221
Malta,MLT,1994,381467
Malta,MLT,1995,384559
Malta,MLT,1996,387627
Malta,MLT,1997,390687
Malta,MLT,1998,393782
Malta,MLT,1999,396896
Malta,MLT,2000,399905
Malta,MLT,2001,402788
Malta,MLT,2002,405572
Malta,MLT,2003,408236
Malta,MLT,2004,410800
Malta,MLT,2005,413323
Malta,MLT,2006,415463
Malta,MLT,2007,417201
Malta,MLT,2008,418969
Malta,MLT,2009,420800
Malta,MLT,2010,422652
Malta,MLT,2011,424634
Malta,MLT,2012,426616
Malta,MLT,2013,428457
Malta,MLT,2014,434494
Malta,MLT,2015,444979
Malta,MLT,2016,455273
Malta,MLT,2017,467902
Malta,MLT,2018,484559
Malta,MLT,2019,504017
Malta,MLT,2020,518213
Malta,MLT,2021,524383
Malta,MLT,2022,528194
Malta,MLT,2023,532964
Netherlands,NLD,1942,9096853
Netherlands,NLD,1943,9216054
Netherlands,NLD,1944,9336818
Netherlands,NLD,1945,9459164
Netherlands,NLD,1946,9583114
Netherlands,NLD,1947,9708687
Netherlands,NLD,1948,9835906
Netherlands,NLD,1949,9964193
Netherlands,NLD,1950,10113759
Netherlands,NLD,1951,10264537
Netherlands,NLD,1952,10382295
Netherlands,NLD,1953,10493533
Netherlands,NLD,1954,10615730
Netherlands,NLD,1955,10751230
Netherlands,NLD,1956,10889768
Netherlands,NLD,1957,11026877
Netherlands,NLD,1958,11187365
Netherlands,NLD,1959,11348108
Netherlands,NLD,1960,11486909
Netherlands,NLD,1961,11639371
Netherlands,NLD,1962,11807552
Netherlands,NLD,1963,11969156
Netherlands,NLD,1964,12131887
Netherlands,NLD,1965,12301136
Netherlands,NLD,1966,12464282
Netherlands,NLD,1967,12607834
Netherlands,NLD,1968,12740849
Netherlands,NLD,1969,12890638
Netherlands,NLD,1970,13052082
Netherlands,NLD,1971,13208353
Netherlands,NLD,1972,13342780
Netherlands,NLD,1973,13453743
Netherlands,NLD,1974,13559670
Netherlands,NLD,1975,13680031
Netherlands,NLD,1976,13786640
Netherlands,NLD,1977,13868607
Netherlands,NLD,1978,13953922
Netherlands,NLD,1979,14050176
Netherlands,NLD,1980,14162687
Netherlands,NLD,1981,14262690
Netherlands,NLD,1982,14333902
Netherlands,NLD,1983,14396901
Netherlands,NLD,1984,14462810
Netherlands,NLD,1985,14538958
Netherlands,NLD,1986,14626489
Netherlands,NLD,1987,14724947
Netherlands,NLD,1988,14825916
Netherlands,NLD,1989,14921107
Netherlands,NLD,1990,15030884
Netherlands,NLD,1991,15155091
Netherlands,NLD,1992,15276786
Netherlands,NLD,1993,15389718
Netherlands,NLD,1994,15485453
Netherlands,NLD,1995,15565033
Netherlands,NLD,1996,15640031
Netherlands,NLD,1997,15723620
Netherlands,NLD,1998,15827109
Netherlands,NLD,1999,15940182
Netherlands,NLD,2000,16058758
Netherlands,NLD,2001,16182705
Netherlands,NLD,2002,16288060
Netherlands,NLD,2003,16366914
Netherlands,NLD,2004,16425561
Netherlands,NLD,2005,16465707
Netherlands,NLD,2006,16493851
Netherlands,NLD,2007,16531360
Netherlands,NLD,2008,16597257
Netherlands,NLD,2009,16684147
Netherlands,NLD,2010,16771232
Netherlands,NLD,2011,16851061
Netherlands,NLD,2012,16915191
Netherlands,NLD,2013,16967065
Netherlands,NLD,2014,17030087
Netherlands,NLD,2015,17107427
Netherlands,NLD,2016,17204694
Netherlands,NLD,2017,17315375
Netherlands,NLD,2018,17421284
Netherlands,NLD,2019,17537506
Netherlands,NLD,2020,17636732
Netherlands,NLD,2021,17730564
Netherlands,NLD,2022,17904422
Netherlands,NLD,2023,18092525
Poland,POL,1942,28238390
Poland,POL,1943,27706686
Poland,POL,1944,27184994
Poland,POL,1945,26673126
Poland,POL,1946,26170895
Poland,POL,1947,25678120
Poland,POL,1948,25194625
Poland,POL,1949,24897453
Poland,POL,1950,24780169
Poland,POL,1951,25222692
Poland,POL,1952,25672466
Poland,POL,1953,26126457
Poland,POL,1954,26590475
Poland,POL,1955,27063640
Poland,POL,1956,27535570
Poland,POL,1957,28076495
Poland,POL,1958,28643644
Poland,POL,1959,29132534
Poland,POL,1960,29575967
Poland,POL,1961,29979693
Poland,POL,1962,30338095
Poland,POL,1963,30674024
Poland,POL,1964,30993140
Poland,POL,1965,31288338
Poland,POL,1966,31568282
Poland,POL,1967,31828625
Poland,POL,1968,32078387
Poland,POL,1969,32322777
Poland,POL,1970,32542639
Poland,POL,1971,32771298
Poland,POL,1972,33041994
Poland,POL,1973,33333277
Poland,POL,1974,33642463
Poland,POL,1975,33964399
Poland,POL,1976,34296611
Poland,POL,1977,34628514
Poland,POL,1978,34934216
Poland,POL,1979,35248381
Poland,POL,1980,35576518
Poland,POL,1981,35900913
Poland,POL,1982,36233466
Poland,POL,1983,36573701
Poland,POL,1984,36905796
Poland,POL,1985,37200851
Poland,POL,1986,37452612
Poland,POL,1987,37665712
Poland,POL,1988,37817862
Poland,POL,1989,37938087
Poland,POL,1990,38055449
Poland,POL,1991,38152947
Poland,POL,1992,38233632
Poland,POL,1993,38294881
Poland,POL,1994,38344311
Poland,POL,1995,38364668
Poland,POL,1996,38359165
Poland,POL,1997,38348307
Poland,POL,1998,38326432
Poland,POL,1999,38287717
Poland,POL,2000,38258076
Poland,POL,2001,38247357
Poland,POL,2002,38229406
Poland,POL,2003,38203525
Poland,POL,2004,38167567
Poland,POL,2005,38124377
Poland,POL,2006,38071170
Poland,POL,2007,38020420
Poland,POL,2008,37995902
Poland,POL,2009,38002154
Poland,POL,2010,38095356
Poland,POL,2011,38208644
Poland,POL,2012,38247868
Poland,POL,2013,38259266
Poland,POL,2014,38265113
Poland,POL,2015,38266314
Poland,POL,2016,38263259
Poland,POL,2017,38254964
Poland,POL,2018,38241070
Poland,POL,2019,38225884
Poland,POL,2020,38171005
Poland,POL,2021,38040304
Poland,POL,2022,38385734
Poland,POL,2023,38762847
Portugal,PRT,1942,7811843
Portugal,PRT,1943,7886677
Portugal,PRT,1944,7962228
Portugal,PRT,1945,8038503
Portugal,PRT,1946,8115508
Portugal,PRT,1947,8193251
Portugal,PRT,1948,8271739
Portugal,PRT,1949,8346329
Portugal,PRT,1950,8418877
Portugal,PRT,1951,8474202
Portugal,PRT,1952,8523424
Portugal,PRT,1953,8572744
Portugal,PRT,1954,8616967
Portugal,PRT,1955,8662890
Portugal,PRT,1956,8704062
Portugal,PRT,1957,8743287
Portugal,PRT,1958,8792776
Portugal,PRT,1959,8840373
Portugal,PRT,1960,8873224
Portugal,PRT,1961,8888381
Portugal,PRT,1962,8895775
Portugal,PRT,1963,8898302
Portugal,PRT,1964,8895763
Portugal,PRT,1965,8889623
Portugal,PRT,1966,8872477
Portugal,PRT,1967,8845842
Portugal,PRT,1968,8809709
Portugal,PRT,1969,8754238
Portugal,PRT,1970,8669522
Portugal,PRT,1971,8685586
Portugal,PRT,1972,8815589
Portugal,PRT,1973,8939234
Portugal,PRT,1974,9059175
Portugal,PRT,1975,9182303
Portugal,PRT,1976,9310264
Portugal,PRT,1977,9438170
Portugal,PRT,1978,9556398
Portugal,PRT,1979,9663303
Portugal,PRT,1980,9763622
Portugal,PRT,1981,9837589
Portugal,PRT,1982,9885845
Portugal,PRT,1983,9925257
Portugal,PRT,1984,9956893
Portugal,PRT,1985,9979475
Portugal,PRT,1986,9993098
Portugal,PRT,1987,10001991
Portugal,PRT,1988,10004589
Portugal,PRT,1989,10001379
Portugal,PRT,1990,9989528
Portugal,PRT,1991,9969182
Portugal,PRT,1992,9960345
Portugal,PRT,1993,9972341
Portugal,PRT,1994,9998486
Portugal,PRT,1995,10031755
Portugal,PRT,1996,10067655
Portugal,PRT,1997,10110548
Portugal,PRT,1998,10159524
Portugal,PRT,1999,10214877
Portugal,PRT,2000,10283196
Portugal,PRT,2001,10354328
Portugal,PRT,2002,10413046
Portugal,PRT,2003,10454245
Portugal,PRT,2004,10481384
Portugal,PRT,2005,10502994
Portugal,PRT,2006,10524122
Portugal,PRT,2007,10546821
Portugal,PRT,2008,10564085
Portugal,PRT,2009,10576264
Portugal,PRT,2010,10578659
Portugal,PRT,2011,10557049
Portugal,PRT,2012,10513154
Portugal,PRT,2013,10458286
Portugal,PRT,2014,10406202
Portugal,PRT,2015,10370266
Portugal,PRT,2016,10346377
Portugal,PRT,2017,10330836
Portugal,PRT,2018,10325353
Portugal,PRT,2019,10343218
Portugal,PRT,2020,10370519
Portugal,PRT,2021,10390956
Portugal,PRT,2022,10417075
Portugal,PRT,2023,10430735
Romania,ROU,1942,15974568
Romania,ROU,1943,16014683
Romania,ROU,1944,16054899
Romania,ROU,1945,16095216
Romania,ROU,1946,16135634
Romania,ROU,1947,16176154
Romania,ROU,1948,16216775
Romania,ROU,1949,16288894
Romania,ROU,1950,16397275
Romania,ROU,1951,16625607
Romania,ROU,1952,16846052
Romania,ROU,1953,17057702
Romania,ROU,1954,17266659
Romania,ROU,1955,17475271
Romania,ROU,1956,17691498
Romania,ROU,1957,17887292
Romania,ROU,1958,18046125
Romania,ROU,1959,18187698
Romania,ROU,1960,18313498
Romania,ROU,1961,18422519
Romania,ROU,1962,18511673
Romania,ROU,1963,18587432
Romania,ROU,1964,18655407
Romania,ROU,1965,18713061
Romania,ROU,1966,18776260
Romania,ROU,1967,18998561
Romania,ROU,1968,19361050
Romania,ROU,1969,19701813
Romania,ROU,1970,20011627
Romania,ROU,1971,20293489
Romania,ROU,1972,20555576
Romania,ROU,1973,20798321
Romania,ROU,1974,21033561
Romania,ROU,1975,21268070
Romania,ROU,1976,21497683
Romania,ROU,1977,21700176
Romania,ROU,1978,21868064
Romania,ROU,1979,22019629
Romania,ROU,1980,22154776
Romania,ROU,1981,22272787
Romania,ROU,1982,22374447
Romania,ROU,1983,22459213
Romania,ROU,1984,22534001
Romania,ROU,1985,22605814
Romania,ROU,1986,22674739
Romania,ROU,1987,22745588
Romania,ROU,1988,22815434
Romania,ROU,1989,22887645
Romania,ROU,1990,22939529
Romania,ROU,1991,22947415
Romania,ROU,1992,22912388
Romania,ROU,1993,22842257
Romania,ROU,1994,22756246
Romania,ROU,1995,22657724
Romania,ROU,1996,22541912
Romania,ROU,1997,22411509
Romania,ROU,1998,22284900
Romania,ROU,1999,22166156
Romania,ROU,2000,22046264
Romania,ROU,2001,21919917
Romania,ROU,2002,21770020
Romania,ROU,2003,21593447
Romania,ROU,2004,21403214
Romania,ROU,2005,21213395
Romania,ROU,2006,21035734
Romania,ROU,2007,20870714
Romania,ROU,2008,20718744
Romania,ROU,2009,20576923
Romania,ROU,2010,20432576
Romania,ROU,2011,20282008
Romania,ROU,2012,20158452
Romania,ROU,2013,20062914
Romania,ROU,2014,19968180
Romania,ROU,2015,19871018
Romania,ROU,2016,19777049
Romania,ROU,2017,19689406
Romania,ROU,2018,19597874
Romania,ROU,2019,19501543
Romania,ROU,2020,19392469
Romania,ROU,2021,19248159
Romania,ROU,2022,19166776
Romania,ROU,2023,19118481
Slovakia,SVK,1942,3343008
Slovakia,SVK,1943,3355404
Slovakia,SVK,1944,3367846
Slovakia,SVK,1945,3380334
Slovakia,SVK,1946,3392869
Slovakia,SVK,1947,3405450
Slovakia,SVK,1948,3418077
Slovakia,SVK,1949,3438089
Slovakia,SVK,1950,3465750
Slovakia,SVK,1951,3525383
Slovakia,SVK,1952,3591860
Slovakia,SVK,1953,3660079
Slovakia,SVK,1954,3728029
Slovakia,SVK,1955,3797355
Slovakia,SVK,1956,3868270
Slovakia,SVK,1957,3936841
Slovakia,SVK,1958,4002698
Slovakia,SVK,1959,4064674
Slovakia,SVK,1960,4124444
Slovakia,SVK,1961,4185347
Slovakia,SVK,1962,4235795
Slovakia,SVK,1963,4278467
Slovakia,SVK,1964,4323295
Slovakia,SVK,1965,4365055
Slovakia,SVK,1966,4402206
Slovakia,SVK,1967,4436106
Slovakia,SVK,1968,4466440
Slovakia,SVK,1969,4495039
Slovakia,SVK,1970,4525875
Slovakia,SVK,1971,4560415
Slovakia,SVK,1972,4599802
Slovakia,SVK,1973,4643683
Slovakia,SVK,1974,4690648
Slovakia,SVK,1975,4739175
Slovakia,SVK,1976,4788513
Slovakia,SVK,1977,4837710
Slovakia,SVK,1978,4885733
Slovakia,SVK,1979,4933452
Slovakia,SVK,1980,4976659
Slovakia,SVK,1981,5014960
Slovakia,SVK,1982,5051810
Slovakia,SVK,1983,5086443
Slovakia,SVK,1984,5119394
Slovakia,SVK,1985,5151164
Slovakia,SVK,1986,5180090
Slovakia,SVK,1987,5205882
Slovakia,SVK,1988,5229678
Slovakia,SVK,1989,5249932
Slovakia,SVK,1990,5266076
Slovakia,SVK,1991,5284876
Slovakia,SVK,1992,5306445
Slovakia,SVK,1993,5326361
Slovakia,SVK,1994,5343230
Slovakia,SVK,1995,5354287
Slovakia,SVK,1996,5362429
Slovakia,SVK,1997,5369781
Slovakia,SVK,1998,5374801
Slovakia,SVK,1999,5378105
Slovakia,SVK,2000,5380001
Slovakia,SVK,2001,5379439
Slovakia,SVK,2002,5377685
Slovakia,SVK,2003,5376198
Slovakia,SVK,2004,5376039
Slovakia,SVK,2005,5376696
Slovakia,SVK,2006,5376847
Slovakia,SVK,2007,5376995
Slovakia,SVK,2008,5379125
Slovakia,SVK,2009,5385074
Slovakia,SVK,2010,5391857
Slovakia,SVK,2011,5398104
Slovakia,SVK,2012,5404877
Slovakia,SVK,2013,5410422
Slovakia,SVK,2014,5415237
Slovakia,SVK,2015,5420279
Slovakia,SVK,2016,5427262
Slovakia,SVK,2017,5435704
Slovakia,SVK,2018,5443230
Slovakia,SVK,2019,5450626
Slovakia,SVK,2020,5455028
Slovakia,SVK,2021,5442767
Slovakia,SVK,2022,5473194
Slovakia,SVK,2023,5518057
Slovenia,SVN,1942,1349483
Slovenia,SVN,1943,1361363
Slovenia,SVN,1944,1373348
Slovenia,SVN,1945,1385439
Slovenia,SVN,1946,1397636
Slovenia,SVN,1947,1409940
Slovenia,SVN,1948,1422353
Slovenia,SVN,1949,1434054
Slovenia,SVN,1950,1446362
Slovenia,SVN,1951,1462731
Slovenia,SVN,1952,1479671
Slovenia,SVN,1953,1497562
Slovenia,SVN,1954,1515603
Slovenia,SVN,1955,1532637
Slovenia,SVN,1956,1548767
Slovenia,SVN,1957,1564154
Slovenia,SVN,1958,1578540
Slovenia,SVN,1959,1592117
Slovenia,SVN,1960,1605080
Slovenia,SVN,1961,1618564
Slovenia,SVN,1962,1633084
Slovenia,SVN,1963,1647447
Slovenia,SVN,1964,1661355
Slovenia,SVN,1965,1675320
Slovenia,SVN,1966,1689638
Slovenia,SVN,1967,1703875
Slovenia,SVN,1968,1716933
Slovenia,SVN,1969,1728679
Slovenia,SVN,1970,1739869
Slovenia,SVN,1971,1752715
Slovenia,SVN,1972,1768219
Slovenia,SVN,1973,1784577
Slovenia,SVN,1974,1801035
Slovenia,SVN,1975,1817593
Slovenia,SVN,1976,1834353
Slovenia,SVN,1977,1851329
Slovenia,SVN,1978,1868516
Slovenia,SVN,1979,1885913
Slovenia,SVN,1980,1903076
Slovenia,SVN,1981,1914594
Slovenia,SVN,1982,1917975
Slovenia,SVN,1983,1923360
Slovenia,SVN,1984,1932706
Slovenia,SVN,1985,1941480
Slovenia,SVN,1986,1964833
Slovenia,SVN,1987,1988028
Slovenia,SVN,1988,1993520
Slovenia,SVN,1989,1995464
Slovenia,SVN,1990,1998010
Slovenia,SVN,1991,1999192
Slovenia,SVN,1992,1995863
Slovenia,SVN,1993,1990814
Slovenia,SVN,1994,1988260
Slovenia,SVN,1995,1988099
Slovenia,SVN,1996,1986792
Slovenia,SVN,1997,1984399
Slovenia,SVN,1998,1980071
Slovenia,SVN,1999,1981198
Slovenia,SVN,2000,1986818
Slovenia,SVN,2001,1989685
Slovenia,SVN,2002,1991573
Slovenia,SVN,2003,1992502
Slovenia,SVN,2004,1993549
Slovenia,SVN,2005,1996914
Slovenia,SVN,2006,2003113
Slovenia,SVN,2007,2014161
Slovenia,SVN,2008,2025090
Slovenia,SVN,2009,2035611
Slovenia,SVN,2010,2044612
Slovenia,SVN,2011,2048805
Slovenia,SVN,2012,2053321
Slovenia,SVN,2013,2056452
Slovenia,SVN,2014,2058396
Slovenia,SVN,2015,2059947
Slovenia,SVN,2016,2061379
Slovenia,SVN,2017,2062410
Slovenia,SVN,2018,2069484
Slovenia,SVN,2019,2083436
Slovenia,SVN,2020,2102419
Slovenia,SVN,2021,2113495
Slovenia,SVN,2022,2115230
Slovenia,SVN,2023,2118395
Spain,ESP,1942,26205369
Spain,ESP,1943,26431030
Spain,ESP,1944,26658635
Spain,ESP,1945,26888200
Spain,ESP,1946,27119742
Spain,ESP,1947,27353278
Spain,ESP,1948,27588824
Spain,ESP,1949,27827617
Spain,ESP,1950,28077049
Spain,ESP,1951,28214862
Spain,ESP,1952,28406044
Spain,ESP,1953,28632700
Spain,ESP,1954,28857829
Spain,ESP,1955,29089775
Spain,ESP,1956,29323672
Spain,ESP,1957,29569969
Spain,ESP,1958,29849659
Spain,ESP,1959,30140708
Spain,ESP,1960,30404938
Spain,ESP,1961,30699568
Spain,ESP,1962,31040105
Spain,ESP,1963,31379830
Spain,ESP,1964,31741585
Spain,ESP,1965,32110669
Spain,ESP,1966,32465886
Spain,ESP,1967,32820749
Spain,ESP,1968,33170122
Spain,ESP,1969,33496941
Spain,ESP,1970,33812721
Spain,ESP,1971,34157449
Spain,ESP,1972,34539861
Spain,ESP,1973,34926520
Spain,ESP,1974,35361763
Spain,ESP,1975,35795771
Spain,ESP,1976,36176272
Spain,ESP,1977,36551267
Spain,ESP,1978,36904972
Spain,ESP,1979,37230368
Spain,ESP,1980,37537561
Spain,ESP,1981,37812707
Spain,ESP,1982,38047097
Spain,ESP,1983,38253248
Spain,ESP,1984,38437483
Spain,ESP,1985,38601315
Spain,ESP,1986,38735706
Spain,ESP,1987,38852007
Spain,ESP,1988,38952262
Spain,ESP,1989,39029556
Spain,ESP,1990,39084975
Spain,ESP,1991,39201749
Spain,ESP,1992,39420344
Spain,ESP,1993,39651627
Spain,ESP,1994,39858722
Spain,ESP,1995,40052733
Spain,ESP,1996,40237375
Spain,ESP,1997,40423823
Spain,ESP,1998,40617436
Spain,ESP,1999,40812855
Spain,ESP,2000,41019773
Spain,ESP,2001,41245604
Spain,ESP,2002,41755702
Spain,ESP,2003,42506541
Spain,ESP,2004,43234563
Spain,ESP,2005,43958884
Spain,ESP,2006,44695446
Spain,ESP,2007,45516501
Spain,ESP,2008,46235055
Spain,ESP,2009,46635182
Spain,ESP,2010,46840470
Spain,ESP,2011,46998040
Spain,ESP,2012,47018321
Spain,ESP,2013,46860393
Spain,ESP,2014,46720186
Spain,ESP,2015,46683683
Spain,ESP,2016,46732766
Spain,ESP,2017,46868594
Spain,ESP,2018,47092817
Spain,ESP,2019,47435120
Spain,ESP,2020,47679482
Spain,ESP,2021,47735670
Spain,ESP,2022,47828386
Spain,ESP,2023,47911583
Sweden,SWE,1942,6496512
Sweden,SWE,1943,6560825
Sweden,SWE,1944,6625775
Sweden,SWE,1945,6691367
Sweden,SWE,1946,6757610
Sweden,SWE,1947,6824507
Sweden,SWE,1948,6892068
Sweden,SWE,1949,6955459
Sweden,SWE,1950,7016565
Sweden,SWE,1951,7072884
Sweden,SWE,1952,7124675
Sweden,SWE,1953,7171425
Sweden,SWE,1954,7213461
Sweden,SWE,1955,7262328
Sweden,SWE,1956,7315523
Sweden,SWE,1957,7366883
Sweden,SWE,1958,7414352
Sweden,SWE,1959,7453561
Sweden,SWE,1960,7484597
Sweden,SWE,1961,7519997
Sweden,SWE,1962,7561517
Sweden,SWE,1963,7604207
Sweden,SWE,1964,7661190
Sweden,SWE,1965,7733011
Sweden,SWE,1966,7805586
Sweden,SWE,1967,7866404
Sweden,SWE,1968,7912122
Sweden,SWE,1969,7968013
Sweden,SWE,1970,8042783
Sweden,SWE,1971,8098105
Sweden,SWE,1972,8122427
Sweden,SWE,1973,8137164
Sweden,SWE,1974,8160636
Sweden,SWE,1975,8192642
Sweden,SWE,1976,8222393
Sweden,SWE,1977,8251698
Sweden,SWE,1978,8275793
Sweden,SWE,1979,8293749
Sweden,SWE,1980,8310470
Sweden,SWE,1981,8320460
Sweden,SWE,1982,8325179
Sweden,SWE,1983,8328917
Sweden,SWE,1984,8336484
Sweden,SWE,1985,8350249
Sweden,SWE,1986,8369682
Sweden,SWE,1987,8397651
Sweden,SWE,1988,8436358
Sweden,SWE,1989,8492819
Sweden,SWE,1990,8558569
Sweden,SWE,1991,8616954
Sweden,SWE,1992,8667577
Sweden,SWE,1993,8718036
Sweden,SWE,1994,8780193
Sweden,SWE,1995,8826299
Sweden,SWE,1996,8840329
Sweden,SWE,1997,8845524
Sweden,SWE,1998,8850606
Sweden,SWE,1999,8857691
Sweden,SWE,2000,8872100
Sweden,SWE,2001,8896018
Sweden,SWE,2002,8925044
Sweden,SWE,2003,8958432
Sweden,SWE,2004,8993806
Sweden,SWE,2005,9029770
Sweden,SWE,2006,9080626
Sweden,SWE,2007,9148277
Sweden,SWE,2008,9219903
Sweden,SWE,2009,9298738
Sweden,SWE,2010,9378234
Sweden,SWE,2011,9449262
Sweden,SWE,2012,9519479
Sweden,SWE,2013,9600621
Sweden,SWE,2014,9696437
Sweden,SWE,2015,9799482
Sweden,SWE,2016,9923281
Sweden,SWE,2017,10057864
Sweden,SWE,2018,10175401
Sweden,SWE,2019,10279122
Sweden,SWE,2020,10353680
Sweden,SWE,2021,10416136
Sweden,SWE,2022,10487333
Sweden,SWE,2023,10551493