Reason,Country,Year,Value
"access costs are too high (telephone, etc.)",Austria,2011,10.23
broadband is not available in the area,Austria,2011,1.23
access elsewhere,Austria,2011,11.62
equipment costs are too high,Austria,2011,11.33
"access not needed (content is not useful, interesting, etc.)",Austria,2011,74.75
other reasons,Austria,2011,3.16
privacy or security concerns,Austria,2011,8.39
lack of skills,Austria,2011,31.92
"access costs are too high (telephone, etc.)",Belgium,2011,23.59
broadband is not available in the area,Belgium,2011,0.86
access elsewhere,Belgium,2011,13.9
equipment costs are too high,Belgium,2011,26.84
"access not needed (content is not useful, interesting, etc.)",Belgium,2011,42.73
other reasons,Belgium,2011,8.04
privacy or security concerns,Belgium,2011,6.13
lack of skills,Belgium,2011,23.73
"access costs are too high (telephone, etc.)",Bulgaria,2011,16.86
broadband is not available in the area,Bulgaria,2011,0.95
access elsewhere,Bulgaria,2011,5.11
equipment costs are too high,Bulgaria,2011,24.37
"access not needed (content is not useful, interesting, etc.)",Bulgaria,2011,29.66
other reasons,Bulgaria,2011,27.24
privacy or security concerns,Bulgaria,2011,8.02
lack of skills,Bulgaria,2011,30.22
"access costs are too high (telephone, etc.)",Croatia,2011,14.33
broadband is not available in the area,Croatia,2011,2.65
access elsewhere,Croatia,2011,5.99
equipment costs are too high,Croatia,2011,14.07
"access not needed (content is not useful, interesting, etc.)",Croatia,2011,65.64
other reasons,Croatia,2011,3.99
privacy or security concerns,Croatia,2011,0.36
lack of skills,Croatia,2011,8.88
"access costs are too high (telephone, etc.)",Cyprus,2011,23.11
broadband is not available in the area,Cyprus,2011,0.79
access elsewhere,Cyprus,2011,14.43
equipment costs are too high,Cyprus,2011,23.37
"access not needed (content is not useful, interesting, etc.)",Cyprus,2011,45.41
other reasons,Cyprus,2011,2.91
privacy or security concerns,Cyprus,2011,4.79
lack of skills,Cyprus,2011,63.86
"access costs are too high (telephone, etc.)",Denmark,2011,4.97
broadband is not available in the area,Denmark,2011,0.34
access elsewhere,Denmark,2011,6.32
equipment costs are too high,Denmark,2011,12.14
"access not needed (content is not useful, interesting, etc.)",Denmark,2011,57.18
other reasons,Denmark,2011,10.4
privacy or security concerns,Denmark,2011,2.6
lack of skills,Denmark,2011,18.62
"access costs are too high (telephone, etc.)",EU-27(from 2020),2011,23.37
broadband is not available in the area,EU-27(from 2020),2011,3.14
access elsewhere,EU-27(from 2020),2011,14.16
equipment costs are too high,EU-27(from 2020),2011,25.93
"access not needed (content is not useful, interesting, etc.)",EU-27(from 2020),2011,45.41
other reasons,EU-27(from 2020),2011,10.07
privacy or security concerns,EU-27(from 2020),2011,7.65
lack of skills,EU-27(from 2020),2011,34.44
"access costs are too high (telephone, etc.)",EU-28(2013-2020),2011,22.83
broadband is not available in the area,EU-28(2013-2020),2011,2.93
access elsewhere,EU-28(2013-2020),2011,13.9
equipment costs are too high,EU-28(2013-2020),2011,25.8
"access not needed (content is not useful, interesting, etc.)",EU-28(2013-2020),2011,45.27
other reasons,EU-28(2013-2020),2011,10.55
privacy or security concerns,EU-28(2013-2020),2011,7.5
lack of skills,EU-28(2013-2020),2011,33.24
"access costs are too high (telephone, etc.)",Estonia,2011,57.8
broadband is not available in the area,Estonia,2011,6.12
access elsewhere,Estonia,2011,22.36
equipment costs are too high,Estonia,2011,64.44
"access not needed (content is not useful, interesting, etc.)",Estonia,2011,54.13
other reasons,Estonia,2011,1.18
privacy or security concerns,Estonia,2011,8.96
lack of skills,Estonia,2011,66.83
"access costs are too high (telephone, etc.)",Finland,2011,22.3
broadband is not available in the area,Finland,2011,11.5
access elsewhere,Finland,2011,26.39
equipment costs are too high,Finland,2011,31.4
"access not needed (content is not useful, interesting, etc.)",Finland,2011,62.66
other reasons,Finland,2011,11.42
privacy or security concerns,Finland,2011,26.16
lack of skills,Finland,2011,46.9
"access costs are too high (telephone, etc.)",France,2011,31.24
broadband is not available in the area,France,2011,3.57
access elsewhere,France,2011,13.24
equipment costs are too high,France,2011,31.04
"access not needed (content is not useful, interesting, etc.)",France,2011,23.75
other reasons,France,2011,29.32
privacy or security concerns,France,2011,16.14
lack of skills,France,2011,29.77
"access costs are too high (telephone, etc.)",Germany,2011,23.83
broadband is not available in the area,Germany,2011,4.52
access elsewhere,Germany,2011,21.66
equipment costs are too high,Germany,2011,26.83
"access not needed (content is not useful, interesting, etc.)",Germany,2011,62.17
other reasons,Germany,2011,0.87
privacy or security concerns,Germany,2011,17.44
lack of skills,Germany,2011,30.03
"access costs are too high (telephone, etc.)",Greece,2011,12.68
broadband is not available in the area,Greece,2011,1.16
access elsewhere,Greece,2011,8.09
equipment costs are too high,Greece,2011,12.65
"access not needed (content is not useful, interesting, etc.)",Greece,2011,35.73
other reasons,Greece,2011,20.34
privacy or security concerns,Greece,2011,2.75
lack of skills,Greece,2011,35.77
"access costs are too high (telephone, etc.)",Hungary,2011,41.73
broadband is not available in the area,Hungary,2011,2.3
access elsewhere,Hungary,2011,22.66
equipment costs are too high,Hungary,2011,50.41
"access not needed (content is not useful, interesting, etc.)",Hungary,2011,54.34
other reasons,Hungary,2011,10.33
privacy or security concerns,Hungary,2011,9.51
lack of skills,Hungary,2011,36.92
"access costs are too high (telephone, etc.)",Ireland,2011,12.14
broadband is not available in the area,Ireland,2011,2.36
access elsewhere,Ireland,2011,10.76
equipment costs are too high,Ireland,2011,13.85
"access not needed (content is not useful, interesting, etc.)",Ireland,2011,44.46
other reasons,Ireland,2011,10.32
privacy or security concerns,Ireland,2011,1.71
lack of skills,Ireland,2011,25.63
"access costs are too high (telephone, etc.)",Italy,2011,11.7
broadband is not available in the area,Italy,2011,3.05
access elsewhere,Italy,2011,16.75
equipment costs are too high,Italy,2011,10.95
"access not needed (content is not useful, interesting, etc.)",Italy,2011,26.15
other reasons,Italy,2011,8.58
privacy or security concerns,Italy,2011,2.62
lack of skills,Italy,2011,36.41
"access costs are too high (telephone, etc.)",Latvia,2011,51.86
broadband is not available in the area,Latvia,2011,9.12
access elsewhere,Latvia,2011,32.09
equipment costs are too high,Latvia,2011,59.63
"access not needed (content is not useful, interesting, etc.)",Latvia,2011,54.35
other reasons,Latvia,2011,0.39
privacy or security concerns,Latvia,2011,14.59
lack of skills,Latvia,2011,56.77
"access costs are too high (telephone, etc.)",Lithuania,2011,18.16
broadband is not available in the area,Lithuania,2011,1.39
access elsewhere,Lithuania,2011,7.81
equipment costs are too high,Lithuania,2011,18.7
"access not needed (content is not useful, interesting, etc.)",Lithuania,2011,67.97
other reasons,Lithuania,2011,0.77
privacy or security concerns,Lithuania,2011,0.69
lack of skills,Lithuania,2011,11.23
"access costs are too high (telephone, etc.)",Luxembourg,2011,5.32
broadband is not available in the area,Luxembourg,2011,0.83
access elsewhere,Luxembourg,2011,16.72
equipment costs are too high,Luxembourg,2011,6.43
"access not needed (content is not useful, interesting, etc.)",Luxembourg,2011,77.59
other reasons,Luxembourg,2011,7.05
privacy or security concerns,Luxembourg,2011,12.77
lack of skills,Luxembourg,2011,21.0
"access costs are too high (telephone, etc.)",Malta,2011,6.06
broadband is not available in the area,Malta,2011,0.26
access elsewhere,Malta,2011,6.49
equipment costs are too high,Malta,2011,44.24
"access not needed (content is not useful, interesting, etc.)",Malta,2011,14.86
other reasons,Malta,2011,15.15
privacy or security concerns,Malta,2011,47.48
lack of skills,Malta,2011,4.85
"access costs are too high (telephone, etc.)",Netherlands,2011,7.83
broadband is not available in the area,Netherlands,2011,2.63
access elsewhere,Netherlands,2011,9.62
equipment costs are too high,Netherlands,2011,8.5
"access not needed (content is not useful, interesting, etc.)",Netherlands,2011,62.85
other reasons,Netherlands,2011,10.67
privacy or security concerns,Netherlands,2011,9.84
lack of skills,Netherlands,2011,16.16
"access costs are too high (telephone, etc.)",Poland,2011,21.81
broadband is not available in the area,Poland,2011,1.73
access elsewhere,Poland,2011,7.15
equipment costs are too high,Poland,2011,28.4
"access not needed (content is not useful, interesting, etc.)",Poland,2011,53.57
other reasons,Poland,2011,6.73
privacy or security concerns,Poland,2011,1.7
lack of skills,Poland,2011,36.63
"access costs are too high (telephone, etc.)",Portugal,2011,30.87
broadband is not available in the area,Portugal,2011,1.88
access elsewhere,Portugal,2011,8.49
equipment costs are too high,Portugal,2011,36.42
"access not needed (content is not useful, interesting, etc.)",Portugal,2011,55.73
other reasons,Portugal,2011,2.83
privacy or security concerns,Portugal,2011,7.38
lack of skills,Portugal,2011,68.23
"access costs are too high (telephone, etc.)",Romania,2011,49.59
broadband is not available in the area,Romania,2011,4.82
access elsewhere,Romania,2011,12.07
equipment costs are too high,Romania,2011,55.75
"access not needed (content is not useful, interesting, etc.)",Romania,2011,32.75
other reasons,Romania,2011,10.85
privacy or security concerns,Romania,2011,5.91
lack of skills,Romania,2011,43.73
"access costs are too high (telephone, etc.)",Slovakia,2011,18.63
broadband is not available in the area,Slovakia,2011,0.81
access elsewhere,Slovakia,2011,21.44
equipment costs are too high,Slovakia,2011,18.25
"access not needed (content is not useful, interesting, etc.)",Slovakia,2011,32.41
other reasons,Slovakia,2011,10.47
privacy or security concerns,Slovakia,2011,3.88
lack of skills,Slovakia,2011,49.32
"access costs are too high (telephone, etc.)",Slovenia,2011,49.71
broadband is not available in the area,Slovenia,2011,12.28
access elsewhere,Slovenia,2011,14.42
equipment costs are too high,Slovenia,2011,48.84
"access not needed (content is not useful, interesting, etc.)",Slovenia,2011,61.87
other reasons,Slovenia,2011,2.89
privacy or security concerns,Slovenia,2011,25.79
lack of skills,Slovenia,2011,63.21
"access costs are too high (telephone, etc.)",Spain,2011,20.41
broadband is not available in the area,Spain,2011,2.87
access elsewhere,Spain,2011,12.94
equipment costs are too high,Spain,2011,21.29
"access not needed (content is not useful, interesting, etc.)",Spain,2011,66.02
other reasons,Spain,2011,2.47
privacy or security concerns,Spain,2011,2.77
lack of skills,Spain,2011,29.62
"access costs are too high (telephone, etc.)",Sweden,2011,17.62
broadband is not available in the area,Sweden,2011,17.17
access elsewhere,Sweden,2011,28.22
equipment costs are too high,Sweden,2011,17.21
"access not needed (content is not useful, interesting, etc.)",Sweden,2011,63.44
other reasons,Sweden,2011,17.35
privacy or security concerns,Sweden,2011,8.6
lack of skills,Sweden,2011,36.27
"access costs are too high (telephone, etc.)",United Kingdom,2011,16.4
broadband is not available in the area,United Kingdom,2011,0.46
access elsewhere,United Kingdom,2011,10.85
equipment costs are too high,United Kingdom,2011,24.23
"access not needed (content is not useful, interesting, etc.)",United Kingdom,2011,43.64
other reasons,United Kingdom,2011,16.31
privacy or security concerns,United Kingdom,2011,5.78
lack of skills,United Kingdom,2011,18.84
"access costs are too high (telephone, etc.)",Austria,2012,15.96
broadband is not available in the area,Austria,2012,3.03
access elsewhere,Austria,2012,16.98
equipment costs are too high,Austria,2012,16.08
"access not needed (content is not useful, interesting, etc.)",Austria,2012,77.15
other reasons,Austria,2012,2.3
privacy or security concerns,Austria,2012,14.2
lack of skills,Austria,2012,29.01
"access costs are too high (telephone, etc.)",Belgium,2012,25.35
broadband is not available in the area,Belgium,2012,0.26
access elsewhere,Belgium,2012,11.44
equipment costs are too high,Belgium,2012,29.1
"access not needed (content is not useful, interesting, etc.)",Belgium,2012,43.02
other reasons,Belgium,2012,9.07
privacy or security concerns,Belgium,2012,6.67
lack of skills,Belgium,2012,28.46
"access costs are too high (telephone, etc.)",Bulgaria,2012,21.8
broadband is not available in the area,Bulgaria,2012,0.72
access elsewhere,Bulgaria,2012,5.51
equipment costs are too high,Bulgaria,2012,31.96
"access not needed (content is not useful, interesting, etc.)",Bulgaria,2012,43.45
other reasons,Bulgaria,2012,9.62
privacy or security concerns,Bulgaria,2012,0.92
lack of skills,Bulgaria,2012,41.83
"access costs are too high (telephone, etc.)",Croatia,2012,27.54
broadband is not available in the area,Croatia,2012,5.5
access elsewhere,Croatia,2012,8.06
equipment costs are too high,Croatia,2012,28.06
"access not needed (content is not useful, interesting, etc.)",Croatia,2012,64.09
other reasons,Croatia,2012,4.42
privacy or security concerns,Croatia,2012,7.24
lack of skills,Croatia,2012,24.87
"access costs are too high (telephone, etc.)",Cyprus,2012,26.88
broadband is not available in the area,Cyprus,2012,2.69
access elsewhere,Cyprus,2012,21.92
equipment costs are too high,Cyprus,2012,25.04
"access not needed (content is not useful, interesting, etc.)",Cyprus,2012,50.83
other reasons,Cyprus,2012,1.18
privacy or security concerns,Cyprus,2012,4.55
lack of skills,Cyprus,2012,53.1
"access costs are too high (telephone, etc.)",Denmark,2012,7.12
broadband is not available in the area,Denmark,2012,2.26
access elsewhere,Denmark,2012,9.11
equipment costs are too high,Denmark,2012,10.85
"access not needed (content is not useful, interesting, etc.)",Denmark,2012,53.77
other reasons,Denmark,2012,12.72
privacy or security concerns,Denmark,2012,0.65
lack of skills,Denmark,2012,29.29
"access costs are too high (telephone, etc.)",EU-27(from 2020),2012,24.34
broadband is not available in the area,EU-27(from 2020),2012,2.56
access elsewhere,EU-27(from 2020),2012,13.94
equipment costs are too high,EU-27(from 2020),2012,26.78
"access not needed (content is not useful, interesting, etc.)",EU-27(from 2020),2012,47.07
other reasons,EU-27(from 2020),2012,8.78
privacy or security concerns,EU-27(from 2020),2012,7.36
lack of skills,EU-27(from 2020),2012,36.03
"access costs are too high (telephone, etc.)",EU-28(2013-2020),2012,23.93
broadband is not available in the area,EU-28(2013-2020),2012,2.4
access elsewhere,EU-28(2013-2020),2012,13.8
equipment costs are too high,EU-28(2013-2020),2012,25.93
"access not needed (content is not useful, interesting, etc.)",EU-28(2013-2020),2012,47.33
other reasons,EU-28(2013-2020),2012,8.96
privacy or security concerns,EU-28(2013-2020),2012,7.24
lack of skills,EU-28(2013-2020),2012,34.98
"access costs are too high (telephone, etc.)",Estonia,2012,55.33
broadband is not available in the area,Estonia,2012,5.58
access elsewhere,Estonia,2012,20.29
equipment costs are too high,Estonia,2012,65.61
"access not needed (content is not useful, interesting, etc.)",Estonia,2012,59.85
other reasons,Estonia,2012,1.82
privacy or security concerns,Estonia,2012,8.09
lack of skills,Estonia,2012,70.39
"access costs are too high (telephone, etc.)",Finland,2012,24.68
broadband is not available in the area,Finland,2012,9.36
access elsewhere,Finland,2012,25.85
equipment costs are too high,Finland,2012,29.59
"access not needed (content is not useful, interesting, etc.)",Finland,2012,70.69
other reasons,Finland,2012,13.13
privacy or security concerns,Finland,2012,34.37
lack of skills,Finland,2012,58.27
"access costs are too high (telephone, etc.)",France,2012,31.39
broadband is not available in the area,France,2012,3.61
access elsewhere,France,2012,14.64
equipment costs are too high,France,2012,33.1
"access not needed (content is not useful, interesting, etc.)",France,2012,24.51
other reasons,France,2012,27.64
privacy or security concerns,France,2012,13.68
lack of skills,France,2012,28.68
"access costs are too high (telephone, etc.)",Germany,2012,26.13
broadband is not available in the area,Germany,2012,3.22
access elsewhere,Germany,2012,20.15
equipment costs are too high,Germany,2012,29.35
"access not needed (content is not useful, interesting, etc.)",Germany,2012,63.25
other reasons,Germany,2012,0.55
privacy or security concerns,Germany,2012,21.45
lack of skills,Germany,2012,33.35
"access costs are too high (telephone, etc.)",Greece,2012,14.99
broadband is not available in the area,Greece,2012,1.64
access elsewhere,Greece,2012,6.5
equipment costs are too high,Greece,2012,17.23
"access not needed (content is not useful, interesting, etc.)",Greece,2012,35.38
other reasons,Greece,2012,15.22
privacy or security concerns,Greece,2012,1.8
lack of skills,Greece,2012,55.44
"access costs are too high (telephone, etc.)",Hungary,2012,43.86
broadband is not available in the area,Hungary,2012,3.51
access elsewhere,Hungary,2012,20.28
equipment costs are too high,Hungary,2012,51.19
"access not needed (content is not useful, interesting, etc.)",Hungary,2012,61.35
other reasons,Hungary,2012,6.78
privacy or security concerns,Hungary,2012,9.81
lack of skills,Hungary,2012,41.01
"access costs are too high (telephone, etc.)",Ireland,2012,14.0
broadband is not available in the area,Ireland,2012,2.15
access elsewhere,Ireland,2012,11.21
equipment costs are too high,Ireland,2012,14.62
"access not needed (content is not useful, interesting, etc.)",Ireland,2012,39.72
other reasons,Ireland,2012,11.9
privacy or security concerns,Ireland,2012,2.88
lack of skills,Ireland,2012,35.82
"access costs are too high (telephone, etc.)",Italy,2012,13.79
broadband is not available in the area,Italy,2012,2.32
access elsewhere,Italy,2012,17.56
equipment costs are too high,Italy,2012,12.11
"access not needed (content is not useful, interesting, etc.)",Italy,2012,26.62
other reasons,Italy,2012,6.6
privacy or security concerns,Italy,2012,3.07
lack of skills,Italy,2012,36.81
"access costs are too high (telephone, etc.)",Latvia,2012,18.68
broadband is not available in the area,Latvia,2012,1.75
access elsewhere,Latvia,2012,22.28
equipment costs are too high,Latvia,2012,31.28
"access not needed (content is not useful, interesting, etc.)",Latvia,2012,51.88
other reasons,Latvia,2012,1.64
privacy or security concerns,Latvia,2012,0.93
lack of skills,Latvia,2012,27.18
"access costs are too high (telephone, etc.)",Lithuania,2012,20.22
broadband is not available in the area,Lithuania,2012,1.74
access elsewhere,Lithuania,2012,10.11
equipment costs are too high,Lithuania,2012,21.46
"access not needed (content is not useful, interesting, etc.)",Lithuania,2012,63.96
other reasons,Lithuania,2012,0.89
privacy or security concerns,Lithuania,2012,0.67
lack of skills,Lithuania,2012,13.82
"access costs are too high (telephone, etc.)",Luxembourg,2012,6.51
broadband is not available in the area,Luxembourg,2012,5.25
access elsewhere,Luxembourg,2012,16.91
equipment costs are too high,Luxembourg,2012,7.74
"access not needed (content is not useful, interesting, etc.)",Luxembourg,2012,53.39
other reasons,Luxembourg,2012,18.51
privacy or security concerns,Luxembourg,2012,13.27
lack of skills,Luxembourg,2012,24.75
"access costs are too high (telephone, etc.)",Malta,2012,11.62
access elsewhere,Malta,2012,6.37
equipment costs are too high,Malta,2012,13.89
"access not needed (content is not useful, interesting, etc.)",Malta,2012,53.2
other reasons,Malta,2012,7.29
privacy or security concerns,Malta,2012,0.98
lack of skills,Malta,2012,43.2
"access costs are too high (telephone, etc.)",Netherlands,2012,12.2
broadband is not available in the area,Netherlands,2012,1.93
access elsewhere,Netherlands,2012,9.68
equipment costs are too high,Netherlands,2012,16.17
"access not needed (content is not useful, interesting, etc.)",Netherlands,2012,76.37
other reasons,Netherlands,2012,11.53
privacy or security concerns,Netherlands,2012,6.91
lack of skills,Netherlands,2012,12.57
"access costs are too high (telephone, etc.)",Poland,2012,22.83
broadband is not available in the area,Poland,2012,2.28
access elsewhere,Poland,2012,4.83
equipment costs are too high,Poland,2012,26.59
"access not needed (content is not useful, interesting, etc.)",Poland,2012,57.23
other reasons,Poland,2012,12.03
privacy or security concerns,Poland,2012,2.18
lack of skills,Poland,2012,37.85
"access costs are too high (telephone, etc.)",Portugal,2012,37.01
broadband is not available in the area,Portugal,2012,2.47
access elsewhere,Portugal,2012,8.74
equipment costs are too high,Portugal,2012,41.14
"access not needed (content is not useful, interesting, etc.)",Portugal,2012,57.54
other reasons,Portugal,2012,4.94
privacy or security concerns,Portugal,2012,10.74
lack of skills,Portugal,2012,65.34
"access costs are too high (telephone, etc.)",Romania,2012,34.38
broadband is not available in the area,Romania,2012,1.51
access elsewhere,Romania,2012,9.13
equipment costs are too high,Romania,2012,40.98
"access not needed (content is not useful, interesting, etc.)",Romania,2012,33.84
other reasons,Romania,2012,9.54
privacy or security concerns,Romania,2012,1.12
lack of skills,Romania,2012,34.65
"access costs are too high (telephone, etc.)",Slovakia,2012,19.04
broadband is not available in the area,Slovakia,2012,0.39
access elsewhere,Slovakia,2012,21.17
equipment costs are too high,Slovakia,2012,22.78
"access not needed (content is not useful, interesting, etc.)",Slovakia,2012,55.08
other reasons,Slovakia,2012,4.42
privacy or security concerns,Slovakia,2012,3.89
lack of skills,Slovakia,2012,45.19
"access costs are too high (telephone, etc.)",Slovenia,2012,47.66
broadband is not available in the area,Slovenia,2012,8.21
access elsewhere,Slovenia,2012,14.54
equipment costs are too high,Slovenia,2012,53.3
"access not needed (content is not useful, interesting, etc.)",Slovenia,2012,69.68
other reasons,Slovenia,2012,2.05
privacy or security concerns,Slovenia,2012,27.65
lack of skills,Slovenia,2012,57.39
"access costs are too high (telephone, etc.)",Spain,2012,26.09
broadband is not available in the area,Spain,2012,1.68
access elsewhere,Spain,2012,14.46
equipment costs are too high,Spain,2012,26.08
"access not needed (content is not useful, interesting, etc.)",Spain,2012,66.79
other reasons,Spain,2012,1.43
privacy or security concerns,Spain,2012,2.35
lack of skills,Spain,2012,31.11
"access costs are too high (telephone, etc.)",Sweden,2012,19.32
broadband is not available in the area,Sweden,2012,20.21
access elsewhere,Sweden,2012,28.69
equipment costs are too high,Sweden,2012,19.91
"access not needed (content is not useful, interesting, etc.)",Sweden,2012,59.63
other reasons,Sweden,2012,23.4
privacy or security concerns,Sweden,2012,17.19
lack of skills,Sweden,2012,34.58
"access costs are too high (telephone, etc.)",United Kingdom,2012,18.15
broadband is not available in the area,United Kingdom,2012,0.26
access elsewhere,United Kingdom,2012,11.89
equipment costs are too high,United Kingdom,2012,14.05
"access not needed (content is not useful, interesting, etc.)",United Kingdom,2012,50.94
other reasons,United Kingdom,2012,11.38
privacy or security concerns,United Kingdom,2012,5.48
lack of skills,United Kingdom,2012,20.34
"access costs are too high (telephone, etc.)",Austria,2013,14.77
broadband is not available in the area,Austria,2013,1.42
access elsewhere,Austria,2013,16.4
equipment costs are too high,Austria,2013,14.18
"access not needed (content is not useful, interesting, etc.)",Austria,2013,72.54
other reasons,Austria,2013,5.09
privacy or security concerns,Austria,2013,7.57
lack of skills,Austria,2013,26.03
"access costs are too high (telephone, etc.)",Belgium,2013,19.5
broadband is not available in the area,Belgium,2013,0.26
access elsewhere,Belgium,2013,11.9
equipment costs are too high,Belgium,2013,24.78
"access not needed (content is not useful, interesting, etc.)",Belgium,2013,44.46
other reasons,Belgium,2013,18.42
privacy or security concerns,Belgium,2013,8.43
lack of skills,Belgium,2013,31.98
"access costs are too high (telephone, etc.)",Bulgaria,2013,20.27
broadband is not available in the area,Bulgaria,2013,1.4
access elsewhere,Bulgaria,2013,4.17
equipment costs are too high,Bulgaria,2013,35.16
"access not needed (content is not useful, interesting, etc.)",Bulgaria,2013,37.02
other reasons,Bulgaria,2013,10.29
privacy or security concerns,Bulgaria,2013,1.23
lack of skills,Bulgaria,2013,51.4
"access costs are too high (telephone, etc.)",Croatia,2013,24.93
broadband is not available in the area,Croatia,2013,1.98
access elsewhere,Croatia,2013,7.57
equipment costs are too high,Croatia,2013,25.37
"access not needed (content is not useful, interesting, etc.)",Croatia,2013,57.58
other reasons,Croatia,2013,8.54
privacy or security concerns,Croatia,2013,3.3
lack of skills,Croatia,2013,19.02
"access costs are too high (telephone, etc.)",Cyprus,2013,39.3
broadband is not available in the area,Cyprus,2013,1.07
access elsewhere,Cyprus,2013,21.88
equipment costs are too high,Cyprus,2013,34.62
"access not needed (content is not useful, interesting, etc.)",Cyprus,2013,57.23
other reasons,Cyprus,2013,4.22
privacy or security concerns,Cyprus,2013,4.88
lack of skills,Cyprus,2013,64.81
"access costs are too high (telephone, etc.)",Denmark,2013,8.4
broadband is not available in the area,Denmark,2013,2.79
access elsewhere,Denmark,2013,9.9
equipment costs are too high,Denmark,2013,5.7
"access not needed (content is not useful, interesting, etc.)",Denmark,2013,54.27
other reasons,Denmark,2013,1.19
privacy or security concerns,Denmark,2013,0.29
lack of skills,Denmark,2013,23.19
"access costs are too high (telephone, etc.)",EU-27(from 2020),2013,27.56
broadband is not available in the area,EU-27(from 2020),2013,2.85
access elsewhere,EU-27(from 2020),2013,12.45
equipment costs are too high,EU-27(from 2020),2013,32.22
"access not needed (content is not useful, interesting, etc.)",EU-27(from 2020),2013,51.76
other reasons,EU-27(from 2020),2013,11.03
privacy or security concerns,EU-27(from 2020),2013,9.53
lack of skills,EU-27(from 2020),2013,38.64
"access costs are too high (telephone, etc.)",EU-28(2013-2020),2013,26.35
broadband is not available in the area,EU-28(2013-2020),2013,2.63
access elsewhere,EU-28(2013-2020),2013,12.47
equipment costs are too high,EU-28(2013-2020),2013,30.12
"access not needed (content is not useful, interesting, etc.)",EU-28(2013-2020),2013,49.21
other reasons,EU-28(2013-2020),2013,10.67
privacy or security concerns,EU-28(2013-2020),2013,9.05
lack of skills,EU-28(2013-2020),2013,36.75
"access costs are too high (telephone, etc.)",Estonia,2013,55.73
broadband is not available in the area,Estonia,2013,3.77
access elsewhere,Estonia,2013,16.36
equipment costs are too high,Estonia,2013,64.29
"access not needed (content is not useful, interesting, etc.)",Estonia,2013,56.89
other reasons,Estonia,2013,2.03
privacy or security concerns,Estonia,2013,10.43
lack of skills,Estonia,2013,73.53
"access costs are too high (telephone, etc.)",Finland,2013,23.89
broadband is not available in the area,Finland,2013,7.25
access elsewhere,Finland,2013,24.19
equipment costs are too high,Finland,2013,32.9
"access not needed (content is not useful, interesting, etc.)",Finland,2013,74.0
other reasons,Finland,2013,16.14
privacy or security concerns,Finland,2013,31.53
lack of skills,Finland,2013,52.49
"access costs are too high (telephone, etc.)",France,2013,32.83
broadband is not available in the area,France,2013,4.34
access elsewhere,France,2013,16.56
equipment costs are too high,France,2013,35.88
"access not needed (content is not useful, interesting, etc.)",France,2013,25.21
other reasons,France,2013,22.66
privacy or security concerns,France,2013,19.34
lack of skills,France,2013,34.76
"access costs are too high (telephone, etc.)",Germany,2013,28.1
broadband is not available in the area,Germany,2013,4.4
access elsewhere,Germany,2013,19.94
equipment costs are too high,Germany,2013,29.64
"access not needed (content is not useful, interesting, etc.)",Germany,2013,63.06
other reasons,Germany,2013,4.84
privacy or security concerns,Germany,2013,24.64
lack of skills,Germany,2013,38.42
"access costs are too high (telephone, etc.)",Greece,2013,15.03
broadband is not available in the area,Greece,2013,0.85
access elsewhere,Greece,2013,6.01
equipment costs are too high,Greece,2013,20.98
"access not needed (content is not useful, interesting, etc.)",Greece,2013,37.25
other reasons,Greece,2013,3.24
privacy or security concerns,Greece,2013,2.93
lack of skills,Greece,2013,49.64
"access costs are too high (telephone, etc.)",Hungary,2013,40.49
broadband is not available in the area,Hungary,2013,2.84
access elsewhere,Hungary,2013,17.89
equipment costs are too high,Hungary,2013,49.97
"access not needed (content is not useful, interesting, etc.)",Hungary,2013,63.59
other reasons,Hungary,2013,8.99
privacy or security concerns,Hungary,2013,10.05
lack of skills,Hungary,2013,46.34
"access costs are too high (telephone, etc.)",Ireland,2013,17.47
broadband is not available in the area,Ireland,2013,2.99
access elsewhere,Ireland,2013,11.65
equipment costs are too high,Ireland,2013,17.58
"access not needed (content is not useful, interesting, etc.)",Ireland,2013,39.66
other reasons,Ireland,2013,6.38
privacy or security concerns,Ireland,2013,3.01
lack of skills,Ireland,2013,39.03
"access costs are too high (telephone, etc.)",Latvia,2013,22.74
broadband is not available in the area,Latvia,2013,1.46
access elsewhere,Latvia,2013,22.58
equipment costs are too high,Latvia,2013,36.48
"access not needed (content is not useful, interesting, etc.)",Latvia,2013,47.7
other reasons,Latvia,2013,3.57
privacy or security concerns,Latvia,2013,0.86
lack of skills,Latvia,2013,34.55
"access costs are too high (telephone, etc.)",Lithuania,2013,19.91
broadband is not available in the area,Lithuania,2013,0.95
access elsewhere,Lithuania,2013,8.46
equipment costs are too high,Lithuania,2013,20.48
"access not needed (content is not useful, interesting, etc.)",Lithuania,2013,63.64
other reasons,Lithuania,2013,1.81
privacy or security concerns,Lithuania,2013,1.76
lack of skills,Lithuania,2013,17.61
"access costs are too high (telephone, etc.)",Luxembourg,2013,2.68
broadband is not available in the area,Luxembourg,2013,1.34
access elsewhere,Luxembourg,2013,7.09
equipment costs are too high,Luxembourg,2013,2.68
"access not needed (content is not useful, interesting, etc.)",Luxembourg,2013,68.23
other reasons,Luxembourg,2013,17.79
privacy or security concerns,Luxembourg,2013,9.97
lack of skills,Luxembourg,2013,18.4
"access costs are too high (telephone, etc.)",Malta,2013,2.24
access elsewhere,Malta,2013,4.56
equipment costs are too high,Malta,2013,4.91
"access not needed (content is not useful, interesting, etc.)",Malta,2013,53.46
other reasons,Malta,2013,10.6
privacy or security concerns,Malta,2013,1.94
lack of skills,Malta,2013,54.01
"access costs are too high (telephone, etc.)",Netherlands,2013,14.79
broadband is not available in the area,Netherlands,2013,0.29
access elsewhere,Netherlands,2013,7.4
equipment costs are too high,Netherlands,2013,13.55
"access not needed (content is not useful, interesting, etc.)",Netherlands,2013,62.84
other reasons,Netherlands,2013,12.1
privacy or security concerns,Netherlands,2013,7.58
lack of skills,Netherlands,2013,20.01
"access costs are too high (telephone, etc.)",Poland,2013,21.87
broadband is not available in the area,Poland,2013,2.17
access elsewhere,Poland,2013,3.77
equipment costs are too high,Poland,2013,27.98
"access not needed (content is not useful, interesting, etc.)",Poland,2013,64.87
other reasons,Poland,2013,14.73
privacy or security concerns,Poland,2013,1.38
lack of skills,Poland,2013,35.75
"access costs are too high (telephone, etc.)",Portugal,2013,48.9
broadband is not available in the area,Portugal,2013,4.65
access elsewhere,Portugal,2013,10.78
equipment costs are too high,Portugal,2013,49.24
"access not needed (content is not useful, interesting, etc.)",Portugal,2013,54.4
other reasons,Portugal,2013,8.28
privacy or security concerns,Portugal,2013,13.58
lack of skills,Portugal,2013,62.18
"access costs are too high (telephone, etc.)",Romania,2013,30.33
broadband is not available in the area,Romania,2013,1.93
access elsewhere,Romania,2013,9.63
equipment costs are too high,Romania,2013,42.16
"access not needed (content is not useful, interesting, etc.)",Romania,2013,29.52
other reasons,Romania,2013,9.89
privacy or security concerns,Romania,2013,0.78
lack of skills,Romania,2013,38.12
"access costs are too high (telephone, etc.)",Slovakia,2013,19.45
access elsewhere,Slovakia,2013,20.07
equipment costs are too high,Slovakia,2013,22.21
"access not needed (content is not useful, interesting, etc.)",Slovakia,2013,51.8
other reasons,Slovakia,2013,5.63
privacy or security concerns,Slovakia,2013,4.76
lack of skills,Slovakia,2013,44.5
"access costs are too high (telephone, etc.)",Slovenia,2013,50.9
broadband is not available in the area,Slovenia,2013,17.83
access elsewhere,Slovenia,2013,8.14
equipment costs are too high,Slovenia,2013,51.81
"access not needed (content is not useful, interesting, etc.)",Slovenia,2013,77.1
other reasons,Slovenia,2013,16.47
privacy or security concerns,Slovenia,2013,24.9
lack of skills,Slovenia,2013,63.32
"access costs are too high (telephone, etc.)",Spain,2013,29.17
broadband is not available in the area,Spain,2013,2.1
access elsewhere,Spain,2013,11.69
equipment costs are too high,Spain,2013,31.85
"access not needed (content is not useful, interesting, etc.)",Spain,2013,65.21
other reasons,Spain,2013,9.07
privacy or security concerns,Spain,2013,3.08
lack of skills,Spain,2013,36.17
"access costs are too high (telephone, etc.)",Sweden,2013,24.77
broadband is not available in the area,Sweden,2013,2.34
access elsewhere,Sweden,2013,31.85
equipment costs are too high,Sweden,2013,26.83
"access not needed (content is not useful, interesting, etc.)",Sweden,2013,55.55
other reasons,Sweden,2013,56.32
privacy or security concerns,Sweden,2013,18.25
lack of skills,Sweden,2013,24.75
"access costs are too high (telephone, etc.)",United Kingdom,2013,11.79
broadband is not available in the area,United Kingdom,2013,0.1
access elsewhere,United Kingdom,2013,12.68
equipment costs are too high,United Kingdom,2013,4.92
"access not needed (content is not useful, interesting, etc.)",United Kingdom,2013,18.56
other reasons,United Kingdom,2013,6.29
privacy or security concerns,United Kingdom,2013,3.21
lack of skills,United Kingdom,2013,14.06
"access costs are too high (telephone, etc.)",Austria,2014,12.0
broadband is not available in the area,Austria,2014,1.17
access elsewhere,Austria,2014,16.93
equipment costs are too high,Austria,2014,12.17
"access not needed (content is not useful, interesting, etc.)",Austria,2014,73.42
other reasons,Austria,2014,6.3
privacy or security concerns,Austria,2014,9.75
lack of skills,Austria,2014,21.01
"access costs are too high (telephone, etc.)",Belgium,2014,20.75
broadband is not available in the area,Belgium,2014,0.62
access elsewhere,Belgium,2014,11.03
equipment costs are too high,Belgium,2014,25.32
"access not needed (content is not useful, interesting, etc.)",Belgium,2014,43.68
other reasons,Belgium,2014,23.55
privacy or security concerns,Belgium,2014,8.23
lack of skills,Belgium,2014,28.8
"access costs are too high (telephone, etc.)",Bulgaria,2014,25.37
broadband is not available in the area,Bulgaria,2014,0.66
access elsewhere,Bulgaria,2014,3.96
equipment costs are too high,Bulgaria,2014,37.41
"access not needed (content is not useful, interesting, etc.)",Bulgaria,2014,46.01
other reasons,Bulgaria,2014,6.38
privacy or security concerns,Bulgaria,2014,1.23
lack of skills,Bulgaria,2014,51.17
"access costs are too high (telephone, etc.)",Croatia,2014,26.67
broadband is not available in the area,Croatia,2014,3.63
access elsewhere,Croatia,2014,8.13
equipment costs are too high,Croatia,2014,23.92
"access not needed (content is not useful, interesting, etc.)",Croatia,2014,61.95
other reasons,Croatia,2014,10.41
privacy or security concerns,Croatia,2014,5.39
lack of skills,Croatia,2014,20.78
"access costs are too high (telephone, etc.)",Cyprus,2014,30.54
broadband is not available in the area,Cyprus,2014,0.17
access elsewhere,Cyprus,2014,20.8
equipment costs are too high,Cyprus,2014,14.86
"access not needed (content is not useful, interesting, etc.)",Cyprus,2014,36.2
other reasons,Cyprus,2014,2.04
privacy or security concerns,Cyprus,2014,1.15
lack of skills,Cyprus,2014,70.17
"access costs are too high (telephone, etc.)",Denmark,2014,9.44
broadband is not available in the area,Denmark,2014,2.3
access elsewhere,Denmark,2014,18.14
equipment costs are too high,Denmark,2014,15.14
"access not needed (content is not useful, interesting, etc.)",Denmark,2014,31.67
other reasons,Denmark,2014,21.65
privacy or security concerns,Denmark,2014,6.67
lack of skills,Denmark,2014,24.92
"access costs are too high (telephone, etc.)",EU-27(from 2020),2014,24.61
broadband is not available in the area,EU-27(from 2020),2014,2.8
access elsewhere,EU-27(from 2020),2014,12.77
equipment costs are too high,EU-27(from 2020),2014,28.12
"access not needed (content is not useful, interesting, etc.)",EU-27(from 2020),2014,44.99
other reasons,EU-27(from 2020),2014,12.05
privacy or security concerns,EU-27(from 2020),2014,9.17
lack of skills,EU-27(from 2020),2014,41.42
"access costs are too high (telephone, etc.)",EU-28(2013-2020),2014,24.08
broadband is not available in the area,EU-28(2013-2020),2014,2.67
access elsewhere,EU-28(2013-2020),2014,12.82
equipment costs are too high,EU-28(2013-2020),2014,27.23
"access not needed (content is not useful, interesting, etc.)",EU-28(2013-2020),2014,44.89
other reasons,EU-28(2013-2020),2014,11.38
privacy or security concerns,EU-28(2013-2020),2014,9.04
lack of skills,EU-28(2013-2020),2014,40.68
"access costs are too high (telephone, etc.)",Estonia,2014,15.51
broadband is not available in the area,Estonia,2014,1.36
access elsewhere,Estonia,2014,21.07
equipment costs are too high,Estonia,2014,25.1
"access not needed (content is not useful, interesting, etc.)",Estonia,2014,66.95
other reasons,Estonia,2014,5.54
privacy or security concerns,Estonia,2014,1.29
lack of skills,Estonia,2014,34.2
"access costs are too high (telephone, etc.)",Finland,2014,26.94
broadband is not available in the area,Finland,2014,10.15
access elsewhere,Finland,2014,28.34
equipment costs are too high,Finland,2014,34.24
"access not needed (content is not useful, interesting, etc.)",Finland,2014,69.76
other reasons,Finland,2014,15.78
privacy or security concerns,Finland,2014,25.91
lack of skills,Finland,2014,54.79
"access costs are too high (telephone, etc.)",France,2014,33.58
broadband is not available in the area,France,2014,5.57
access elsewhere,France,2014,15.51
equipment costs are too high,France,2014,37.04
"access not needed (content is not useful, interesting, etc.)",France,2014,25.47
other reasons,France,2014,27.26
privacy or security concerns,France,2014,21.74
lack of skills,France,2014,32.31
"access costs are too high (telephone, etc.)",Germany,2014,25.24
broadband is not available in the area,Germany,2014,3.31
access elsewhere,Germany,2014,21.45
equipment costs are too high,Germany,2014,28.18
"access not needed (content is not useful, interesting, etc.)",Germany,2014,59.88
other reasons,Germany,2014,3.84
privacy or security concerns,Germany,2014,26.09
lack of skills,Germany,2014,34.78
"access costs are too high (telephone, etc.)",Greece,2014,12.63
broadband is not available in the area,Greece,2014,1.4
access elsewhere,Greece,2014,5.76
equipment costs are too high,Greece,2014,18.54
"access not needed (content is not useful, interesting, etc.)",Greece,2014,26.19
other reasons,Greece,2014,11.13
privacy or security concerns,Greece,2014,2.02
lack of skills,Greece,2014,55.26
"access costs are too high (telephone, etc.)",Hungary,2014,39.61
broadband is not available in the area,Hungary,2014,3.24
access elsewhere,Hungary,2014,16.04
equipment costs are too high,Hungary,2014,49.52
"access not needed (content is not useful, interesting, etc.)",Hungary,2014,64.9
other reasons,Hungary,2014,7.49
privacy or security concerns,Hungary,2014,11.45
lack of skills,Hungary,2014,50.04
"access costs are too high (telephone, etc.)",Ireland,2014,12.24
broadband is not available in the area,Ireland,2014,3.61
access elsewhere,Ireland,2014,11.0
equipment costs are too high,Ireland,2014,12.87
"access not needed (content is not useful, interesting, etc.)",Ireland,2014,42.25
other reasons,Ireland,2014,8.56
privacy or security concerns,Ireland,2014,2.74
lack of skills,Ireland,2014,39.05
"access costs are too high (telephone, etc.)",Italy,2014,15.48
broadband is not available in the area,Italy,2014,1.9
access elsewhere,Italy,2014,12.48
equipment costs are too high,Italy,2014,12.63
"access not needed (content is not useful, interesting, etc.)",Italy,2014,24.6
other reasons,Italy,2014,5.77
privacy or security concerns,Italy,2014,2.59
lack of skills,Italy,2014,46.13
"access costs are too high (telephone, etc.)",Latvia,2014,19.17
broadband is not available in the area,Latvia,2014,3.12
access elsewhere,Latvia,2014,19.92
equipment costs are too high,Latvia,2014,31.39
"access not needed (content is not useful, interesting, etc.)",Latvia,2014,46.79
other reasons,Latvia,2014,2.67
privacy or security concerns,Latvia,2014,1.26
lack of skills,Latvia,2014,36.96
"access costs are too high (telephone, etc.)",Lithuania,2014,19.01
broadband is not available in the area,Lithuania,2014,1.8
access elsewhere,Lithuania,2014,9.66
equipment costs are too high,Lithuania,2014,19.11
"access not needed (content is not useful, interesting, etc.)",Lithuania,2014,64.74
other reasons,Lithuania,2014,1.33
privacy or security concerns,Lithuania,2014,0.54
lack of skills,Lithuania,2014,15.26
"access costs are too high (telephone, etc.)",Luxembourg,2014,6.31
access elsewhere,Luxembourg,2014,22.24
equipment costs are too high,Luxembourg,2014,7.64
"access not needed (content is not useful, interesting, etc.)",Luxembourg,2014,59.52
other reasons,Luxembourg,2014,8.89
privacy or security concerns,Luxembourg,2014,21.68
lack of skills,Luxembourg,2014,22.51
"access costs are too high (telephone, etc.)",Malta,2014,13.17
access elsewhere,Malta,2014,9.26
equipment costs are too high,Malta,2014,9.25
"access not needed (content is not useful, interesting, etc.)",Malta,2014,58.63
other reasons,Malta,2014,11.21
privacy or security concerns,Malta,2014,2.56
lack of skills,Malta,2014,51.26
"access costs are too high (telephone, etc.)",Netherlands,2014,15.29
broadband is not available in the area,Netherlands,2014,2.11
access elsewhere,Netherlands,2014,14.5
equipment costs are too high,Netherlands,2014,13.65
"access not needed (content is not useful, interesting, etc.)",Netherlands,2014,58.02
other reasons,Netherlands,2014,20.85
privacy or security concerns,Netherlands,2014,16.72
lack of skills,Netherlands,2014,25.95
"access costs are too high (telephone, etc.)",Poland,2014,22.36
broadband is not available in the area,Poland,2014,2.17
access elsewhere,Poland,2014,4.17
equipment costs are too high,Poland,2014,28.7
"access not needed (content is not useful, interesting, etc.)",Poland,2014,59.06
other reasons,Poland,2014,16.05
privacy or security concerns,Poland,2014,2.31
lack of skills,Poland,2014,44.82
"access costs are too high (telephone, etc.)",Portugal,2014,41.19
broadband is not available in the area,Portugal,2014,4.08
access elsewhere,Portugal,2014,10.92
equipment costs are too high,Portugal,2014,41.93
"access not needed (content is not useful, interesting, etc.)",Portugal,2014,44.24
other reasons,Portugal,2014,6.18
privacy or security concerns,Portugal,2014,13.59
lack of skills,Portugal,2014,65.32
"access costs are too high (telephone, etc.)",Romania,2014,29.08
broadband is not available in the area,Romania,2014,0.91
access elsewhere,Romania,2014,11.67
equipment costs are too high,Romania,2014,42.37
"access not needed (content is not useful, interesting, etc.)",Romania,2014,33.0
other reasons,Romania,2014,8.69
privacy or security concerns,Romania,2014,0.73
lack of skills,Romania,2014,43.16
"access costs are too high (telephone, etc.)",Slovakia,2014,13.92
broadband is not available in the area,Slovakia,2014,0.4
access elsewhere,Slovakia,2014,16.98
equipment costs are too high,Slovakia,2014,16.42
"access not needed (content is not useful, interesting, etc.)",Slovakia,2014,49.84
other reasons,Slovakia,2014,8.89
privacy or security concerns,Slovakia,2014,5.61
lack of skills,Slovakia,2014,49.61
"access costs are too high (telephone, etc.)",Slovenia,2014,44.9
broadband is not available in the area,Slovenia,2014,12.61
access elsewhere,Slovenia,2014,8.99
equipment costs are too high,Slovenia,2014,47.16
"access not needed (content is not useful, interesting, etc.)",Slovenia,2014,68.52
other reasons,Slovenia,2014,13.88
privacy or security concerns,Slovenia,2014,23.78
lack of skills,Slovenia,2014,62.01
"access costs are too high (telephone, etc.)",Spain,2014,28.75
broadband is not available in the area,Spain,2014,3.09
access elsewhere,Spain,2014,12.68
equipment costs are too high,Spain,2014,31.0
"access not needed (content is not useful, interesting, etc.)",Spain,2014,60.63
other reasons,Spain,2014,15.4
privacy or security concerns,Spain,2014,4.44
lack of skills,Spain,2014,38.64
"access costs are too high (telephone, etc.)",Sweden,2014,24.68
broadband is not available in the area,Sweden,2014,7.12
access elsewhere,Sweden,2014,22.42
equipment costs are too high,Sweden,2014,22.12
"access not needed (content is not useful, interesting, etc.)",Sweden,2014,67.93
other reasons,Sweden,2014,38.31
privacy or security concerns,Sweden,2014,22.97
lack of skills,Sweden,2014,48.04
"access costs are too high (telephone, etc.)",United Kingdom,2014,16.49
broadband is not available in the area,United Kingdom,2014,0.85
access elsewhere,United Kingdom,2014,13.53
equipment costs are too high,United Kingdom,2014,14.58
"access not needed (content is not useful, interesting, etc.)",United Kingdom,2014,43.49
other reasons,United Kingdom,2014,1.79
privacy or security concerns,United Kingdom,2014,7.07
lack of skills,United Kingdom,2014,30.08
"access costs are too high (telephone, etc.)",Austria,2015,9.37
broadband is not available in the area,Austria,2015,1.52
access elsewhere,Austria,2015,13.76
equipment costs are too high,Austria,2015,10.47
"access not needed (content is not useful, interesting, etc.)",Austria,2015,78.49
other reasons,Austria,2015,4.84
privacy or security concerns,Austria,2015,9.14
lack of skills,Austria,2015,20.97
"access costs are too high (telephone, etc.)",Belgium,2015,19.0
broadband is not available in the area,Belgium,2015,0.55
access elsewhere,Belgium,2015,10.89
equipment costs are too high,Belgium,2015,25.36
"access not needed (content is not useful, interesting, etc.)",Belgium,2015,44.37
other reasons,Belgium,2015,20.25
privacy or security concerns,Belgium,2015,7.83
lack of skills,Belgium,2015,31.2
"access costs are too high (telephone, etc.)",Bulgaria,2015,24.37
broadband is not available in the area,Bulgaria,2015,1.5
access elsewhere,Bulgaria,2015,3.9
equipment costs are too high,Bulgaria,2015,29.92
"access not needed (content is not useful, interesting, etc.)",Bulgaria,2015,43.74
other reasons,Bulgaria,2015,6.03
privacy or security concerns,Bulgaria,2015,1.14
lack of skills,Bulgaria,2015,51.59
"access costs are too high (telephone, etc.)",Croatia,2015,38.53
broadband is not available in the area,Croatia,2015,3.26
access elsewhere,Croatia,2015,12.52
equipment costs are too high,Croatia,2015,35.18
"access not needed (content is not useful, interesting, etc.)",Croatia,2015,69.09
other reasons,Croatia,2015,3.74
privacy or security concerns,Croatia,2015,13.6
lack of skills,Croatia,2015,41.45
"access costs are too high (telephone, etc.)",Cyprus,2015,47.8
broadband is not available in the area,Cyprus,2015,1.86
access elsewhere,Cyprus,2015,17.76
equipment costs are too high,Cyprus,2015,48.33
"access not needed (content is not useful, interesting, etc.)",Cyprus,2015,59.32
other reasons,Cyprus,2015,14.33
privacy or security concerns,Cyprus,2015,7.13
lack of skills,Cyprus,2015,52.92
"access costs are too high (telephone, etc.)",Denmark,2015,8.21
broadband is not available in the area,Denmark,2015,4.13
access elsewhere,Denmark,2015,20.11
equipment costs are too high,Denmark,2015,10.65
"access not needed (content is not useful, interesting, etc.)",Denmark,2015,31.68
other reasons,Denmark,2015,17.1
privacy or security concerns,Denmark,2015,5.69
lack of skills,Denmark,2015,25.05
"access costs are too high (telephone, etc.)",EU-27(from 2020),2015,23.05
broadband is not available in the area,EU-27(from 2020),2015,3.05
access elsewhere,EU-27(from 2020),2015,11.95
equipment costs are too high,EU-27(from 2020),2015,27.06
"access not needed (content is not useful, interesting, etc.)",EU-27(from 2020),2015,46.14
other reasons,EU-27(from 2020),2015,11.15
privacy or security concerns,EU-27(from 2020),2015,9.43
lack of skills,EU-27(from 2020),2015,41.62
"access costs are too high (telephone, etc.)",EU-28(2013-2020),2015,22.58
broadband is not available in the area,EU-28(2013-2020),2015,2.93
access elsewhere,EU-28(2013-2020),2015,11.95
equipment costs are too high,EU-28(2013-2020),2015,26.51
"access not needed (content is not useful, interesting, etc.)",EU-28(2013-2020),2015,45.97
other reasons,EU-28(2013-2020),2015,11.33
privacy or security concerns,EU-28(2013-2020),2015,9.14
lack of skills,EU-28(2013-2020),2015,40.67
"access costs are too high (telephone, etc.)",Estonia,2015,13.7
broadband is not available in the area,Estonia,2015,3.26
access elsewhere,Estonia,2015,17.5
equipment costs are too high,Estonia,2015,24.92
"access not needed (content is not useful, interesting, etc.)",Estonia,2015,69.71
other reasons,Estonia,2015,2.8
privacy or security concerns,Estonia,2015,2.6
lack of skills,Estonia,2015,25.5
"access costs are too high (telephone, etc.)",Finland,2015,22.36
broadband is not available in the area,Finland,2015,6.35
access elsewhere,Finland,2015,23.74
equipment costs are too high,Finland,2015,23.6
"access not needed (content is not useful, interesting, etc.)",Finland,2015,75.21
other reasons,Finland,2015,9.4
privacy or security concerns,Finland,2015,25.33
lack of skills,Finland,2015,56.14
"access costs are too high (telephone, etc.)",France,2015,29.0
broadband is not available in the area,France,2015,4.77
access elsewhere,France,2015,12.14
equipment costs are too high,France,2015,33.49
"access not needed (content is not useful, interesting, etc.)",France,2015,24.82
other reasons,France,2015,22.36
privacy or security concerns,France,2015,19.89
lack of skills,France,2015,27.95
"access costs are too high (telephone, etc.)",Germany,2015,25.76
broadband is not available in the area,Germany,2015,5.34
access elsewhere,Germany,2015,21.75
equipment costs are too high,Germany,2015,28.97
"access not needed (content is not useful, interesting, etc.)",Germany,2015,58.31
other reasons,Germany,2015,5.63
privacy or security concerns,Germany,2015,26.1
lack of skills,Germany,2015,32.6
"access costs are too high (telephone, etc.)",Greece,2015,11.89
broadband is not available in the area,Greece,2015,1.22
access elsewhere,Greece,2015,6.33
equipment costs are too high,Greece,2015,21.68
"access not needed (content is not useful, interesting, etc.)",Greece,2015,25.93
other reasons,Greece,2015,8.16
privacy or security concerns,Greece,2015,2.6
lack of skills,Greece,2015,60.74
"access costs are too high (telephone, etc.)",Hungary,2015,50.42
broadband is not available in the area,Hungary,2015,5.52
access elsewhere,Hungary,2015,16.93
equipment costs are too high,Hungary,2015,57.97
"access not needed (content is not useful, interesting, etc.)",Hungary,2015,68.39
other reasons,Hungary,2015,10.93
privacy or security concerns,Hungary,2015,18.77
lack of skills,Hungary,2015,61.76
"access costs are too high (telephone, etc.)",Ireland,2015,12.87
broadband is not available in the area,Ireland,2015,4.87
access elsewhere,Ireland,2015,8.26
equipment costs are too high,Ireland,2015,15.24
"access not needed (content is not useful, interesting, etc.)",Ireland,2015,43.06
other reasons,Ireland,2015,8.16
privacy or security concerns,Ireland,2015,3.56
lack of skills,Ireland,2015,43.94
"access costs are too high (telephone, etc.)",Italy,2015,14.16
broadband is not available in the area,Italy,2015,2.32
access elsewhere,Italy,2015,12.54
equipment costs are too high,Italy,2015,12.25
"access not needed (content is not useful, interesting, etc.)",Italy,2015,24.65
other reasons,Italy,2015,5.86
privacy or security concerns,Italy,2015,3.15
lack of skills,Italy,2015,46.28
"access costs are too high (telephone, etc.)",Latvia,2015,16.49
broadband is not available in the area,Latvia,2015,1.32
access elsewhere,Latvia,2015,20.6
equipment costs are too high,Latvia,2015,24.89
"access not needed (content is not useful, interesting, etc.)",Latvia,2015,51.46
other reasons,Latvia,2015,2.4
privacy or security concerns,Latvia,2015,0.15
lack of skills,Latvia,2015,33.9
"access costs are too high (telephone, etc.)",Lithuania,2015,23.76
broadband is not available in the area,Lithuania,2015,1.81
access elsewhere,Lithuania,2015,7.62
equipment costs are too high,Lithuania,2015,25.38
"access not needed (content is not useful, interesting, etc.)",Lithuania,2015,67.12
other reasons,Lithuania,2015,1.48
privacy or security concerns,Lithuania,2015,1.06
lack of skills,Lithuania,2015,34.49
"access costs are too high (telephone, etc.)",Luxembourg,2015,16.5
access elsewhere,Luxembourg,2015,33.01
equipment costs are too high,Luxembourg,2015,11.0
"access not needed (content is not useful, interesting, etc.)",Luxembourg,2015,61.13
other reasons,Luxembourg,2015,11.36
privacy or security concerns,Luxembourg,2015,27.51
lack of skills,Luxembourg,2015,11.0
"access costs are too high (telephone, etc.)",Malta,2015,14.62
broadband is not available in the area,Malta,2015,1.81
access elsewhere,Malta,2015,9.83
equipment costs are too high,Malta,2015,12.29
"access not needed (content is not useful, interesting, etc.)",Malta,2015,54.25
other reasons,Malta,2015,16.97
privacy or security concerns,Malta,2015,4.62
lack of skills,Malta,2015,73.72
"access costs are too high (telephone, etc.)",Netherlands,2015,17.3
broadband is not available in the area,Netherlands,2015,8.96
access elsewhere,Netherlands,2015,23.9
equipment costs are too high,Netherlands,2015,24.87
"access not needed (content is not useful, interesting, etc.)",Netherlands,2015,64.08
other reasons,Netherlands,2015,25.0
privacy or security concerns,Netherlands,2015,25.42
lack of skills,Netherlands,2015,33.37
"access costs are too high (telephone, etc.)",Poland,2015,19.23
broadband is not available in the area,Poland,2015,1.94
access elsewhere,Poland,2015,3.67
equipment costs are too high,Poland,2015,27.13
"access not needed (content is not useful, interesting, etc.)",Poland,2015,62.96
other reasons,Poland,2015,16.33
privacy or security concerns,Poland,2015,3.48
lack of skills,Poland,2015,49.53
"access costs are too high (telephone, etc.)",Portugal,2015,40.14
broadband is not available in the area,Portugal,2015,3.31
access elsewhere,Portugal,2015,10.34
equipment costs are too high,Portugal,2015,39.87
"access not needed (content is not useful, interesting, etc.)",Portugal,2015,44.79
other reasons,Portugal,2015,6.62
privacy or security concerns,Portugal,2015,13.35
lack of skills,Portugal,2015,65.39
"access costs are too high (telephone, etc.)",Romania,2015,24.34
broadband is not available in the area,Romania,2015,1.63
access elsewhere,Romania,2015,10.27
equipment costs are too high,Romania,2015,36.26
"access not needed (content is not useful, interesting, etc.)",Romania,2015,38.17
other reasons,Romania,2015,7.07
privacy or security concerns,Romania,2015,1.26
lack of skills,Romania,2015,42.13
"access costs are too high (telephone, etc.)",Slovakia,2015,10.49
broadband is not available in the area,Slovakia,2015,0.41
access elsewhere,Slovakia,2015,15.2
equipment costs are too high,Slovakia,2015,13.32
"access not needed (content is not useful, interesting, etc.)",Slovakia,2015,55.71
other reasons,Slovakia,2015,9.38
privacy or security concerns,Slovakia,2015,6.35
lack of skills,Slovakia,2015,50.29
"access costs are too high (telephone, etc.)",Slovenia,2015,25.06
broadband is not available in the area,Slovenia,2015,3.33
access elsewhere,Slovenia,2015,5.59
equipment costs are too high,Slovenia,2015,28.2
"access not needed (content is not useful, interesting, etc.)",Slovenia,2015,61.0
other reasons,Slovenia,2015,15.7
privacy or security concerns,Slovenia,2015,6.67
lack of skills,Slovenia,2015,29.09
"access costs are too high (telephone, etc.)",Spain,2015,26.67
broadband is not available in the area,Spain,2015,2.74
access elsewhere,Spain,2015,11.18
equipment costs are too high,Spain,2015,29.15
"access not needed (content is not useful, interesting, etc.)",Spain,2015,66.45
other reasons,Spain,2015,14.25
privacy or security concerns,Spain,2015,3.35
lack of skills,Spain,2015,40.3
"access costs are too high (telephone, etc.)",Sweden,2015,14.07
broadband is not available in the area,Sweden,2015,0.71
access elsewhere,Sweden,2015,18.65
equipment costs are too high,Sweden,2015,17.85
"access not needed (content is not useful, interesting, etc.)",Sweden,2015,48.54
other reasons,Sweden,2015,13.92
privacy or security concerns,Sweden,2015,4.93
lack of skills,Sweden,2015,22.85
"access costs are too high (telephone, etc.)",United Kingdom,2015,15.61
broadband is not available in the area,United Kingdom,2015,1.21
access elsewhere,United Kingdom,2015,11.98
equipment costs are too high,United Kingdom,2015,18.4
"access not needed (content is not useful, interesting, etc.)",United Kingdom,2015,43.48
other reasons,United Kingdom,2015,14.03
privacy or security concerns,United Kingdom,2015,4.79
lack of skills,United Kingdom,2015,26.46
"access costs are too high (telephone, etc.)",Austria,2016,12.62
broadband is not available in the area,Austria,2016,2.13
access elsewhere,Austria,2016,11.69
equipment costs are too high,Austria,2016,11.45
"access not needed (content is not useful, interesting, etc.)",Austria,2016,78.7
other reasons,Austria,2016,3.38
privacy or security concerns,Austria,2016,5.2
lack of skills,Austria,2016,19.49
"access costs are too high (telephone, etc.)",Belgium,2016,20.24
broadband is not available in the area,Belgium,2016,0.62
access elsewhere,Belgium,2016,11.04
equipment costs are too high,Belgium,2016,24.83
"access not needed (content is not useful, interesting, etc.)",Belgium,2016,42.09
other reasons,Belgium,2016,18.96
privacy or security concerns,Belgium,2016,8.04
lack of skills,Belgium,2016,29.17
"access costs are too high (telephone, etc.)",Bulgaria,2016,25.25
broadband is not available in the area,Bulgaria,2016,1.06
access elsewhere,Bulgaria,2016,4.23
equipment costs are too high,Bulgaria,2016,32.14
"access not needed (content is not useful, interesting, etc.)",Bulgaria,2016,42.52
other reasons,Bulgaria,2016,7.36
privacy or security concerns,Bulgaria,2016,0.72
lack of skills,Bulgaria,2016,49.52
"access costs are too high (telephone, etc.)",Croatia,2016,51.06
broadband is not available in the area,Croatia,2016,15.15
access elsewhere,Croatia,2016,12.25
equipment costs are too high,Croatia,2016,48.15
"access not needed (content is not useful, interesting, etc.)",Croatia,2016,53.14
other reasons,Croatia,2016,12.39
privacy or security concerns,Croatia,2016,11.77
lack of skills,Croatia,2016,54.78
"access costs are too high (telephone, etc.)",Cyprus,2016,25.51
broadband is not available in the area,Cyprus,2016,2.36
access elsewhere,Cyprus,2016,16.48
equipment costs are too high,Cyprus,2016,25.52
"access not needed (content is not useful, interesting, etc.)",Cyprus,2016,60.0
other reasons,Cyprus,2016,12.4
privacy or security concerns,Cyprus,2016,5.19
lack of skills,Cyprus,2016,56.28
"access costs are too high (telephone, etc.)",Denmark,2016,10.04
broadband is not available in the area,Denmark,2016,3.22
access elsewhere,Denmark,2016,23.14
equipment costs are too high,Denmark,2016,12.54
"access not needed (content is not useful, interesting, etc.)",Denmark,2016,31.23
other reasons,Denmark,2016,16.56
privacy or security concerns,Denmark,2016,3.1
lack of skills,Denmark,2016,16.96
"access costs are too high (telephone, etc.)",EU-27(from 2020),2016,22.63
broadband is not available in the area,EU-27(from 2020),2016,3.3
access elsewhere,EU-27(from 2020),2016,11.17
equipment costs are too high,EU-27(from 2020),2016,27.04
"access not needed (content is not useful, interesting, etc.)",EU-27(from 2020),2016,46.26
other reasons,EU-27(from 2020),2016,11.06
privacy or security concerns,EU-27(from 2020),2016,9.08
lack of skills,EU-27(from 2020),2016,43.27
"access costs are too high (telephone, etc.)",EU-28(2013-2020),2016,22.0
broadband is not available in the area,EU-28(2013-2020),2016,3.3
access elsewhere,EU-28(2013-2020),2016,11.24
equipment costs are too high,EU-28(2013-2020),2016,26.39
"access not needed (content is not useful, interesting, etc.)",EU-28(2013-2020),2016,46.51
other reasons,EU-28(2013-2020),2016,11.37
privacy or security concerns,EU-28(2013-2020),2016,8.88
lack of skills,EU-28(2013-2020),2016,42.17
"access costs are too high (telephone, etc.)",Estonia,2016,16.04
broadband is not available in the area,Estonia,2016,1.95
access elsewhere,Estonia,2016,15.58
equipment costs are too high,Estonia,2016,19.31
"access not needed (content is not useful, interesting, etc.)",Estonia,2016,74.53
other reasons,Estonia,2016,5.41
privacy or security concerns,Estonia,2016,3.14
lack of skills,Estonia,2016,31.15
"access costs are too high (telephone, etc.)",Finland,2016,15.47
broadband is not available in the area,Finland,2016,7.89
access elsewhere,Finland,2016,20.3
equipment costs are too high,Finland,2016,22.58
"access not needed (content is not useful, interesting, etc.)",Finland,2016,69.23
other reasons,Finland,2016,22.26
privacy or security concerns,Finland,2016,31.72
lack of skills,Finland,2016,57.47
"access costs are too high (telephone, etc.)",France,2016,32.0
broadband is not available in the area,France,2016,5.45
access elsewhere,France,2016,11.18
equipment costs are too high,France,2016,38.28
"access not needed (content is not useful, interesting, etc.)",France,2016,24.37
other reasons,France,2016,19.52
privacy or security concerns,France,2016,19.56
lack of skills,France,2016,30.39
"access costs are too high (telephone, etc.)",Germany,2016,25.97
broadband is not available in the area,Germany,2016,3.77
access elsewhere,Germany,2016,19.38
equipment costs are too high,Germany,2016,28.07
"access not needed (content is not useful, interesting, etc.)",Germany,2016,60.63
other reasons,Germany,2016,3.64
privacy or security concerns,Germany,2016,23.45
lack of skills,Germany,2016,35.72
"access costs are too high (telephone, etc.)",Greece,2016,11.19
broadband is not available in the area,Greece,2016,1.81
access elsewhere,Greece,2016,6.4
equipment costs are too high,Greece,2016,19.91
"access not needed (content is not useful, interesting, etc.)",Greece,2016,25.53
other reasons,Greece,2016,7.31
privacy or security concerns,Greece,2016,1.84
lack of skills,Greece,2016,64.43
"access costs are too high (telephone, etc.)",Hungary,2016,48.21
broadband is not available in the area,Hungary,2016,6.26
access elsewhere,Hungary,2016,17.81
equipment costs are too high,Hungary,2016,55.14
"access not needed (content is not useful, interesting, etc.)",Hungary,2016,63.37
other reasons,Hungary,2016,14.97
privacy or security concerns,Hungary,2016,22.59
lack of skills,Hungary,2016,61.39
"access costs are too high (telephone, etc.)",Ireland,2016,8.02
broadband is not available in the area,Ireland,2016,6.42
access elsewhere,Ireland,2016,8.84
equipment costs are too high,Ireland,2016,11.89
"access not needed (content is not useful, interesting, etc.)",Ireland,2016,37.59
other reasons,Ireland,2016,11.87
privacy or security concerns,Ireland,2016,3.38
lack of skills,Ireland,2016,39.53
"access costs are too high (telephone, etc.)",Italy,2016,12.79
broadband is not available in the area,Italy,2016,3.01
access elsewhere,Italy,2016,12.82
equipment costs are too high,Italy,2016,13.21
"access not needed (content is not useful, interesting, etc.)",Italy,2016,24.26
other reasons,Italy,2016,6.12
privacy or security concerns,Italy,2016,2.77
lack of skills,Italy,2016,44.99
"access costs are too high (telephone, etc.)",Latvia,2016,17.34
broadband is not available in the area,Latvia,2016,1.3
access elsewhere,Latvia,2016,13.18
equipment costs are too high,Latvia,2016,26.2
"access not needed (content is not useful, interesting, etc.)",Latvia,2016,55.97
other reasons,Latvia,2016,3.96
privacy or security concerns,Latvia,2016,0.95
lack of skills,Latvia,2016,28.12
"access costs are too high (telephone, etc.)",Lithuania,2016,27.4
broadband is not available in the area,Lithuania,2016,0.81
access elsewhere,Lithuania,2016,8.0
equipment costs are too high,Lithuania,2016,27.99
"access not needed (content is not useful, interesting, etc.)",Lithuania,2016,59.8
other reasons,Lithuania,2016,1.48
privacy or security concerns,Lithuania,2016,2.6
lack of skills,Lithuania,2016,43.73
"access costs are too high (telephone, etc.)",Luxembourg,2016,5.64
access elsewhere,Luxembourg,2016,19.51
"access not needed (content is not useful, interesting, etc.)",Luxembourg,2016,39.15
other reasons,Luxembourg,2016,16.69
privacy or security concerns,Luxembourg,2016,5.15
lack of skills,Luxembourg,2016,41.09
"access costs are too high (telephone, etc.)",Malta,2016,17.5
broadband is not available in the area,Malta,2016,0.9
access elsewhere,Malta,2016,6.76
equipment costs are too high,Malta,2016,13.19
"access not needed (content is not useful, interesting, etc.)",Malta,2016,56.67
other reasons,Malta,2016,9.67
privacy or security concerns,Malta,2016,4.81
lack of skills,Malta,2016,70.41
"access costs are too high (telephone, etc.)",Netherlands,2016,22.77
broadband is not available in the area,Netherlands,2016,12.95
access elsewhere,Netherlands,2016,24.86
equipment costs are too high,Netherlands,2016,26.99
"access not needed (content is not useful, interesting, etc.)",Netherlands,2016,57.78
other reasons,Netherlands,2016,23.99
privacy or security concerns,Netherlands,2016,20.17
lack of skills,Netherlands,2016,39.72
"access costs are too high (telephone, etc.)",Poland,2016,21.27
broadband is not available in the area,Poland,2016,2.33
access elsewhere,Poland,2016,3.57
equipment costs are too high,Poland,2016,28.05
"access not needed (content is not useful, interesting, etc.)",Poland,2016,70.6
other reasons,Poland,2016,19.64
privacy or security concerns,Poland,2016,3.92
lack of skills,Poland,2016,52.11
"access costs are too high (telephone, etc.)",Portugal,2016,38.42
broadband is not available in the area,Portugal,2016,4.64
access elsewhere,Portugal,2016,10.71
equipment costs are too high,Portugal,2016,38.88
"access not needed (content is not useful, interesting, etc.)",Portugal,2016,44.87
other reasons,Portugal,2016,4.18
privacy or security concerns,Portugal,2016,17.34
lack of skills,Portugal,2016,69.04
"access costs are too high (telephone, etc.)",Romania,2016,22.42
broadband is not available in the area,Romania,2016,1.37
access elsewhere,Romania,2016,7.44
equipment costs are too high,Romania,2016,32.72
"access not needed (content is not useful, interesting, etc.)",Romania,2016,38.8
other reasons,Romania,2016,8.21
privacy or security concerns,Romania,2016,1.17
lack of skills,Romania,2016,42.65
"access costs are too high (telephone, etc.)",Slovakia,2016,15.81
broadband is not available in the area,Slovakia,2016,0.37
access elsewhere,Slovakia,2016,5.08
equipment costs are too high,Slovakia,2016,10.34
"access not needed (content is not useful, interesting, etc.)",Slovakia,2016,54.17
other reasons,Slovakia,2016,9.49
privacy or security concerns,Slovakia,2016,4.88
lack of skills,Slovakia,2016,58.14
"access costs are too high (telephone, etc.)",Slovenia,2016,18.0
broadband is not available in the area,Slovenia,2016,4.1
access elsewhere,Slovenia,2016,6.59
equipment costs are too high,Slovenia,2016,18.97
"access not needed (content is not useful, interesting, etc.)",Slovenia,2016,65.44
other reasons,Slovenia,2016,13.09
privacy or security concerns,Slovenia,2016,6.1
lack of skills,Slovenia,2016,25.4
"access costs are too high (telephone, etc.)",Spain,2016,20.73
broadband is not available in the area,Spain,2016,2.27
access elsewhere,Spain,2016,10.38
equipment costs are too high,Spain,2016,25.55
"access not needed (content is not useful, interesting, etc.)",Spain,2016,67.37
other reasons,Spain,2016,14.79
privacy or security concerns,Spain,2016,3.26
lack of skills,Spain,2016,41.28
"access costs are too high (telephone, etc.)",Sweden,2016,25.02
broadband is not available in the area,Sweden,2016,7.2
access elsewhere,Sweden,2016,25.18
equipment costs are too high,Sweden,2016,29.66
"access not needed (content is not useful, interesting, etc.)",Sweden,2016,37.07
other reasons,Sweden,2016,10.53
privacy or security concerns,Sweden,2016,15.12
lack of skills,Sweden,2016,22.19
"access costs are too high (telephone, etc.)",United Kingdom,2016,11.54
access elsewhere,United Kingdom,2016,12.31
equipment costs are too high,United Kingdom,2016,15.78
"access not needed (content is not useful, interesting, etc.)",United Kingdom,2016,50.68
other reasons,United Kingdom,2016,16.51
privacy or security concerns,United Kingdom,2016,5.66
lack of skills,United Kingdom,2016,23.92
"access costs are too high (telephone, etc.)",Austria,2017,9.46
broadband is not available in the area,Austria,2017,1.05
access elsewhere,Austria,2017,12.13
equipment costs are too high,Austria,2017,9.85
"access not needed (content is not useful, interesting, etc.)",Austria,2017,80.81
other reasons,Austria,2017,4.56
privacy or security concerns,Austria,2017,9.7
lack of skills,Austria,2017,26.34
"access costs are too high (telephone, etc.)",Belgium,2017,16.34
broadband is not available in the area,Belgium,2017,0.18
access elsewhere,Belgium,2017,10.87
equipment costs are too high,Belgium,2017,20.88
"access not needed (content is not useful, interesting, etc.)",Belgium,2017,35.91
other reasons,Belgium,2017,19.55
privacy or security concerns,Belgium,2017,6.04
lack of skills,Belgium,2017,30.87
"access costs are too high (telephone, etc.)",Bulgaria,2017,22.23
broadband is not available in the area,Bulgaria,2017,0.67
access elsewhere,Bulgaria,2017,3.81
equipment costs are too high,Bulgaria,2017,27.9
"access not needed (content is not useful, interesting, etc.)",Bulgaria,2017,48.84
other reasons,Bulgaria,2017,7.0
privacy or security concerns,Bulgaria,2017,0.78
lack of skills,Bulgaria,2017,53.58
"access costs are too high (telephone, etc.)",Croatia,2017,56.17
broadband is not available in the area,Croatia,2017,7.23
access elsewhere,Croatia,2017,8.09
equipment costs are too high,Croatia,2017,52.62
"access not needed (content is not useful, interesting, etc.)",Croatia,2017,68.31
other reasons,Croatia,2017,16.06
privacy or security concerns,Croatia,2017,25.58
lack of skills,Croatia,2017,62.52
"access costs are too high (telephone, etc.)",Cyprus,2017,42.77
broadband is not available in the area,Cyprus,2017,3.99
access elsewhere,Cyprus,2017,19.06
equipment costs are too high,Cyprus,2017,41.42
"access not needed (content is not useful, interesting, etc.)",Cyprus,2017,62.23
other reasons,Cyprus,2017,9.29
privacy or security concerns,Cyprus,2017,21.13
lack of skills,Cyprus,2017,62.98
"access costs are too high (telephone, etc.)",Denmark,2017,5.84
broadband is not available in the area,Denmark,2017,1.3
access elsewhere,Denmark,2017,9.59
equipment costs are too high,Denmark,2017,4.36
"access not needed (content is not useful, interesting, etc.)",Denmark,2017,50.33
other reasons,Denmark,2017,22.4
privacy or security concerns,Denmark,2017,1.58
lack of skills,Denmark,2017,25.58
"access costs are too high (telephone, etc.)",EU-27(from 2020),2017,23.63
broadband is not available in the area,EU-27(from 2020),2017,3.85
access elsewhere,EU-27(from 2020),2017,11.2
equipment costs are too high,EU-27(from 2020),2017,26.26
"access not needed (content is not useful, interesting, etc.)",EU-27(from 2020),2017,45.82
other reasons,EU-27(from 2020),2017,12.7
privacy or security concerns,EU-27(from 2020),2017,9.27
lack of skills,EU-27(from 2020),2017,44.55
"access costs are too high (telephone, etc.)",EU-28(2013-2020),2017,23.03
broadband is not available in the area,EU-28(2013-2020),2017,3.76
access elsewhere,EU-28(2013-2020),2017,11.7
equipment costs are too high,EU-28(2013-2020),2017,25.41
"access not needed (content is not useful, interesting, etc.)",EU-28(2013-2020),2017,46.28
other reasons,EU-28(2013-2020),2017,12.45
privacy or security concerns,EU-28(2013-2020),2017,9.29
lack of skills,EU-28(2013-2020),2017,43.06
"access costs are too high (telephone, etc.)",Estonia,2017,10.29
broadband is not available in the area,Estonia,2017,2.17
access elsewhere,Estonia,2017,10.93
equipment costs are too high,Estonia,2017,15.5
"access not needed (content is not useful, interesting, etc.)",Estonia,2017,68.87
other reasons,Estonia,2017,4.82
privacy or security concerns,Estonia,2017,1.3
lack of skills,Estonia,2017,16.25
"access costs are too high (telephone, etc.)",Finland,2017,20.27
broadband is not available in the area,Finland,2017,1.65
access elsewhere,Finland,2017,27.1
equipment costs are too high,Finland,2017,28.48
"access not needed (content is not useful, interesting, etc.)",Finland,2017,64.44
other reasons,Finland,2017,31.61
privacy or security concerns,Finland,2017,25.45
lack of skills,Finland,2017,71.62
"access costs are too high (telephone, etc.)",France,2017,34.1
broadband is not available in the area,France,2017,7.66
access elsewhere,France,2017,9.76
equipment costs are too high,France,2017,35.9
"access not needed (content is not useful, interesting, etc.)",France,2017,19.48
other reasons,France,2017,26.97
privacy or security concerns,France,2017,16.54
lack of skills,France,2017,28.88
"access costs are too high (telephone, etc.)",Germany,2017,24.23
broadband is not available in the area,Germany,2017,5.37
access elsewhere,Germany,2017,19.76
equipment costs are too high,Germany,2017,24.98
"access not needed (content is not useful, interesting, etc.)",Germany,2017,59.76
other reasons,Germany,2017,6.37
privacy or security concerns,Germany,2017,22.21
lack of skills,Germany,2017,33.88
"access costs are too high (telephone, etc.)",Greece,2017,11.0
broadband is not available in the area,Greece,2017,0.87
access elsewhere,Greece,2017,8.4
equipment costs are too high,Greece,2017,17.96
"access not needed (content is not useful, interesting, etc.)",Greece,2017,23.08
other reasons,Greece,2017,6.46
privacy or security concerns,Greece,2017,1.68
lack of skills,Greece,2017,70.18
"access costs are too high (telephone, etc.)",Hungary,2017,49.37
broadband is not available in the area,Hungary,2017,4.8
access elsewhere,Hungary,2017,16.6
equipment costs are too high,Hungary,2017,55.9
"access not needed (content is not useful, interesting, etc.)",Hungary,2017,69.74
other reasons,Hungary,2017,17.09
privacy or security concerns,Hungary,2017,24.61
lack of skills,Hungary,2017,62.83
"access costs are too high (telephone, etc.)",Ireland,2017,10.17
broadband is not available in the area,Ireland,2017,6.73
access elsewhere,Ireland,2017,9.25
equipment costs are too high,Ireland,2017,12.56
"access not needed (content is not useful, interesting, etc.)",Ireland,2017,45.39
other reasons,Ireland,2017,9.03
privacy or security concerns,Ireland,2017,4.91
lack of skills,Ireland,2017,42.71
"access costs are too high (telephone, etc.)",Italy,2017,15.6
broadband is not available in the area,Italy,2017,4.34
access elsewhere,Italy,2017,13.36
equipment costs are too high,Italy,2017,14.31
"access not needed (content is not useful, interesting, etc.)",Italy,2017,24.97
other reasons,Italy,2017,4.58
privacy or security concerns,Italy,2017,3.04
lack of skills,Italy,2017,43.9
"access costs are too high (telephone, etc.)",Latvia,2017,19.58
broadband is not available in the area,Latvia,2017,1.44
access elsewhere,Latvia,2017,13.63
equipment costs are too high,Latvia,2017,29.88
"access not needed (content is not useful, interesting, etc.)",Latvia,2017,52.57
other reasons,Latvia,2017,4.62
privacy or security concerns,Latvia,2017,1.99
lack of skills,Latvia,2017,35.67
"access costs are too high (telephone, etc.)",Lithuania,2017,21.07
broadband is not available in the area,Lithuania,2017,1.03
access elsewhere,Lithuania,2017,7.36
equipment costs are too high,Lithuania,2017,23.75
"access not needed (content is not useful, interesting, etc.)",Lithuania,2017,62.22
other reasons,Lithuania,2017,2.01
privacy or security concerns,Lithuania,2017,1.5
lack of skills,Lithuania,2017,43.26
"access costs are too high (telephone, etc.)",Malta,2017,15.91
broadband is not available in the area,Malta,2017,2.69
access elsewhere,Malta,2017,5.73
equipment costs are too high,Malta,2017,10.98
"access not needed (content is not useful, interesting, etc.)",Malta,2017,62.04
other reasons,Malta,2017,12.23
privacy or security concerns,Malta,2017,11.08
lack of skills,Malta,2017,73.2
"access costs are too high (telephone, etc.)",Netherlands,2017,11.44
broadband is not available in the area,Netherlands,2017,3.13
access elsewhere,Netherlands,2017,21.33
equipment costs are too high,Netherlands,2017,20.37
"access not needed (content is not useful, interesting, etc.)",Netherlands,2017,51.17
other reasons,Netherlands,2017,16.39
privacy or security concerns,Netherlands,2017,11.86
lack of skills,Netherlands,2017,41.08
"access costs are too high (telephone, etc.)",Poland,2017,18.71
broadband is not available in the area,Poland,2017,1.84
access elsewhere,Poland,2017,2.71
equipment costs are too high,Poland,2017,26.88
"access not needed (content is not useful, interesting, etc.)",Poland,2017,67.63
other reasons,Poland,2017,18.27
privacy or security concerns,Poland,2017,3.62
lack of skills,Poland,2017,54.23
"access costs are too high (telephone, etc.)",Portugal,2017,32.99
broadband is not available in the area,Portugal,2017,4.23
access elsewhere,Portugal,2017,9.26
equipment costs are too high,Portugal,2017,34.85
"access not needed (content is not useful, interesting, etc.)",Portugal,2017,46.31
other reasons,Portugal,2017,4.72
privacy or security concerns,Portugal,2017,16.56
lack of skills,Portugal,2017,73.29
"access costs are too high (telephone, etc.)",Romania,2017,21.04
broadband is not available in the area,Romania,2017,1.58
access elsewhere,Romania,2017,8.78
equipment costs are too high,Romania,2017,28.31
"access not needed (content is not useful, interesting, etc.)",Romania,2017,36.27
other reasons,Romania,2017,11.98
privacy or security concerns,Romania,2017,1.98
lack of skills,Romania,2017,50.93
"access costs are too high (telephone, etc.)",Slovakia,2017,13.06
broadband is not available in the area,Slovakia,2017,0.52
access elsewhere,Slovakia,2017,4.62
equipment costs are too high,Slovakia,2017,7.43
"access not needed (content is not useful, interesting, etc.)",Slovakia,2017,60.09
other reasons,Slovakia,2017,8.08
privacy or security concerns,Slovakia,2017,5.49
lack of skills,Slovakia,2017,52.82
"access costs are too high (telephone, etc.)",Slovenia,2017,14.08
broadband is not available in the area,Slovenia,2017,3.95
access elsewhere,Slovenia,2017,4.43
equipment costs are too high,Slovenia,2017,10.77
"access not needed (content is not useful, interesting, etc.)",Slovenia,2017,64.76
other reasons,Slovenia,2017,20.01
privacy or security concerns,Slovenia,2017,3.01
lack of skills,Slovenia,2017,24.29
"access costs are too high (telephone, etc.)",Spain,2017,29.9
broadband is not available in the area,Spain,2017,4.18
access elsewhere,Spain,2017,13.52
equipment costs are too high,Spain,2017,30.53
"access not needed (content is not useful, interesting, etc.)",Spain,2017,67.71
other reasons,Spain,2017,15.84
privacy or security concerns,Spain,2017,7.46
lack of skills,Spain,2017,43.67
"access costs are too high (telephone, etc.)",Sweden,2017,26.7
broadband is not available in the area,Sweden,2017,4.74
access elsewhere,Sweden,2017,23.42
equipment costs are too high,Sweden,2017,26.81
"access not needed (content is not useful, interesting, etc.)",Sweden,2017,45.69
other reasons,Sweden,2017,15.59
privacy or security concerns,Sweden,2017,12.58
lack of skills,Sweden,2017,34.75
"access costs are too high (telephone, etc.)",United Kingdom,2017,13.53
broadband is not available in the area,United Kingdom,2017,2.35
access elsewhere,United Kingdom,2017,19.6
equipment costs are too high,United Kingdom,2017,11.87
"access not needed (content is not useful, interesting, etc.)",United Kingdom,2017,53.54
other reasons,United Kingdom,2017,8.57
privacy or security concerns,United Kingdom,2017,9.55
lack of skills,United Kingdom,2017,19.29
"access costs are too high (telephone, etc.)",Austria,2019,16.77
broadband is not available in the area,Austria,2019,4.39
access elsewhere,Austria,2019,23.13
equipment costs are too high,Austria,2019,16.79
"access not needed (content is not useful, interesting, etc.)",Austria,2019,69.83
other reasons,Austria,2019,5.42
privacy or security concerns,Austria,2019,14.24
lack of skills,Austria,2019,38.47
"access costs are too high (telephone, etc.)",Belgium,2019,17.5
broadband is not available in the area,Belgium,2019,0.22
access elsewhere,Belgium,2019,11.01
equipment costs are too high,Belgium,2019,22.21
"access not needed (content is not useful, interesting, etc.)",Belgium,2019,48.21
other reasons,Belgium,2019,18.93
privacy or security concerns,Belgium,2019,10.65
lack of skills,Belgium,2019,33.72
"access costs are too high (telephone, etc.)",Bulgaria,2019,24.29
broadband is not available in the area,Bulgaria,2019,0.56
access elsewhere,Bulgaria,2019,3.6
equipment costs are too high,Bulgaria,2019,18.84
"access not needed (content is not useful, interesting, etc.)",Bulgaria,2019,50.3
other reasons,Bulgaria,2019,3.1
privacy or security concerns,Bulgaria,2019,0.45
lack of skills,Bulgaria,2019,41.86
"access costs are too high (telephone, etc.)",Croatia,2019,36.58
broadband is not available in the area,Croatia,2019,2.81
access elsewhere,Croatia,2019,5.32
equipment costs are too high,Croatia,2019,35.31
"access not needed (content is not useful, interesting, etc.)",Croatia,2019,67.16
other reasons,Croatia,2019,4.57
privacy or security concerns,Croatia,2019,23.23
lack of skills,Croatia,2019,46.71
"access costs are too high (telephone, etc.)",Cyprus,2019,48.64
broadband is not available in the area,Cyprus,2019,2.51
access elsewhere,Cyprus,2019,10.89
equipment costs are too high,Cyprus,2019,53.07
"access not needed (content is not useful, interesting, etc.)",Cyprus,2019,79.87
other reasons,Cyprus,2019,0.27
privacy or security concerns,Cyprus,2019,25.02
lack of skills,Cyprus,2019,81.48
"access costs are too high (telephone, etc.)",Denmark,2019,7.38
broadband is not available in the area,Denmark,2019,1.55
access elsewhere,Denmark,2019,13.32
equipment costs are too high,Denmark,2019,7.06
"access not needed (content is not useful, interesting, etc.)",Denmark,2019,30.15
other reasons,Denmark,2019,35.69
privacy or security concerns,Denmark,2019,7.53
lack of skills,Denmark,2019,17.82
"access costs are too high (telephone, etc.)",EU-27(from 2020),2019,23.3
broadband is not available in the area,EU-27(from 2020),2019,3.41
access elsewhere,EU-27(from 2020),2019,10.52
equipment costs are too high,EU-27(from 2020),2019,24.97
"access not needed (content is not useful, interesting, etc.)",EU-27(from 2020),2019,45.44
other reasons,EU-27(from 2020),2019,12.37
privacy or security concerns,EU-27(from 2020),2019,10.7
lack of skills,EU-27(from 2020),2019,44.87
"access costs are too high (telephone, etc.)",EU-28(2013-2020),2019,24.13
broadband is not available in the area,EU-28(2013-2020),2019,3.25
access elsewhere,EU-28(2013-2020),2019,10.99
equipment costs are too high,EU-28(2013-2020),2019,25.71
"access not needed (content is not useful, interesting, etc.)",EU-28(2013-2020),2019,45.91
other reasons,EU-28(2013-2020),2019,12.86
privacy or security concerns,EU-28(2013-2020),2019,12.33
lack of skills,EU-28(2013-2020),2019,44.5
"access costs are too high (telephone, etc.)",Estonia,2019,4.99
broadband is not available in the area,Estonia,2019,2.46
access elsewhere,Estonia,2019,9.98
equipment costs are too high,Estonia,2019,9.32
"access not needed (content is not useful, interesting, etc.)",Estonia,2019,74.96
other reasons,Estonia,2019,3.75
privacy or security concerns,Estonia,2019,0.6
lack of skills,Estonia,2019,12.95
"access costs are too high (telephone, etc.)",Finland,2019,29.68
broadband is not available in the area,Finland,2019,11.01
access elsewhere,Finland,2019,23.89
equipment costs are too high,Finland,2019,44.15
"access not needed (content is not useful, interesting, etc.)",Finland,2019,62.13
other reasons,Finland,2019,24.0
privacy or security concerns,Finland,2019,37.65
lack of skills,Finland,2019,75.82
"access costs are too high (telephone, etc.)",France,2019,34.76
broadband is not available in the area,France,2019,5.99
access elsewhere,France,2019,8.77
equipment costs are too high,France,2019,40.07
"access not needed (content is not useful, interesting, etc.)",France,2019,14.22
other reasons,France,2019,25.54
privacy or security concerns,France,2019,16.89
lack of skills,France,2019,30.68
"access costs are too high (telephone, etc.)",Germany,2019,29.31
broadband is not available in the area,Germany,2019,3.57
access elsewhere,Germany,2019,15.77
equipment costs are too high,Germany,2019,30.98
"access not needed (content is not useful, interesting, etc.)",Germany,2019,58.88
other reasons,Germany,2019,6.46
privacy or security concerns,Germany,2019,24.98
lack of skills,Germany,2019,36.36
"access costs are too high (telephone, etc.)",Greece,2019,10.54
broadband is not available in the area,Greece,2019,0.63
access elsewhere,Greece,2019,9.93
equipment costs are too high,Greece,2019,14.96
"access not needed (content is not useful, interesting, etc.)",Greece,2019,22.47
other reasons,Greece,2019,7.5
privacy or security concerns,Greece,2019,3.16
lack of skills,Greece,2019,67.31
"access costs are too high (telephone, etc.)",Hungary,2019,42.61
broadband is not available in the area,Hungary,2019,6.65
access elsewhere,Hungary,2019,11.97
equipment costs are too high,Hungary,2019,47.78
"access not needed (content is not useful, interesting, etc.)",Hungary,2019,67.89
other reasons,Hungary,2019,10.87
privacy or security concerns,Hungary,2019,23.58
lack of skills,Hungary,2019,66.09
"access costs are too high (telephone, etc.)",Ireland,2019,9.84
broadband is not available in the area,Ireland,2019,6.41
access elsewhere,Ireland,2019,8.77
equipment costs are too high,Ireland,2019,8.92
"access not needed (content is not useful, interesting, etc.)",Ireland,2019,51.91
other reasons,Ireland,2019,7.68
privacy or security concerns,Ireland,2019,7.66
lack of skills,Ireland,2019,41.98
"access costs are too high (telephone, etc.)",Italy,2019,14.24
broadband is not available in the area,Italy,2019,2.69
access elsewhere,Italy,2019,14.84
equipment costs are too high,Italy,2019,11.55
"access not needed (content is not useful, interesting, etc.)",Italy,2019,25.31
other reasons,Italy,2019,4.05
privacy or security concerns,Italy,2019,2.81
lack of skills,Italy,2019,42.64
"access costs are too high (telephone, etc.)",Latvia,2019,19.12
broadband is not available in the area,Latvia,2019,1.66
access elsewhere,Latvia,2019,13.4
equipment costs are too high,Latvia,2019,24.76
"access not needed (content is not useful, interesting, etc.)",Latvia,2019,62.55
other reasons,Latvia,2019,4.12
privacy or security concerns,Latvia,2019,3.2
lack of skills,Latvia,2019,36.23
"access costs are too high (telephone, etc.)",Lithuania,2019,16.87
broadband is not available in the area,Lithuania,2019,1.3
access elsewhere,Lithuania,2019,4.72
equipment costs are too high,Lithuania,2019,17.71
"access not needed (content is not useful, interesting, etc.)",Lithuania,2019,66.31
other reasons,Lithuania,2019,1.21
privacy or security concerns,Lithuania,2019,1.94
lack of skills,Lithuania,2019,43.75
"access costs are too high (telephone, etc.)",Luxembourg,2019,11.81
broadband is not available in the area,Luxembourg,2019,1.45
access elsewhere,Luxembourg,2019,30.84
equipment costs are too high,Luxembourg,2019,10.84
"access not needed (content is not useful, interesting, etc.)",Luxembourg,2019,58.8
other reasons,Luxembourg,2019,11.57
privacy or security concerns,Luxembourg,2019,14.46
lack of skills,Luxembourg,2019,18.8
"access costs are too high (telephone, etc.)",Malta,2019,23.7
access elsewhere,Malta,2019,18.04
equipment costs are too high,Malta,2019,23.15
"access not needed (content is not useful, interesting, etc.)",Malta,2019,50.05
other reasons,Malta,2019,12.5
privacy or security concerns,Malta,2019,17.19
lack of skills,Malta,2019,72.32
"access costs are too high (telephone, etc.)",Netherlands,2019,28.12
broadband is not available in the area,Netherlands,2019,6.35
access elsewhere,Netherlands,2019,3.95
equipment costs are too high,Netherlands,2019,21.5
"access not needed (content is not useful, interesting, etc.)",Netherlands,2019,70.25
other reasons,Netherlands,2019,13.01
privacy or security concerns,Netherlands,2019,15.45
lack of skills,Netherlands,2019,43.12
"access costs are too high (telephone, etc.)",Poland,2019,14.7
broadband is not available in the area,Poland,2019,2.55
access elsewhere,Poland,2019,2.7
equipment costs are too high,Poland,2019,21.65
"access not needed (content is not useful, interesting, etc.)",Poland,2019,67.64
other reasons,Poland,2019,22.38
privacy or security concerns,Poland,2019,4.31
lack of skills,Poland,2019,52.05
"access costs are too high (telephone, etc.)",Portugal,2019,52.65
broadband is not available in the area,Portugal,2019,5.3
access elsewhere,Portugal,2019,10.54
equipment costs are too high,Portugal,2019,52.68
"access not needed (content is not useful, interesting, etc.)",Portugal,2019,49.49
other reasons,Portugal,2019,10.53
privacy or security concerns,Portugal,2019,22.22
lack of skills,Portugal,2019,71.39
"access costs are too high (telephone, etc.)",Romania,2019,18.26
broadband is not available in the area,Romania,2019,1.2
access elsewhere,Romania,2019,7.18
equipment costs are too high,Romania,2019,17.73
"access not needed (content is not useful, interesting, etc.)",Romania,2019,40.44
other reasons,Romania,2019,11.63
privacy or security concerns,Romania,2019,1.35
lack of skills,Romania,2019,51.33
"access costs are too high (telephone, etc.)",Slovakia,2019,17.16
broadband is not available in the area,Slovakia,2019,1.05
access elsewhere,Slovakia,2019,9.01
equipment costs are too high,Slovakia,2019,15.32
"access not needed (content is not useful, interesting, etc.)",Slovakia,2019,55.25
other reasons,Slovakia,2019,5.07
privacy or security concerns,Slovakia,2019,10.15
lack of skills,Slovakia,2019,58.81
"access costs are too high (telephone, etc.)",Slovenia,2019,18.83
broadband is not available in the area,Slovenia,2019,3.8
access elsewhere,Slovenia,2019,4.89
equipment costs are too high,Slovenia,2019,14.84
"access not needed (content is not useful, interesting, etc.)",Slovenia,2019,51.81
other reasons,Slovenia,2019,31.36
privacy or security concerns,Slovenia,2019,5.53
lack of skills,Slovenia,2019,25.07
"access costs are too high (telephone, etc.)",Spain,2019,26.15
broadband is not available in the area,Spain,2019,5.2
access elsewhere,Spain,2019,10.98
equipment costs are too high,Spain,2019,27.99
"access not needed (content is not useful, interesting, etc.)",Spain,2019,75.53
other reasons,Spain,2019,16.22
privacy or security concerns,Spain,2019,10.44
lack of skills,Spain,2019,51.28
"access costs are too high (telephone, etc.)",Sweden,2019,17.4
broadband is not available in the area,Sweden,2019,4.16
access elsewhere,Sweden,2019,13.1
equipment costs are too high,Sweden,2019,15.85
"access not needed (content is not useful, interesting, etc.)",Sweden,2019,42.65
other reasons,Sweden,2019,17.35
privacy or security concerns,Sweden,2019,20.24
lack of skills,Sweden,2019,25.94
"access costs are too high (telephone, etc.)",United Kingdom,2019,38.1
broadband is not available in the area,United Kingdom,2019,0.6
access elsewhere,United Kingdom,2019,18.81
equipment costs are too high,United Kingdom,2019,38.19
"access not needed (content is not useful, interesting, etc.)",United Kingdom,2019,53.89
other reasons,United Kingdom,2019,21.06
privacy or security concerns,United Kingdom,2019,39.54
lack of skills,United Kingdom,2019,38.22
